
 Low-frequency dielectric function

 Intrinsic Broadening (meV) :  0.150

 All energies in meV


                             Tensor Component : xx

    Energy                        Real(eps_lf)                    Im(eps_lf)

    0.000000                  5.414084952700E+00             0.000000000000E+00
    0.500000                  5.414099435248E+00             8.689630299369E-06
    1.000000                  5.414142884389E+00             1.738016037670E-05
    1.500000                  5.414215304623E+00             2.607249024287E-05
    2.000000                  5.414316703451E+00             3.476752037478E-05
    2.500000                  5.414447091374E+00             4.346615194854E-05
    3.000000                  5.414606481900E+00             5.216928707320E-05
    3.500000                  5.414794891547E+00             6.087782902478E-05
    4.000000                  5.415012339844E+00             6.959268248130E-05
    4.500000                  5.415258849340E+00             7.831475376062E-05
    5.000000                  5.415534445606E+00             8.704495112918E-05
    5.500000                  5.415839157246E+00             9.578418463219E-05
    6.000000                  5.416173015901E+00             1.045333671465E-04
    6.500000                  5.416536056259E+00             1.132934138537E-04
    7.000000                  5.416928316062E+00             1.220652428024E-04
    7.500000                  5.417349836118E+00             1.308497751205E-04
    8.000000                  5.417800660312E+00             1.396479352497E-04
    8.500000                  5.418280835615E+00             1.484606511893E-04
    9.000000                  5.418790412097E+00             1.572888547428E-04
    9.500000                  5.419329442943E+00             1.661334817666E-04
   10.000000                  5.419897984462E+00             1.749954724203E-04
   10.500000                  5.420496096107E+00             1.838757714192E-04
   11.000000                  5.421123840484E+00             1.927753282897E-04
   11.500000                  5.421781283377E+00             2.016950976256E-04
   12.000000                  5.422468493759E+00             2.106360393487E-04
   12.500000                  5.423185543810E+00             2.195991189707E-04
   13.000000                  5.423932508940E+00             2.285853078583E-04
   13.500000                  5.424709467807E+00             2.375955835017E-04
   14.000000                  5.425516502338E+00             2.466309297850E-04
   14.500000                  5.426353697750E+00             2.556923372611E-04
   15.000000                  5.427221142573E+00             2.647808034289E-04
   15.500000                  5.428118928675E+00             2.738973330147E-04
   16.000000                  5.429047151284E+00             2.830429382568E-04
   16.500000                  5.430005909017E+00             2.922186391939E-04
   17.000000                  5.430995303902E+00             3.014254639579E-04
   17.500000                  5.432015441411E+00             3.106644490703E-04
   18.000000                  5.433066430483E+00             3.199366397431E-04
   18.500000                  5.434148383556E+00             3.292430901840E-04
   19.000000                  5.435261416600E+00             3.385848639064E-04
   19.500000                  5.436405649143E+00             3.479630340443E-04
   20.000000                  5.437581204308E+00             3.573786836715E-04
   20.500000                  5.438788208844E+00             3.668329061268E-04
   21.000000                  5.440026793165E+00             3.763268053439E-04
   21.500000                  5.441297091378E+00             3.858614961873E-04
   22.000000                  5.442599241330E+00             3.954381047935E-04
   22.500000                  5.443933384638E+00             4.050577689182E-04
   23.000000                  5.445299666732E+00             4.147216382901E-04
   23.500000                  5.446698236894E+00             4.244308749703E-04
   24.000000                  5.448129248302E+00             4.341866537188E-04
   24.500000                  5.449592858072E+00             4.439901623678E-04
   25.000000                  5.451089227299E+00             4.538426022014E-04
   25.500000                  5.452618521108E+00             4.637451883433E-04
   26.000000                  5.454180908696E+00             4.736991501517E-04
   26.500000                  5.455776563384E+00             4.837057316215E-04
   27.000000                  5.457405662662E+00             4.937661917952E-04
   27.500000                  5.459068388246E+00             5.038818051818E-04
   28.000000                  5.460764926122E+00             5.140538621839E-04
   28.500000                  5.462495466610E+00             5.242836695340E-04
   29.000000                  5.464260204408E+00             5.345725507397E-04
   29.500000                  5.466059338658E+00             5.449218465381E-04
   30.000000                  5.467893072999E+00             5.553329153608E-04
   30.500000                  5.469761615629E+00             5.658071338071E-04
   31.000000                  5.471665179364E+00             5.763458971295E-04
   31.500000                  5.473603981705E+00             5.869506197286E-04
   32.000000                  5.475578244898E+00             5.976227356592E-04
   32.500000                  5.477588196003E+00             6.083636991480E-04
   33.000000                  5.479634066962E+00             6.191749851230E-04
   33.500000                  5.481716094671E+00             6.300580897545E-04
   34.000000                  5.483834521044E+00             6.410145310088E-04
   34.500000                  5.485989593097E+00             6.520458492155E-04
   35.000000                  5.488181563016E+00             6.631536076465E-04
   35.500000                  5.490410688238E+00             6.743393931100E-04
   36.000000                  5.492677231528E+00             6.856048165582E-04
   36.500000                  5.494981461063E+00             6.969515137096E-04
   37.000000                  5.497323650514E+00             7.083811456858E-04
   37.500000                  5.499704079133E+00             7.198953996648E-04
   38.000000                  5.502123031839E+00             7.314959895497E-04
   38.500000                  5.504580799310E+00             7.431846566537E-04
   39.000000                  5.507077678075E+00             7.549631704027E-04
   39.500000                  5.509613970610E+00             7.668333290553E-04
   40.000000                  5.512189985431E+00             7.787969604408E-04
   40.500000                  5.514806037201E+00             7.908559227160E-04
   41.000000                  5.517462446826E+00             8.030121051416E-04
   41.500000                  5.520159541563E+00             8.152674288781E-04
   42.000000                  5.522897655126E+00             8.276238478029E-04
   42.500000                  5.525677127799E+00             8.400833493483E-04
   43.000000                  5.528498306548E+00             8.526479553613E-04
   43.500000                  5.531361545136E+00             8.653197229868E-04
   44.000000                  5.534267204243E+00             8.781007455736E-04
   44.500000                  5.537215651589E+00             8.909931536046E-04
   45.000000                  5.540207262058E+00             9.039991156528E-04
   45.500000                  5.543242417829E+00             9.171208393619E-04
   46.000000                  5.546321508505E+00             9.303605724545E-04
   46.500000                  5.549444931248E+00             9.437206037678E-04
   47.000000                  5.552613090923E+00             9.572032643171E-04
   47.500000                  5.555826400233E+00             9.708109283897E-04
   48.000000                  5.559085279872E+00             9.845460146681E-04
   48.500000                  5.562390158669E+00             9.984109873857E-04
   49.000000                  5.565741473747E+00             1.012408357514E-03
   49.500000                  5.569139670677E+00             1.026540683986E-03
   50.000000                  5.572585203641E+00             1.040810574947E-03
   50.500000                  5.576078535599E+00             1.055220689052E-03
   51.000000                  5.579620138460E+00             1.069773736794E-03
   51.500000                  5.583210493255E+00             1.084472481866E-03
   52.000000                  5.586850090317E+00             1.099319742577E-03
   52.500000                  5.590539429469E+00             1.114318393291E-03
   53.000000                  5.594279020207E+00             1.129471365924E-03
   53.500000                  5.598069381901E+00             1.144781651477E-03
   54.000000                  5.601911043990E+00             1.160252301613E-03
   54.500000                  5.605804546189E+00             1.175886430290E-03
   55.000000                  5.609750438698E+00             1.191687215432E-03
   55.500000                  5.613749282419E+00             1.207657900658E-03
   56.000000                  5.617801649179E+00             1.223801797059E-03
   56.500000                  5.621908121957E+00             1.240122285033E-03
   57.000000                  5.626069295115E+00             1.256622816171E-03
   57.500000                  5.630285774645E+00             1.273306915205E-03
   58.000000                  5.634558178409E+00             1.290178182018E-03
   58.500000                  5.638887136401E+00             1.307240293707E-03
   59.000000                  5.643273291000E+00             1.324497006721E-03
   59.500000                  5.647717297242E+00             1.341952159062E-03
   60.000000                  5.652219823096E+00             1.359609672554E-03
   60.500000                  5.656781549746E+00             1.377473555181E-03
   61.000000                  5.661403171883E+00             1.395547903513E-03
   61.500000                  5.666085398004E+00             1.413836905189E-03
   62.000000                  5.670828950719E+00             1.432344841498E-03
   62.500000                  5.675634567070E+00             1.451076090033E-03
   63.000000                  5.680502998855E+00             1.470035127437E-03
   63.500000                  5.685435012960E+00             1.489226532231E-03
   64.000000                  5.690431391710E+00             1.508654987747E-03
   64.500000                  5.695492933217E+00             1.528325285143E-03
   65.000000                  5.700620451749E+00             1.548242326531E-03
   65.500000                  5.705814778103E+00             1.568411128200E-03
   66.000000                  5.711076759990E+00             1.588836823953E-03
   66.500000                  5.716407262435E+00             1.609524668552E-03
   67.000000                  5.721807168187E+00             1.630480041281E-03
   67.500000                  5.727277378136E+00             1.651708449634E-03
   68.000000                  5.732818811748E+00             1.673215533119E-03
   68.500000                  5.738432407515E+00             1.695007067205E-03
   69.000000                  5.744119123411E+00             1.717088967398E-03
   69.500000                  5.749879937366E+00             1.739467293457E-03
   70.000000                  5.755715847759E+00             1.762148253761E-03
   70.500000                  5.761627873912E+00             1.785138209830E-03
   71.000000                  5.767617056618E+00             1.808443681002E-03
   71.500000                  5.773684458667E+00             1.832071349275E-03
   72.000000                  5.779831165402E+00             1.856028064328E-03
   72.500000                  5.786058285283E+00             1.880320848713E-03
   73.000000                  5.792366950474E+00             1.904956903238E-03
   73.500000                  5.798758317446E+00             1.929943612549E-03
   74.000000                  5.805233567600E+00             1.955288550908E-03
   74.500000                  5.811793907907E+00             1.980999488186E-03
   75.000000                  5.818440571572E+00             2.007084396076E-03
   75.500000                  5.825174818717E+00             2.033551454533E-03
   76.000000                  5.831997937087E+00             2.060409058461E-03
   76.500000                  5.838911242775E+00             2.087665824639E-03
   77.000000                  5.845916080979E+00             2.115330598918E-03
   77.500000                  5.853013826771E+00             2.143412463680E-03
   78.000000                  5.860205885903E+00             2.171920745591E-03
   78.500000                  5.867493695634E+00             2.200865023639E-03
   79.000000                  5.874878725585E+00             2.230255137491E-03
   79.500000                  5.882362478619E+00             2.260101196165E-03
   80.000000                  5.889946491757E+00             2.290413587044E-03
   80.500000                  5.897632337123E+00             2.321202985239E-03
   81.000000                  5.905421622913E+00             2.352480363325E-03
   81.500000                  5.913315994409E+00             2.384257001451E-03
   82.000000                  5.921317135020E+00             2.416544497867E-03
   82.500000                  5.929426767358E+00             2.449354779856E-03
   83.000000                  5.937646654359E+00             2.482700115120E-03
   83.500000                  5.945978600430E+00             2.516593123614E-03
   84.000000                  5.954424452651E+00             2.551046789872E-03
   84.500000                  5.962986102004E+00             2.586074475828E-03
   85.000000                  5.971665484660E+00             2.621689934174E-03
   85.500000                  5.980464583300E+00             2.657907322259E-03
   86.000000                  5.989385428490E+00             2.694741216582E-03
   86.500000                  5.998430100101E+00             2.732206627879E-03
   87.000000                  6.007600728786E+00             2.770319016856E-03
   87.500000                  6.016899497500E+00             2.809094310580E-03
   88.000000                  6.026328643094E+00             2.848548919578E-03
   88.500000                  6.035890457943E+00             2.888699755664E-03
   89.000000                  6.045587291658E+00             2.929564250543E-03
   89.500000                  6.055421552845E+00             2.971160375214E-03
   90.000000                  6.065395710940E+00             3.013506660232E-03
   90.500000                  6.075512298105E+00             3.056622216854E-03
   91.000000                  6.085773911205E+00             3.100526759129E-03
   91.500000                  6.096183213849E+00             3.145240626968E-03
   92.000000                  6.106742938524E+00             3.190784810247E-03
   92.500000                  6.117455888795E+00             3.237180974007E-03
   93.000000                  6.128324941604E+00             3.284451484792E-03
   93.500000                  6.139353049655E+00             3.332619438197E-03
   94.000000                  6.150543243886E+00             3.381708687680E-03
   94.500000                  6.161898636049E+00             3.431743874712E-03
   95.000000                  6.173422421389E+00             3.482750460341E-03
   95.500000                  6.185117881429E+00             3.534754758223E-03
   96.000000                  6.196988386869E+00             3.587783969234E-03
   96.500000                  6.209037400605E+00             3.641866217719E-03
   97.000000                  6.221268480867E+00             3.697030589480E-03
   97.500000                  6.233685284492E+00             3.753307171604E-03
   98.000000                  6.246291570328E+00             3.810727094223E-03
   98.500000                  6.259091202788E+00             3.869322574320E-03
   99.000000                  6.272088155541E+00             3.929126961696E-03
   99.500000                  6.285286515375E+00             3.990174787216E-03
  100.000000                  6.298690486213E+00             4.052501813474E-03
  100.500000                  6.312304393307E+00             4.116145088006E-03
  101.000000                  6.326132687614E+00             4.181142999203E-03
  101.500000                  6.340179950363E+00             4.247535335084E-03
  102.000000                  6.354450897823E+00             4.315363345095E-03
  102.500000                  6.368950386275E+00             4.384669805109E-03
  103.000000                  6.383683417224E+00             4.455499085830E-03
  103.500000                  6.398655142823E+00             4.527897224793E-03
  104.000000                  6.413870871560E+00             4.601912002188E-03
  104.500000                  6.429336074197E+00             4.677593020728E-03
  105.000000                  6.445056389983E+00             4.754991789834E-03
  105.500000                  6.461037633158E+00             4.834161814376E-03
  106.000000                  6.477285799755E+00             4.915158688277E-03
  106.500000                  6.493807074729E+00             4.998040193278E-03
  107.000000                  6.510607839421E+00             5.082866403186E-03
  107.500000                  6.527694679377E+00             5.169699793970E-03
  108.000000                  6.545074392551E+00             5.258605360071E-03
  108.500000                  6.562753997898E+00             5.349650737334E-03
  109.000000                  6.580740744395E+00             5.442906332998E-03
  109.500000                  6.599042120504E+00             5.538445463209E-03
  110.000000                  6.617665864109E+00             5.636344498555E-03
  110.500000                  6.636619972951E+00             5.736683018173E-03
  111.000000                  6.655912715588E+00             5.839543972996E-03
  111.500000                  6.675552642925E+00             5.945013858774E-03
  112.000000                  6.695548600328E+00             6.053182899536E-03
  112.500000                  6.715909740371E+00             6.164145242237E-03
  113.000000                  6.736645536253E+00             6.277999163349E-03
  113.500000                  6.757765795927E+00             6.394847288262E-03
  114.000000                  6.779280676974E+00             6.514796824408E-03
  114.500000                  6.801200702286E+00             6.637959809085E-03
  115.000000                  6.823536776600E+00             6.764453373069E-03
  115.500000                  6.846300203938E+00             6.894400021156E-03
  116.000000                  6.869502706006E+00             7.027927930904E-03
  116.500000                  6.893156441633E+00             7.165171270922E-03
  117.000000                  6.917274027292E+00             7.306270540196E-03
  117.500000                  6.941868558800E+00             7.451372930042E-03
  118.000000                  6.966953634259E+00             7.600632710441E-03
  118.500000                  6.992543378328E+00             7.754211642638E-03
  119.000000                  7.018652467919E+00             7.912279420078E-03
  119.500000                  7.045296159410E+00             8.075014139914E-03
  120.000000                  7.072490317486E+00             8.242602807545E-03
  120.500000                  7.100251445720E+00             8.415241876837E-03
  121.000000                  7.128596719018E+00             8.593137828971E-03
  121.500000                  7.157544018059E+00             8.776507793071E-03
  122.000000                  7.187111965882E+00             8.965580212121E-03
  122.500000                  7.217319966771E+00             9.160595557977E-03
  123.000000                  7.248188247610E+00             9.361807099659E-03
  123.500000                  7.279737901897E+00             9.569481729498E-03
  124.000000                  7.311990936607E+00             9.783900852191E-03
  124.500000                  7.344970322141E+00             1.000536134228E-02
  125.000000                  7.378700045578E+00             1.023417657614E-02
  125.500000                  7.413205167508E+00             1.047067754520E-02
  126.000000                  7.448511882715E+00             1.071521405779E-02
  126.500000                  7.484647585027E+00             1.096815603768E-02
  127.000000                  7.521640936665E+00             1.122989492846E-02
  127.500000                  7.559521942466E+00             1.150084521361E-02
  128.000000                  7.598322029373E+00             1.178144606332E-02
  128.500000                  7.638074131651E+00             1.207216312033E-02
  129.000000                  7.678812782294E+00             1.237349043828E-02
  129.500000                  7.720574211175E+00             1.268595258770E-02
  130.000000                  7.763396450511E+00             1.301010694640E-02
  130.500000                  7.807319448297E+00             1.334654619296E-02
  131.000000                  7.852385190415E+00             1.369590102411E-02
  131.500000                  7.898637832205E+00             1.405884311940E-02
  132.000000                  7.946123840362E+00             1.443608837902E-02
  132.500000                  7.994892146118E+00             1.482840046408E-02
  133.000000                  8.044994310769E+00             1.523659467212E-02
  133.500000                  8.096484704732E+00             1.566154218431E-02
  134.000000                  8.149420701423E+00             1.610417472611E-02
  134.500000                  8.203862887422E+00             1.656548968760E-02
  135.000000                  8.259875290542E+00             1.704655575630E-02
  135.500000                  8.317525627597E+00             1.754851912194E-02
  136.000000                  8.376885573895E+00             1.807261032032E-02
  136.500000                  8.438031056705E+00             1.862015179287E-02
  137.000000                  8.501042575225E+00             1.919256624856E-02
  137.500000                  8.566005549883E+00             1.979138592711E-02
  138.000000                  8.633010704166E+00             2.041826287612E-02
  138.500000                  8.702154482549E+00             2.107498037109E-02
  139.000000                  8.773539508594E+00             2.176346562587E-02
  139.500000                  8.847275087770E+00             2.248580396290E-02
  140.000000                  8.923477760191E+00             2.324425463809E-02
  140.500000                  9.002271909149E+00             2.404126854481E-02
  141.000000                  9.083790432112E+00             2.487950805652E-02
  141.500000                  9.168175481809E+00             2.576186930829E-02
  142.000000                  9.255579286093E+00             2.669150726606E-02
  142.500000                  9.346165056524E+00             2.767186398946E-02
  143.000000                  9.440107997080E+00             2.870670056171E-02
  143.500000                  9.537596426114E+00             2.980013324055E-02
  144.000000                  9.638833026654E+00             3.095667448037E-02
  144.500000                  9.744036242542E+00             3.218127959015E-02
  145.000000                  9.853441840611E+00             3.347939992991E-02
  145.500000                  9.967304662432E+00             3.485704371414E-02
  146.000000                  1.008590059300E+01             3.632084569130E-02
  146.500000                  1.020952877841E+01             3.787814721161E-02
  147.000000                  1.033851412992E+01             3.953708849160E-02
  147.500000                  1.047321015874E+01             4.130671524595E-02
  148.000000                  1.061400219336E+01             4.319710230136E-02
  148.500000                  1.076131104127E+01             4.521949735521E-02
  149.000000                  1.091559716818E+01             4.738648872013E-02
  149.500000                  1.107736548232E+01             4.971220173940E-02
  150.000000                  1.124717082827E+01             5.221252961356E-02
  150.500000                  1.142562431654E+01             5.490540570454E-02
  151.000000                  1.161340064074E+01             5.781112605870E-02
  151.500000                  1.181124656712E+01             6.095273301915E-02
  152.000000                  1.201999082152E+01             6.435647351765E-02
  152.500000                  1.224055564973E+01             6.805234913500E-02
  153.000000                  1.247397039112E+01             7.207477954711E-02
  153.500000                  1.272138748689E+01             7.646340687574E-02
  154.000000                  1.298410144812E+01             8.126407621114E-02
  154.500000                  1.326357144208E+01             8.653003782358E-02
  155.000000                  1.356144832868E+01             9.232343025072E-02
  155.500000                  1.387960720438E+01             9.871712183641E-02
  156.000000                  1.422018680848E+01             1.057970132582E-01
  156.500000                  1.458563754109E+01             1.136649377980E-01
  157.000000                  1.497878037132E+01             1.224423434983E-01
  157.500000                  1.540287962971E+01             1.322750077113E-01
  158.000000                  1.586173365843E+01             1.433391285855E-01
  158.500000                  1.635978864724E+01             1.558492730002E-01
  159.000000                  1.690228288067E+01             1.700688568193E-01
  159.500000                  1.749543131455E+01             1.863241232809E-01
  160.000000                  1.814666427648E+01             2.050230203692E-01
  160.500000                  1.886493975328E+01             2.266810421541E-01
  161.000000                  1.966115715760E+01             2.519571324194E-01
  161.500000                  2.054871323686E+01             2.817043903503E-01
  162.000000                  2.154426053286E+01             3.170429857487E-01
  162.500000                  2.266876002514E+01             3.594671376283E-01
  163.000000                  2.394897021903E+01             4.110056320803E-01
  163.500000                  2.541959935265E+01             4.744688379821E-01
  164.000000                  2.712649263878E+01             5.538398881696E-01
  164.500000                  2.913148542969E+01             6.549148352075E-01
  165.000000                  3.152003418622E+01             7.863907770071E-01
  165.500000                  3.441367365607E+01             9.617994688131E-01
  166.000000                  3.799127573336E+01             1.203129527064E+00
  166.500000                  4.252731991742E+01             1.548058458825E+00
  167.000000                  4.846545963119E+01             2.065574188848E+00
  167.500000                  5.657211623667E+01             2.893262032450E+00
  168.000000                  6.829355268281E+01             4.338809969579E+00
  168.500000                  8.671667898523E+01             7.211588042722E+00
  169.000000                  1.197633575709E+02             1.424673911405E+01
  169.500000                  1.949931635142E+02             3.991456670003E+01
  170.000000                  4.494615125795E+02             3.076122118169E+02
  170.500000                 -3.900590057836E+02             2.091087803219E+02
  171.000000                 -1.718680620250E+02             3.372919967170E+01
  171.500000                 -1.057021727542E+02             1.284539347997E+01
  172.000000                 -7.541054157375E+01             6.694053961102E+00
  172.500000                 -5.815531028454E+01             4.093967039088E+00
  173.000000                 -4.703277188761E+01             2.758788460756E+00
  173.500000                 -3.927292893472E+01             1.983979200328E+00
  174.000000                 -3.355325840098E+01             1.494893164709E+00
  174.500000                 -2.916359075646E+01             1.166586502537E+00
  175.000000                 -2.568879538189E+01             9.356155815930E-01
  175.500000                 -2.287009648772E+01             7.669952230293E-01
  176.000000                 -2.053784277684E+01             6.401517667000E-01
  176.500000                 -1.857620083721E+01             5.423456299076E-01
  177.000000                 -1.690339252568E+01             4.653467861137E-01
  177.500000                 -1.546004150152E+01             4.036467305730E-01
  178.000000                 -1.420199681681E+01             3.534459581571E-01
  178.500000                 -1.309574828199E+01             3.120551092284E-01
  179.000000                 -1.211540388514E+01             2.775273479859E-01
  179.500000                 -1.124064186860E+01             2.484252974559E-01
  180.000000                 -1.045528957925E+01             2.236690566222E-01
  180.500000                 -9.746316203014E+00             2.024345959335E-01
  181.000000                 -9.103105294010E+00             1.840843135060E-01
  181.500000                 -8.516920452103E+00             1.681186236474E-01
  182.000000                 -7.980506864458E+00             1.541416009417E-01
  182.500000                 -7.487790051083E+00             1.418362026263E-01
  183.000000                 -7.033645233871E+00             1.309461347661E-01
  183.500000                 -6.613718742097E+00             1.212624016944E-01
  184.000000                 -6.224288254763E+00             1.126132058002E-01
  184.500000                 -5.862152372496E+00             1.048562768154E-01
  185.000000                 -5.524542581452E+00             9.787298499339E-02
  185.500000                 -5.209052485603E+00             9.156377935268E-02
  186.000000                 -4.913580481113E+00             8.584462077443E-02
  186.500000                 -4.636282985629E+00             8.064416951126E-02
  187.000000                 -4.375536022876E+00             7.590155011849E-02
  187.500000                 -4.129903471638E+00             7.156456219624E-02
  188.000000                 -3.898110668285E+00             6.758823814090E-02
  188.500000                 -3.679022338579E+00             6.393367307254E-02
  189.000000                 -3.471624052519E+00             6.056706978178E-02
  189.500000                 -3.275006563081E+00             5.745895469658E-02
  190.000000                 -3.088352518903E+00             5.458353074523E-02
  190.500000                 -2.910925141465E+00             5.191814046464E-02
  191.000000                 -2.742058536068E+00             4.944281840091E-02
  191.500000                 -2.581149368059E+00             4.713991622515E-02
  192.000000                 -2.427649685019E+00             4.499378737095E-02
  192.500000                 -2.281060704995E+00             4.299052063295E-02
  193.000000                 -2.140927422416E+00             4.111771422835E-02
  193.500000                 -2.006833908830E+00             3.936428344702E-02
  194.000000                 -1.878399206223E+00             3.772029630241E-02
  194.500000                 -1.755273727567E+00             3.617683262006E-02
  195.000000                 -1.637136092954E+00             3.472586282015E-02
  195.500000                 -1.523690341056E+00             3.336014331012E-02
  196.000000                 -1.414663464967E+00             3.207312593631E-02
  196.500000                 -1.309803229241E+00             3.085887937586E-02
  197.000000                 -1.208876231393E+00             2.971202070287E-02
  197.500000                 -1.111666176509E+00             2.862765565102E-02
  198.000000                 -1.017972338124E+00             2.760132633253E-02
  198.500000                 -9.276081823217E-01             2.662896536812E-02
  199.000000                 -8.404001352115E-01             2.570685554527E-02
  199.500000                 -7.561864766598E-01             2.483159425614E-02
  200.000000                 -6.748163454261E-01             2.400006207873E-02
  200.500000                 -5.961488428427E-01             2.320939495871E-02
  201.000000                 -5.200522238308E-01             2.245695952788E-02
  201.500000                 -4.464031654841E-01             2.174033116151E-02
  202.000000                 -3.750861046809E-01             2.105727443266E-02
  202.500000                 -3.059926372399E-01             2.040572566880E-02
  203.000000                 -2.390209720536E-01             1.978377735625E-02
  203.500000                 -1.740754344146E-01             1.918966417208E-02
  204.000000                 -1.110660134437E-01             1.862175045218E-02
  204.500000                 -4.990794911398E-02             1.807851892926E-02
  205.000000                  9.478645109525E-03             1.755856059579E-02
  205.500000                  6.716912754959E-02             1.706056556518E-02
  206.000000                  1.232346446516E-01             1.658331482056E-02
  206.500000                  1.777424211663E-01             1.612567275393E-02
  207.000000                  2.307560266677E-01             1.568658041023E-02
  207.500000                  2.823356206283E-01             1.526504936139E-02
  208.000000                  3.325381780371E-01             1.486015614400E-02
  208.500000                  3.814176973388E-01             1.447103720215E-02
  209.000000                  4.290253922911E-01             1.409688428363E-02
  209.500000                  4.754098691698E-01             1.373694024370E-02
  210.000000                  5.206172906136E-01             1.339049521566E-02
  210.500000                  5.646915272679E-01             1.305688311205E-02
  211.000000                  6.076742982739E-01             1.273547842422E-02
  211.500000                  6.496053015504E-01             1.242569329162E-02
  212.000000                  6.905223347217E-01             1.212697481501E-02
  212.500000                  7.304614074663E-01             1.183880259083E-02
  213.000000                  7.694568459885E-01             1.156068644603E-02
  213.500000                  8.075413902495E-01             1.129216435495E-02
  214.000000                  8.447462845365E-01             1.103280052189E-02
  214.500000                  8.811013618968E-01             1.078218361422E-02
  215.000000                  9.166351229161E-01             1.053992513289E-02
  215.500000                  9.513748092780E-01             1.030565790813E-02
  216.000000                  9.853464725039E-01             1.007903470955E-02
  216.500000                  1.018575038238E+00             9.859726960748E-03
  217.000000                  1.051084366408E+00             9.647423549561E-03
  217.500000                  1.082897307573E+00             9.441829725932E-03
  218.000000                  1.114035755730E+00             9.242666080058E-03
  218.500000                  1.144520697844E+00             9.049667594231E-03
  219.000000                  1.174372260324E+00             8.862582762348E-03
  219.500000                  1.203609752682E+00             8.681172771641E-03
  220.000000                  1.232251708550E+00             8.505210741630E-03
  220.500000                  1.260315924257E+00             8.334481015792E-03
  221.000000                  1.287819495125E+00             8.168778501802E-03
  221.500000                  1.314778849640E+00             8.007908056577E-03
  222.000000                  1.341209781647E+00             7.851683912687E-03
  222.500000                  1.367127480696E+00             7.699929142978E-03
  223.000000                  1.392546560663E+00             7.552475160514E-03
  223.500000                  1.417481086758E+00             7.409161251230E-03
  224.000000                  1.441944601032E+00             7.269834136834E-03
  224.500000                  1.465950146468E+00             7.134347565780E-03
  225.000000                  1.489510289756E+00             7.002561930236E-03
  225.500000                  1.512637142834E+00             6.874343907203E-03
  226.000000                  1.535342383267E+00             6.749566122040E-03
  226.500000                  1.557637273540E+00             6.628106832830E-03
  227.000000                  1.579532679335E+00             6.509849634101E-03
  227.500000                  1.601039086848E+00             6.394683178582E-03
  228.000000                  1.622166619207E+00             6.282500915731E-03
  228.500000                  1.642925052047E+00             6.173200845902E-03
  229.000000                  1.663323828289E+00             6.066685289081E-03
  229.500000                  1.683372072168E+00             5.962860667223E-03
  230.000000                  1.703078602565E+00             5.861637299274E-03
  230.500000                  1.722451945666E+00             5.762929208044E-03
  231.000000                  1.741500347005E+00             5.666653938162E-03
  231.500000                  1.760231782909E+00             5.572732384370E-03
  232.000000                  1.778653971396E+00             5.481088629522E-03
  232.500000                  1.796774382539E+00             5.391649791638E-03
  233.000000                  1.814600248343E+00             5.304345879451E-03
  233.500000                  1.832138572152E+00             5.219109655917E-03
  234.000000                  1.849396137604E+00             5.135876509181E-03
  234.500000                  1.866379517186E+00             5.054584330542E-03
  235.000000                  1.883095080375E+00             4.975173398984E-03
  235.500000                  1.899549001415E+00             4.897586271876E-03
  236.000000                  1.915747266740E+00             4.821767681464E-03
  236.500000                  1.931695682053E+00             4.747664436808E-03
  237.000000                  1.947399879096E+00             4.675225330836E-03
  237.500000                  1.962865322113E+00             4.604401052222E-03
  238.000000                  1.978097314026E+00             4.535144101789E-03
  238.500000                  1.993101002346E+00             4.467408713187E-03
  239.000000                  2.007881384818E+00             4.401150777590E-03
  239.500000                  2.022443314827E+00             4.336327772183E-03
  240.000000                  2.036791506573E+00             4.272898692226E-03
  240.500000                  2.050930540018E+00             4.210823986482E-03
  241.000000                  2.064864865628E+00             4.150065495836E-03
  241.500000                  2.078598808919E+00             4.090586394908E-03
  242.000000                  2.092136574806E+00             4.032351136511E-03
  242.500000                  2.105482251773E+00             3.975325398782E-03
  243.000000                  2.118639815876E+00             3.919476034851E-03
  243.500000                  2.131613134579E+00             3.864771024903E-03
  244.000000                  2.144405970431E+00             3.811179430509E-03
  244.500000                  2.157021984597E+00             3.758671351101E-03
  245.000000                  2.169464740253E+00             3.707217882471E-03
  245.500000                  2.181737705834E+00             3.656791077205E-03
  246.000000                  2.193844258165E+00             3.607363906925E-03
  246.500000                  2.205787685458E+00             3.558910226270E-03
  247.000000                  2.217571190204E+00             3.511404738502E-03
  247.500000                  2.229197891942E+00             3.464822962675E-03
  248.000000                  2.240670829928E+00             3.419141202267E-03
  248.500000                  2.251992965695E+00             3.374336515219E-03
  249.000000                  2.263167185527E+00             3.330386685294E-03
  249.500000                  2.274196302825E+00             3.287270194698E-03
  250.000000                  2.285083060395E+00             3.244966197902E-03
  250.500000                  2.295830132646E+00             3.203454496595E-03
  251.000000                  2.306440127707E+00             3.162715515725E-03
  251.500000                  2.316915589465E+00             3.122730280567E-03
  252.000000                  2.327258999532E+00             3.083480394765E-03
  252.500000                  2.337472779133E+00             3.044948019310E-03
  253.000000                  2.347559290933E+00             3.007115852407E-03
  253.500000                  2.357520840797E+00             2.969967110171E-03
  254.000000                  2.367359679480E+00             2.933485508150E-03
  254.500000                  2.377078004267E+00             2.897655243588E-03
  255.000000                  2.386677960546E+00             2.862460978440E-03
  255.500000                  2.396161643333E+00             2.827887823066E-03
  256.000000                  2.405531098738E+00             2.793921320597E-03
  256.500000                  2.414788325385E+00             2.760547431932E-03
  257.000000                  2.423935275776E+00             2.727752521335E-03
  257.500000                  2.432973857618E+00             2.695523342611E-03
  258.000000                  2.441905935092E+00             2.663847025832E-03
  258.500000                  2.450733330095E+00             2.632711064583E-03
  259.000000                  2.459457823420E+00             2.602103303718E-03
  259.500000                  2.468081155918E+00             2.572011927587E-03
  260.000000                  2.476605029604E+00             2.542425448720E-03
  260.500000                  2.485031108733E+00             2.513332696958E-03
  261.000000                  2.493361020844E+00             2.484722808991E-03
  261.500000                  2.501596357760E+00             2.456585218301E-03
  262.000000                  2.509738676567E+00             2.428909645489E-03
  262.500000                  2.517789500552E+00             2.401686088966E-03
  263.000000                  2.525750320115E+00             2.374904815989E-03
  263.500000                  2.533622593650E+00             2.348556354046E-03
  264.000000                  2.541407748400E+00             2.322631482546E-03
  264.500000                  2.549107181280E+00             2.297121224826E-03
  265.000000                  2.556722259682E+00             2.272016840453E-03
  265.500000                  2.564254322245E+00             2.247309817803E-03
  266.000000                  2.571704679610E+00             2.222991866910E-03
  266.500000                  2.579074615143E+00             2.199054912582E-03
  267.000000                  2.586365385645E+00             2.175491087759E-03
  267.500000                  2.593578222029E+00             2.152292727108E-03
  268.000000                  2.600714329988E+00             2.129452360852E-03
  268.500000                  2.607774890631E+00             2.106962708813E-03
  269.000000                  2.614761061111E+00             2.084816674674E-03
  269.500000                  2.621673975224E+00             2.063007340427E-03
  270.000000                  2.628514743997E+00             2.041527961036E-03
  270.500000                  2.635284456255E+00             2.020371959265E-03
  271.000000                  2.641984179172E+00             1.999532920703E-03
  271.500000                  2.648614958806E+00             1.979004588948E-03
  272.000000                  2.655177820618E+00             1.958780860963E-03
  272.500000                  2.661673769974E+00             1.938855782584E-03
  273.000000                  2.668103792637E+00             1.919223544193E-03
  273.500000                  2.674468855239E+00             1.899878476520E-03
  274.000000                  2.680769905743E+00             1.880815046603E-03
  274.500000                  2.687007873892E+00             1.862027853871E-03
  275.000000                  2.693183671642E+00             1.843511626364E-03
  275.500000                  2.699298193584E+00             1.825261217075E-03
  276.000000                  2.705352317360E+00             1.807271600417E-03
  276.500000                  2.711346904054E+00             1.789537868802E-03
  277.000000                  2.717282798585E+00             1.772055229332E-03
  277.500000                  2.723160830084E+00             1.754819000601E-03
  278.000000                  2.728981812258E+00             1.737824609597E-03
  278.500000                  2.734746543747E+00             1.721067588706E-03
  279.000000                  2.740455808471E+00             1.704543572814E-03
  279.500000                  2.746110375967E+00             1.688248296493E-03
  280.000000                  2.751711001718E+00             1.672177591290E-03
  280.500000                  2.757258427468E+00             1.656327383091E-03
  281.000000                  2.762753381536E+00             1.640693689571E-03
  281.500000                  2.768196579116E+00             1.625272617727E-03
  282.000000                  2.773588722570E+00             1.610060361482E-03
  282.500000                  2.778930501718E+00             1.595053199374E-03
  283.000000                  2.784222594110E+00             1.580247492303E-03
  283.500000                  2.789465665301E+00             1.565639681357E-03
  284.000000                  2.794660369115E+00             1.551226285704E-03
  284.500000                  2.799807347900E+00             1.537003900542E-03
  285.000000                  2.804907232779E+00             1.522969195123E-03
  285.500000                  2.809960643892E+00             1.509118910820E-03
  286.000000                  2.814968190637E+00             1.495449859270E-03
  286.500000                  2.819930471897E+00             1.481958920563E-03
  287.000000                  2.824848076269E+00             1.468643041484E-03
  287.500000                  2.829721582280E+00             1.455499233814E-03
  288.000000                  2.834551558603E+00             1.442524572674E-03
  288.500000                  2.839338564264E+00             1.429716194926E-03
  289.000000                  2.844083148848E+00             1.417071297613E-03
  289.500000                  2.848785852693E+00             1.404587136449E-03
  290.000000                  2.853447207088E+00             1.392261024355E-03
  290.500000                  2.858067734455E+00             1.380090330031E-03
  291.000000                  2.862647948540E+00             1.368072476576E-03
  291.500000                  2.867188354585E+00             1.356204940143E-03
  292.000000                  2.871689449508E+00             1.344485248634E-03
  292.500000                  2.876151722070E+00             1.332910980438E-03
  293.000000                  2.880575653044E+00             1.321479763191E-03
  293.500000                  2.884961715373E+00             1.310189272588E-03
  294.000000                  2.889310374334E+00             1.299037231215E-03
  294.500000                  2.893622087688E+00             1.288021407420E-03
  295.000000                  2.897897305832E+00             1.277139614217E-03
  295.500000                  2.902136471945E+00             1.266389708217E-03
  296.000000                  2.906340022134E+00             1.255769588589E-03
  296.500000                  2.910508385573E+00             1.245277196052E-03


                             Tensor Component : xy

    Energy                        Real(eps_lf)                    Im(eps_lf)

    0.000000                  1.208697606236E-05             0.000000000000E+00
    0.500000                  1.208664935170E-05            -1.960317218539E-10
    1.000000                  1.208566914129E-05            -3.921105240945E-10
    1.500000                  1.208403519581E-05            -5.882835062306E-10
    2.000000                  1.208174712258E-05            -7.845978060265E-10
    2.500000                  1.207880437198E-05            -9.811006186748E-10
    3.000000                  1.207520623686E-05            -1.177839215970E-09
    3.500000                  1.207095185251E-05            -1.374860965578E-09
    4.000000                  1.206604019593E-05            -1.572213350344E-09
    4.500000                  1.206047008556E-05            -1.769943987675E-09
    5.000000                  1.205424018124E-05            -1.968100649019E-09
    5.500000                  1.204734898274E-05            -2.166731279446E-09
    6.000000                  1.203979483027E-05            -2.365884017350E-09
    6.500000                  1.203157590290E-05            -2.565607214224E-09
    7.000000                  1.202269021815E-05            -2.765949454698E-09
    7.500000                  1.201313563131E-05            -2.966959576599E-09
    8.000000                  1.200290983444E-05            -3.168686691260E-09
    8.500000                  1.199201035517E-05            -3.371180203971E-09
    9.000000                  1.198043455619E-05            -3.574489834671E-09
    9.500000                  1.196817963378E-05            -3.778665638797E-09
   10.000000                  1.195524261682E-05            -3.983758028361E-09
   10.500000                  1.194162036560E-05            -4.189817793356E-09
   11.000000                  1.192730957016E-05            -4.396896123310E-09
   11.500000                  1.191230674973E-05            -4.605044629079E-09
   12.000000                  1.189660825023E-05            -4.814315365121E-09
   12.500000                  1.188021024361E-05            -5.024760851862E-09
   13.000000                  1.186310872597E-05            -5.236434098406E-09
   13.500000                  1.184529951564E-05            -5.449388625750E-09
   14.000000                  1.182677825189E-05            -5.663678490120E-09
   14.500000                  1.180754039259E-05            -5.879358306852E-09
   15.000000                  1.178758121311E-05            -6.096483274475E-09
   15.500000                  1.176689580328E-05            -6.315109199442E-09
   16.000000                  1.174547906618E-05            -6.535292520996E-09
   16.500000                  1.172332571558E-05            -6.757090336712E-09
   17.000000                  1.170043027370E-05            -6.980560428319E-09
   17.500000                  1.167678706914E-05            -7.205761288192E-09
   18.000000                  1.165239023426E-05            -7.432752146051E-09
   18.500000                  1.162723370273E-05            -7.661592996522E-09
   19.000000                  1.160131120669E-05            -7.892344626959E-09
   19.500000                  1.157461627482E-05            -8.125068645915E-09
   20.000000                  1.154714222856E-05            -8.359827512287E-09
   20.500000                  1.151888217970E-05            -8.596684564868E-09
   21.000000                  1.148982902787E-05            -8.835704052786E-09
   21.500000                  1.145997545653E-05            -9.076951166326E-09
   22.000000                  1.142931393033E-05            -9.320492068615E-09
   22.500000                  1.139783669173E-05            -9.566393927928E-09
   23.000000                  1.136553575770E-05            -9.814724950679E-09
   23.500000                  1.133240291573E-05            -1.006555441539E-08
   24.000000                  1.129842972102E-05            -1.031895270710E-08
   24.500000                  1.126360749209E-05            -1.057499135287E-08
   25.000000                  1.122792730695E-05            -1.083374305799E-08
   25.500000                  1.119137999921E-05            -1.109528174317E-08
   26.000000                  1.115395615425E-05            -1.135968258240E-08
   26.500000                  1.111564610467E-05            -1.162702204212E-08
   27.000000                  1.107643992570E-05            -1.189737792099E-08
   27.500000                  1.103632743148E-05            -1.217082939085E-08
   28.000000                  1.099529816933E-05            -1.244745703879E-08
   28.500000                  1.095334141598E-05            -1.272734291005E-08
   29.000000                  1.091044617201E-05            -1.301057055243E-08
   29.500000                  1.086660115684E-05            -1.329722506139E-08
   30.000000                  1.082179480377E-05            -1.358739312668E-08
   30.500000                  1.077601525434E-05            -1.388116308014E-08
   31.000000                  1.072925035294E-05            -1.417862494469E-08
   31.500000                  1.068148764082E-05            -1.447987048488E-08
   32.000000                  1.063271435058E-05            -1.478499325839E-08
   32.500000                  1.058291739969E-05            -1.509408866947E-08
   33.000000                  1.053208338474E-05            -1.540725402355E-08
   33.500000                  1.048019857441E-05            -1.572458858341E-08
   34.000000                  1.042724890337E-05            -1.604619362695E-08
   34.500000                  1.037321996533E-05            -1.637217250669E-08
   35.000000                  1.031809700557E-05            -1.670263071100E-08
   35.500000                  1.026186491470E-05            -1.703767592669E-08
   36.000000                  1.020450822014E-05            -1.737741810407E-08
   36.500000                  1.014601107901E-05            -1.772196952342E-08
   37.000000                  1.008635727056E-05            -1.807144486344E-08
   37.500000                  1.002553018719E-05            -1.842596127210E-08
   38.000000                  9.963512826832E-06            -1.878563843914E-08
   38.500000                  9.900287784242E-06            -1.915059867093E-08
   39.000000                  9.835837241839E-06            -1.952096696784E-08
   39.500000                  9.770142960824E-06            -1.989687110338E-08
   40.000000                  9.703186271908E-06            -2.027844170613E-08
   40.500000                  9.634948065156E-06            -2.066581234451E-08
   41.000000                  9.565408780770E-06            -2.105911961327E-08
   41.500000                  9.494548398375E-06            -2.145850322338E-08
   42.000000                  9.422346426418E-06            -2.186410609460E-08
   42.500000                  9.348781891621E-06            -2.227607445068E-08
   43.000000                  9.273833327544E-06            -2.269455791790E-08
   43.500000                  9.197478763483E-06            -2.311970962628E-08
   44.000000                  9.119695711928E-06            -2.355168631470E-08
   44.500000                  9.040461157066E-06            -2.399064843859E-08
   45.000000                  8.959751541686E-06            -2.443676028156E-08
   45.500000                  8.877542754631E-06            -2.489019007072E-08
   46.000000                  8.793810117030E-06            -2.535111009539E-08
   46.500000                  8.708528369033E-06            -2.581969682972E-08
   47.000000                  8.621671655100E-06            -2.629613105981E-08
   47.500000                  8.533213510180E-06            -2.678059801427E-08
   48.000000                  8.443126843720E-06            -2.727328749983E-08
   48.500000                  8.351383924903E-06            -2.777439404086E-08
   49.000000                  8.257956366491E-06            -2.828411702419E-08
   49.500000                  8.162815108230E-06            -2.880266084785E-08
   50.000000                  8.065930400085E-06            -2.933023507602E-08
   50.500000                  7.967271784586E-06            -2.986705459804E-08
   51.000000                  7.866808078843E-06            -3.041333979402E-08
   51.500000                  7.764507356061E-06            -3.096931670499E-08
   52.000000                  7.660336926279E-06            -3.153521720980E-08
   52.500000                  7.554263316660E-06            -3.211127920739E-08
   53.000000                  7.446252251235E-06            -3.269774680602E-08
   53.500000                  7.336268629470E-06            -3.329487051888E-08
   54.000000                  7.224276505007E-06            -3.390290746633E-08
   54.500000                  7.110239063073E-06            -3.452212158533E-08
   55.000000                  6.994118597608E-06            -3.515278384684E-08
   55.500000                  6.875876487227E-06            -3.579517247974E-08
   56.000000                  6.755473170521E-06            -3.644957320465E-08
   56.500000                  6.632868121241E-06            -3.711627947372E-08
   57.000000                  6.508019821432E-06            -3.779559272103E-08
   57.500000                  6.380885735007E-06            -3.848782262106E-08
   58.000000                  6.251422279384E-06            -3.919328735701E-08
   58.500000                  6.119584796842E-06            -3.991231389887E-08
   59.000000                  5.985327524764E-06            -4.064523829138E-08
   59.500000                  5.848603564833E-06            -4.139240595267E-08
   60.000000                  5.709364851496E-06            -4.215417198439E-08
   60.500000                  5.567562118718E-06            -4.293090149300E-08
   61.000000                  5.423144866672E-06            -4.372296992311E-08
   61.500000                  5.276061326047E-06            -4.453076340371E-08
   62.000000                  5.126258422188E-06            -4.535467910684E-08
   62.500000                  4.973681737901E-06            -4.619512562022E-08
   63.000000                  4.818275474265E-06            -4.705252333436E-08
   63.500000                  4.659982411052E-06            -4.792730484406E-08
   64.000000                  4.498743865204E-06            -4.881991536531E-08
   64.500000                  4.334499647700E-06            -4.973081316906E-08
   65.000000                  4.167188019814E-06            -5.066047003064E-08
   65.500000                  3.996745647432E-06            -5.160937169757E-08
   66.000000                  3.823107552751E-06            -5.257801837628E-08
   66.500000                  3.646207066547E-06            -5.356692523590E-08
   67.000000                  3.465975775989E-06            -5.457662293472E-08
   67.500000                  3.282343473625E-06            -5.560765816527E-08
   68.000000                  3.095238101762E-06            -5.666059422274E-08
   68.500000                  2.904585696788E-06            -5.773601159589E-08
   69.000000                  2.710310330715E-06            -5.883450858105E-08
   69.500000                  2.512334050623E-06            -5.995670192191E-08
   70.000000                  2.310576816371E-06            -6.110322747533E-08
   70.500000                  2.104956435149E-06            -6.227474090440E-08
   71.000000                  1.895388495258E-06            -6.347191839935E-08
   71.500000                  1.681786295442E-06            -6.469545742948E-08
   72.000000                  1.464060773164E-06            -6.594607752562E-08
   72.500000                  1.242120429671E-06            -6.722452109570E-08
   73.000000                  1.015871252278E-06            -6.853155427422E-08
   73.500000                  7.852166338179E-07            -6.986796780810E-08
   74.000000                  5.500572891542E-07            -7.123457797980E-08
   74.500000                  3.102911684187E-07            -7.263222757021E-08
   75.000000                  6.581336691555E-08            -7.406178686266E-08
   75.500000                 -1.834839679156E-07            -7.552415469002E-08
   76.000000                 -4.377117340323E-07            -7.702025952797E-08
   76.500000                 -6.969839751533E-07            -7.855106063575E-08
   77.000000                 -9.614179851200E-07            -8.011754924542E-08
   77.500000                 -1.231134416864E-06            -8.172074980639E-08
   78.000000                 -1.506257395430E-06            -8.336172128282E-08
   78.500000                 -1.786914634435E-06            -8.504155850923E-08
   79.000000                 -2.073237559138E-06            -8.676139360854E-08
   79.500000                 -2.365361432229E-06            -8.852239747086E-08
   80.000000                 -2.663425486223E-06            -9.032578130299E-08
   80.500000                 -2.967573059850E-06            -9.217279824462E-08
   81.000000                 -3.277951741439E-06            -9.406474506258E-08
   81.500000                 -3.594713516582E-06            -9.600296391948E-08
   82.000000                 -3.918014923062E-06            -9.798884422690E-08
   82.500000                 -4.248017210947E-06            -1.000238245832E-07
   83.000000                 -4.584886510403E-06            -1.021093948032E-07
   83.500000                 -4.928794005495E-06            -1.042470980432E-07
   84.000000                 -5.279916116382E-06            -1.064385330265E-07
   84.500000                 -5.638434687380E-06            -1.086853563748E-07
   85.000000                 -6.004537184753E-06            -1.109892850522E-07
   85.500000                 -6.378416901661E-06            -1.133520989255E-07
   86.000000                 -6.760273172765E-06            -1.157756434514E-07
   86.500000                 -7.150311596990E-06            -1.182618324910E-07
   87.000000                 -7.548744270233E-06            -1.208126512668E-07
   87.500000                 -7.955790029276E-06            -1.234301594608E-07
   88.000000                 -8.371674704363E-06            -1.261164944716E-07
   88.500000                 -8.796631384652E-06            -1.288738748303E-07
   89.000000                 -9.230900693777E-06            -1.317046037900E-07
   89.500000                 -9.674731079387E-06            -1.346110730970E-07
   90.000000                 -1.012837911375E-05            -1.375957669523E-07
   90.500000                 -1.059210980948E-05            -1.406612661786E-07
   91.000000                 -1.106619694858E-05            -1.438102525993E-07
   91.500000                 -1.155092342654E-05            -1.470455136474E-07
   92.000000                 -1.204658161259E-05            -1.503699472120E-07
   92.500000                 -1.255347372632E-05            -1.537865667415E-07
   93.000000                 -1.307191223144E-05            -1.572985066167E-07
   93.500000                 -1.360222024839E-05            -1.609090278072E-07
   94.000000                 -1.414473198625E-05            -1.646215238345E-07
   94.500000                 -1.469979319480E-05            -1.684395270524E-07
   95.000000                 -1.526776163786E-05            -1.723667152726E-07
   95.500000                 -1.584900759045E-05            -1.764069187486E-07
   96.000000                 -1.644391435852E-05            -1.805641275436E-07
   96.500000                 -1.705287882404E-05            -1.848424993102E-07
   97.000000                 -1.767631201833E-05            -1.892463674998E-07
   97.500000                 -1.831463972092E-05            -1.937802500324E-07
   98.000000                 -1.896830309090E-05            -1.984488584603E-07
   98.500000                 -1.963775932724E-05            -2.032571076474E-07
   99.000000                 -2.032348236370E-05            -2.082101260092E-07
   99.500000                 -2.102596359877E-05            -2.133132663380E-07
  100.000000                 -2.174571266212E-05            -2.185721172595E-07
  100.500000                 -2.248325822042E-05            -2.239925153615E-07
  101.000000                 -2.323914882552E-05            -2.295805580326E-07
  101.500000                 -2.401395380637E-05            -2.353426170682E-07
  102.000000                 -2.480826420615E-05            -2.412853530859E-07
  102.500000                 -2.562269377172E-05            -2.474157308120E-07
  103.000000                 -2.645787999301E-05            -2.537410352936E-07
  103.500000                 -2.731448519911E-05            -2.602688891023E-07
  104.000000                 -2.819319771375E-05            -2.670072705985E-07
  104.500000                 -2.909473307301E-05            -2.739645333268E-07
  105.000000                 -3.001983530982E-05            -2.811494266269E-07
  105.500000                 -3.096927830871E-05            -2.885711175398E-07
  106.000000                 -3.194386723738E-05            -2.962392141087E-07
  106.500000                 -3.294444005709E-05            -3.041637901681E-07
  107.000000                 -3.397186911825E-05            -3.123554117336E-07
  107.500000                 -3.502706284754E-05            -3.208251651052E-07
  108.000000                 -3.611096753143E-05            -3.295846868145E-07
  108.500000                 -3.722456920264E-05            -3.386461955492E-07
  109.000000                 -3.836889563703E-05            -3.480225262039E-07
  109.500000                 -3.954501846582E-05            -3.577271662152E-07
  110.000000                 -4.075405541627E-05            -3.677742943613E-07
  110.500000                 -4.199717268306E-05            -3.781788222048E-07
  111.000000                 -4.327558744400E-05            -3.889564383930E-07
  111.500000                 -4.459057052776E-05            -4.001236560312E-07
  112.000000                 -4.594344924592E-05            -4.116978633744E-07
  112.500000                 -4.733561039850E-05            -4.236973780967E-07
  113.000000                 -4.876850346726E-05            -4.361415054317E-07
  113.500000                 -5.024364401064E-05            -4.490506004852E-07
  114.000000                 -5.176261727237E-05            -4.624461350735E-07
  114.500000                 -5.332708202145E-05            -4.763507694423E-07
  115.000000                 -5.493877464015E-05            -4.907884292901E-07
  115.500000                 -5.659951347726E-05            -5.057843885195E-07
  116.000000                 -5.831120348899E-05            -5.213653582182E-07
  116.500000                 -6.007584118529E-05            -5.375595823840E-07
  117.000000                 -6.189551990933E-05            -5.543969409886E-07
  117.500000                 -6.377243547208E-05            -5.719090610075E-07
  118.000000                 -6.570889217218E-05            -5.901294361116E-07
  118.500000                 -6.770730922957E-05            -6.090935558020E-07
  119.000000                 -6.977022766642E-05            -6.288390448164E-07
  119.500000                 -7.190031767125E-05            -6.494058137341E-07
  120.000000                 -7.410038648515E-05            -6.708362218181E-07
  120.500000                 -7.637338685230E-05            -6.931752531952E-07
  121.000000                 -7.872242608177E-05            -7.164707076385E-07
  121.500000                 -8.115077577077E-05            -7.407734073054E-07
  122.000000                 -8.366188224719E-05            -7.661374209541E-07
  122.500000                 -8.625937778840E-05            -7.926203073202E-07
  123.000000                 -8.894709268793E-05            -8.202833794986E-07
  123.500000                 -9.172906823886E-05            -8.491919924001E-07
  124.000000                 -9.460957071884E-05            -8.794158555619E-07
  124.500000                 -9.759310646153E-05            -9.110293738516E-07
  125.000000                 -1.006844381154E-04            -9.441120188965E-07
  125.500000                 -1.038886021939E-04            -9.787487343679E-07
  126.000000                 -1.072109280397E-04            -1.015030378646E-06
  126.500000                 -1.106570583297E-04            -1.053054208768E-06
  127.000000                 -1.142329712689E-04            -1.092924410031E-06
  127.500000                 -1.179450046310E-04            -1.134752676165E-06
  128.000000                 -1.217998818255E-04            -1.178658845532E-06
  128.500000                 -1.258047401847E-04            -1.224771599529E-06
  129.000000                 -1.299671616920E-04            -1.273229230092E-06
  129.500000                 -1.342952063953E-04            -1.324180484090E-06
  130.000000                 -1.387974487710E-04            -1.377785493345E-06
  130.500000                 -1.434830173459E-04            -1.434216800187E-06
  131.000000                 -1.483616379097E-04            -1.493660489679E-06
  131.500000                 -1.534436806950E-04            -1.556317441150E-06
  132.000000                 -1.587402119489E-04            -1.622404713361E-06
  132.500000                 -1.642630503603E-04            -1.692157079492E-06
  133.000000                 -1.700248288807E-04            -1.765828730477E-06
  133.500000                 -1.760390625290E-04            -1.843695167645E-06
  134.000000                 -1.823202228492E-04            -1.926055308664E-06
  134.500000                 -1.888838197806E-04            -2.013233834173E-06
  135.000000                 -1.957464917895E-04            -2.105583806443E-06
  135.500000                 -2.029261052274E-04            -2.203489595999E-06
  136.000000                 -2.104418640128E-04            -2.307370157519E-06
  136.500000                 -2.183144308721E-04            -2.417682702504E-06
  137.000000                 -2.265660615542E-04            -2.534926823570E-06
  137.500000                 -2.352207536256E-04            -2.659649133693E-06
  138.000000                 -2.443044116809E-04            -2.792448493785E-06
  138.500000                 -2.538450310632E-04            -2.933981913774E-06
  139.000000                 -2.638729025069E-04            -3.084971226257E-06
  139.500000                 -2.744208404551E-04            -3.246210648233E-06
  140.000000                 -2.855244382354E-04            -3.418575365948E-06
  140.500000                 -2.972223537539E-04            -3.603031301039E-06
  141.000000                 -3.095566299469E-04            -3.800646243768E-06
  141.500000                 -3.225730548968E-04            -4.012602572205E-06
  142.000000                 -3.363215673131E-04            -4.240211815775E-06
  142.500000                 -3.508567140156E-04            -4.484931369201E-06
  143.000000                 -3.662381671736E-04            -4.748383720268E-06
  143.500000                 -3.825313103678E-04            -5.032378624392E-06
  144.000000                 -3.998079041290E-04            -5.338938743307E-06
  144.500000                 -4.181468434892E-04            -5.670329368028E-06
  145.000000                 -4.376350223523E-04            -6.029092972021E-06
  145.500000                 -4.583683222173E-04            -6.418089494847E-06
  146.000000                 -4.804527460958E-04            -6.840543446733E-06
  146.500000                 -5.040057224739E-04            -7.300099159963E-06
  147.000000                 -5.291576090407E-04            -7.800885805270E-06
  147.500000                 -5.560534318947E-04            -8.347594156416E-06
  148.000000                 -5.848549032541E-04            -8.945567543526E-06
  148.500000                 -6.157427697586E-04            -9.600910011952E-06
  149.000000                 -6.489195546409E-04            -1.032061543271E-05
  149.500000                 -6.846127710094E-04            -1.111272223852E-05
  150.000000                 -7.230787009145E-04            -1.198649964649E-05
  150.500000                 -7.646068568237E-04            -1.295267275551E-05
  151.000000                 -8.095252698364E-04            -1.402369588258E-05
  151.500000                 -8.582067842329E-04            -1.521408607558E-05
  152.000000                 -9.110765829985E-04            -1.654083211206E-05
  152.500000                 -9.686212269569E-04            -1.802389874427E-05
  153.000000                 -1.031399565208E-03            -1.968685186480E-05
  153.500000                 -1.100055972495E-03            -2.155763818894E-05
  154.000000                 -1.175336497667E-03            -2.366956374211E-05
  154.500000                 -1.258108677611E-03            -2.606252999838E-05
  155.000000                 -1.349385998062E-03            -2.878460651191E-05
  155.500000                 -1.450358288234E-03            -3.189404661047E-05
  156.000000                 -1.562429751199E-03            -3.546189155828E-05
  156.500000                 -1.687266900906E-03            -3.957536357978E-05
  157.000000                 -1.826859465128E-03            -4.434232687487E-05
  157.500000                 -1.983598418016E-03            -4.989720989245E-05
  158.000000                 -2.160376871502E-03            -5.640894975367E-05
  158.500000                 -2.360721802322E-03            -6.409176936909E-05
  159.000000                 -2.588967862451E-03            -7.321997527383E-05
  159.500000                 -2.850489351877E-03            -8.414854433903E-05
  160.000000                 -3.152013682858E-03            -9.734217499166E-05
  160.500000                 -3.502050735426E-03            -1.134169255902E-04
  161.000000                 -3.911489730703E-03            -1.332009187817E-04
  161.500000                 -4.394442615070E-03            -1.578245162727E-04
  162.000000                 -4.969457423131E-03            -1.888570761369E-04
  162.500000                 -5.661299206692E-03            -2.285191909241E-04
  163.000000                 -6.503623140148E-03            -2.800206681583E-04
  163.500000                 -7.543089010069E-03            -3.481146088913E-04
  164.000000                 -8.845877643087E-03            -4.400361998170E-04
  164.500000                 -1.050835389715E-02            -5.671545641638E-04
  165.000000                 -1.267518533312E-02            -7.480091768021E-04
  165.500000                 -1.557151722552E-02            -1.014184818778E-03
  166.000000                 -1.956317355574E-02            -1.422392787185E-03
  166.500000                 -2.527661781275E-02            -2.081216329388E-03
  167.000000                 -3.385725265438E-02            -3.215979379858E-03
  167.500000                 -4.758274358977E-02            -5.345476733695E-03
  168.000000                 -7.151771882591E-02            -9.843528829614E-03
  168.500000                 -1.188287539677E-01            -2.115112528435E-02
  169.000000                 -2.327794366285E-01            -5.885788586124E-02
  169.500000                 -6.214081713647E-01            -2.750976798271E-01
  170.000000                 -1.770018762371E+00            -5.063285818010E+00
  170.500000                 -1.974261718037E+00             2.811576468140E+00
  171.000000                 -5.265067179446E-01             2.071355548952E-01
  171.500000                 -2.117347051118E-01             4.969854705889E-02
  172.000000                 -1.125175824021E-01             1.886210230283E-02
  172.500000                 -6.957526895701E-02             9.071101753879E-03
  173.000000                 -4.725461542077E-02             5.038728582550E-03
  173.500000                 -3.420187529732E-02             3.083594506957E-03
  174.000000                 -2.591642514457E-02             2.023068659430E-03
  174.500000                 -2.032993262383E-02             1.398663881939E-03
  175.000000                 -1.638489107040E-02             1.007303109173E-03
  175.500000                 -1.349519503441E-02             7.496062677161E-04
  176.000000                 -1.131481223432E-02             5.730150053005E-04
  176.500000                 -9.628781379148E-03             4.479492836717E-04
  177.000000                 -8.297853179909E-03             3.568899683537E-04
  177.500000                 -7.228603032536E-03             2.890092784734E-04
  178.000000                 -6.356453592907E-03             2.373686006354E-04
  178.500000                 -5.635607017070E-03             1.973812026508E-04
  179.000000                 -5.032850531205E-03             1.659320651446E-04
  179.500000                 -4.523621403144E-03             1.408549664641E-04
  180.000000                 -4.089436280521E-03             1.206116113192E-04
  180.500000                 -3.716169832803E-03             1.040890455715E-04
  181.000000                 -3.392876487391E-03             9.046847124516E-05
  181.500000                 -3.110967880122E-03             7.913834997267E-05
  182.000000                 -2.863628358780E-03             6.963565671380E-05
  182.500000                 -2.645392922040E-03             6.160542438051E-05
  183.000000                 -2.451837966367E-03             5.477241270507E-05
  183.500000                 -2.279351643805E-03             4.892096115369E-05
  184.000000                 -2.124961234594E-03             4.388045881293E-05
  184.500000                 -1.986201907049E-03             3.951472869788E-05
  185.000000                 -1.861015896963E-03             3.571417864551E-05
  185.500000                 -1.747674304149E-03             3.238993314473E-05
  186.000000                 -1.644715885609E-03             2.946940077999E-05
  186.500000                 -1.550898749068E-03             2.689289382422E-05
  187.000000                 -1.465161929027E-03             2.461102705381E-05
  187.500000                 -1.386594599287E-03             2.258269932629E-05
  188.000000                 -1.314411234524E-03             2.077351500391E-05
  188.500000                 -1.247931441738E-03             1.915454022171E-05
  189.000000                 -1.186563483912E-03             1.770131613536E-05
  189.500000                 -1.129790742596E-03             1.639307089896E-05
  190.000000                 -1.077160534866E-03             1.521208643619E-05
  190.500000                 -1.028274827731E-03             1.414318660488E-05
  191.000000                 -9.827824905131E-04             1.317332117667E-05
  191.500000                 -9.403728006236E-04             1.229122590651E-05
  192.000000                 -9.007699760401E-04             1.148714337872E-05
  192.500000                 -8.637285529638E-04             1.075259266687E-05
  193.000000                 -8.290294624349E-04             1.008017840562E-05
  193.500000                 -7.964766875850E-04             9.463431843257E-06
  194.000000                 -7.658944052702E-04             8.896677969066E-06
  194.500000                 -7.371245334244E-04             8.374923997455E-06
  195.000000                 -7.100246195697E-04             7.893765421101E-06
  195.500000                 -6.844660172593E-04             7.449306577509E-06
  196.000000                 -6.603323063945E-04             7.038093252934E-06
  196.500000                 -6.375179208038E-04             6.657055308437E-06
  197.000000                 -6.159269525503E-04             6.303457680980E-06
  197.500000                 -5.954721074008E-04             5.974858408001E-06
  198.000000                 -5.760737899774E-04             5.669072562089E-06
  198.500000                 -5.576593005009E-04             5.384141175131E-06
  199.000000                 -5.401621278105E-04             5.118304388098E-06
  199.500000                 -5.235213256842E-04             4.869978190324E-06
  200.000000                 -5.076809614146E-04             4.637734216995E-06
  200.500000                 -4.925896272175E-04             4.420282159419E-06
  201.000000                 -4.782000064128E-04             4.216454413721E-06
  201.500000                 -4.644684874628E-04             4.025192652273E-06
  202.000000                 -4.513548199186E-04             3.845536050869E-06
  202.500000                 -4.388218071509E-04             3.676610945305E-06
  203.000000                 -4.268350314268E-04             3.517621724849E-06
  203.500000                 -4.153626075002E-04             3.367842798529E-06
  204.000000                 -4.043749613748E-04             3.226611493989E-06
  204.500000                 -3.938446313447E-04             3.093321768764E-06
  205.000000                 -3.837460887754E-04             2.967418630781E-06
  205.500000                 -3.740555764215E-04             2.848393179297E-06
  206.000000                 -3.647509623398E-04             2.735778189611E-06
  206.500000                 -3.558116077010E-04             2.629144175358E-06
  207.000000                 -3.472182470060E-04             2.528095870949E-06
  207.500000                 -3.389528793944E-04             2.432269084376E-06
  208.000000                 -3.309986698821E-04             2.341327877000E-06
  208.500000                 -3.233398595032E-04             2.254962032592E-06
  209.000000                 -3.159616834523E-04             2.172884782608E-06
  209.500000                 -3.088502964189E-04             2.094830758878E-06
  210.000000                 -3.019927043980E-04             2.020554148381E-06
  210.500000                 -2.953767023485E-04             1.949827027968E-06
  211.000000                 -2.889908171237E-04             1.882437859454E-06
  211.500000                 -2.828242551770E-04             1.818190127923E-06
  212.000000                 -2.768668545844E-04             1.756901108073E-06
  212.500000                 -2.711090409861E-04             1.698400745189E-06
  213.000000                 -2.655417870824E-04             1.642530638892E-06
  213.500000                 -2.601565753573E-04             1.589143119156E-06
  214.000000                 -2.549453637431E-04             1.538100405254E-06
  214.500000                 -2.499005539606E-04             1.489273839348E-06
  215.000000                 -2.450149622974E-04             1.442543187349E-06
  215.500000                 -2.402817926162E-04             1.397796000449E-06
  216.000000                 -2.356946113949E-04             1.354927031485E-06
  216.500000                 -2.312473246304E-04             1.313837700862E-06
  217.000000                 -2.269341564432E-04             1.274435607363E-06
  217.500000                 -2.227496292465E-04             1.236634079621E-06
  218.000000                 -2.186885453452E-04             1.200351764511E-06
  218.500000                 -2.147459698509E-04             1.165512249049E-06
  219.000000                 -2.109172148050E-04             1.132043712764E-06
  219.500000                 -2.071978244132E-04             1.099878607818E-06
  220.000000                 -2.035835613047E-04             1.068953364375E-06
  220.500000                 -2.000703937310E-04             1.039208119024E-06
  221.000000                 -1.966544836388E-04             1.010586464226E-06
  221.500000                 -1.933321755412E-04             9.830352169755E-07
  222.000000                 -1.900999861324E-04             9.565042050320E-07
  222.500000                 -1.869545945871E-04             9.309460692272E-07
  223.000000                 -1.838928334941E-04             9.063160805070E-07
  223.500000                 -1.809116803762E-04             8.825719704768E-07
  224.000000                 -1.780082497544E-04             8.596737743360E-07
  224.500000                 -1.751797857163E-04             8.375836851944E-07
  225.000000                 -1.724236549521E-04             8.162659188495E-07
  225.500000                 -1.697373402248E-04             7.956865881824E-07
  226.000000                 -1.671184342452E-04             7.758135864104E-07
  226.500000                 -1.645646339205E-04             7.566164784991E-07
  227.000000                 -1.620737349537E-04             7.380664000956E-07
  227.500000                 -1.596436267670E-04             7.201359634033E-07
  228.000000                 -1.572722877283E-04             7.027991694628E-07
  228.500000                 -1.549577806607E-04             6.860313263507E-07
  229.000000                 -1.526982486146E-04             6.698089728577E-07
  229.500000                 -1.504919108861E-04             6.541098072257E-07
  230.000000                 -1.483370592643E-04             6.389126205757E-07
  230.500000                 -1.462320544948E-04             6.241972346809E-07
  231.000000                 -1.441753229415E-04             6.099444437653E-07
  231.500000                 -1.421653534375E-04             5.961359600358E-07
  232.000000                 -1.402006943118E-04             5.827543626882E-07
  232.500000                 -1.382799505803E-04             5.697830501286E-07
  233.000000                 -1.364017812899E-04             5.572061951909E-07
  233.500000                 -1.345648970086E-04             5.450087031337E-07
  234.000000                 -1.327680574514E-04             5.331761722370E-07
  234.500000                 -1.310100692315E-04             5.216948567978E-07
  235.000000                 -1.292897837332E-04             5.105516323815E-07
  235.500000                 -1.276060950960E-04             4.997339631638E-07
  236.000000                 -1.259579383040E-04             4.892298712260E-07
  236.500000                 -1.243442873762E-04             4.790279076706E-07
  237.000000                 -1.227641536473E-04             4.691171254410E-07
  237.500000                 -1.212165841395E-04             4.594870537281E-07
  238.000000                 -1.197006600156E-04             4.501276738621E-07
  238.500000                 -1.182154951094E-04             4.410293965955E-07
  239.000000                 -1.167602345313E-04             4.321830406812E-07
  239.500000                 -1.153340533418E-04             4.235798126686E-07
  240.000000                 -1.139361552921E-04             4.152112878400E-07
  240.500000                 -1.125657716236E-04             4.070693922108E-07
  241.000000                 -1.112221599293E-04             3.991463855325E-07
  241.500000                 -1.099046030673E-04             3.914348452315E-07
  242.000000                 -1.086124081280E-04             3.839276512283E-07
  242.500000                 -1.073449054499E-04             3.766179715845E-07
  243.000000                 -1.061014476821E-04             3.694992489226E-07
  243.500000                 -1.048814088905E-04             3.625651875757E-07
  244.000000                 -1.036841837064E-04             3.558097414233E-07
  244.500000                 -1.025091865137E-04             3.492271023689E-07
  245.000000                 -1.013558506743E-04             3.428116894253E-07
  245.500000                 -1.002236277881E-04             3.365581383690E-07
  246.000000                 -9.911198698736E-05             3.304612919319E-07
  246.500000                 -9.802041426232E-05             3.245161904980E-07
  247.000000                 -9.694841181739E-05             3.187180632777E-07
  247.500000                 -9.589549745569E-05             3.130623199292E-07
  248.000000                 -9.486120399121E-05             3.075445426059E-07
  248.500000                 -9.384507868620E-05             3.021604784014E-07
  249.000000                 -9.284668271375E-05             2.969060321710E-07
  249.500000                 -9.186559064355E-05             2.917772597123E-07
  250.000000                 -9.090138994916E-05             2.867703612781E-07
  250.500000                 -8.995368053749E-05             2.818816754093E-07
  251.000000                 -8.902207429728E-05             2.771076730672E-07
  251.500000                 -8.810619466742E-05             2.724449520501E-07
  252.000000                 -8.720567622272E-05             2.678902316771E-07
  252.500000                 -8.632016427806E-05             2.634403477265E-07
  253.000000                 -8.544931450743E-05             2.590922476159E-07
  253.500000                 -8.459279258027E-05             2.548429858070E-07
  254.000000                 -8.375027381157E-05             2.506897194287E-07
  254.500000                 -8.292144282717E-05             2.466297041031E-07
  255.000000                 -8.210599324148E-05             2.426602899638E-07
  255.500000                 -8.130362734948E-05             2.387789178606E-07
  256.000000                 -8.051405582998E-05             2.349831157354E-07
  256.500000                 -7.973699746127E-05             2.312704951644E-07
  257.000000                 -7.897217884833E-05             2.276387480573E-07
  257.500000                 -7.821933415963E-05             2.240856435032E-07
  258.000000                 -7.747820487513E-05             2.206090247605E-07
  258.500000                 -7.674853954464E-05             2.172068063788E-07
  259.000000                 -7.603009355355E-05             2.138769714476E-07
  259.500000                 -7.532262889997E-05             2.106175689690E-07
  260.000000                 -7.462591397844E-05             2.074267113423E-07
  260.500000                 -7.393972337321E-05             2.043025719595E-07
  261.000000                 -7.326383765821E-05             2.012433829051E-07
  261.500000                 -7.259804320580E-05             1.982474327538E-07
  262.000000                 -7.194213200151E-05             1.953130644645E-07
  262.500000                 -7.129590146626E-05             1.924386733602E-07
  263.000000                 -7.065915428528E-05             1.896227051984E-07
  263.500000                 -7.003169824287E-05             1.868636543192E-07
  264.000000                 -6.941334606353E-05             1.841600618709E-07
  264.500000                 -6.880391525876E-05             1.815105141125E-07
  265.000000                 -6.820322797945E-05             1.789136407830E-07
  265.500000                 -6.761111087377E-05             1.763681135407E-07
  266.000000                 -6.702739494943E-05             1.738726444646E-07
  266.500000                 -6.645191544207E-05             1.714259846182E-07
  267.000000                 -6.588451168701E-05             1.690269226706E-07
  267.500000                 -6.532502699646E-05             1.666742835742E-07
  268.000000                 -6.477330854068E-05             1.643669272945E-07
  268.500000                 -6.422920723320E-05             1.621037475918E-07
  269.000000                 -6.369257762023E-05             1.598836708501E-07
  269.500000                 -6.316327777378E-05             1.577056549534E-07
  270.000000                 -6.264116918847E-05             1.555686882056E-07
  270.500000                 -6.212611668196E-05             1.534717882925E-07
  271.000000                 -6.161798829851E-05             1.514140012852E-07
  271.500000                 -6.111665521610E-05             1.493944006809E-07
  272.000000                 -6.062199165665E-05             1.474120864818E-07
  272.500000                 -6.013387479883E-05             1.454661843085E-07
  273.000000                 -5.965218469461E-05             1.435558445479E-07
  273.500000                 -5.917680418746E-05             1.416802415329E-07
  274.000000                 -5.870761883442E-05             1.398385727534E-07
  274.500000                 -5.824451682984E-05             1.380300580976E-07
  275.000000                 -5.778738893214E-05             1.362539391206E-07
  275.500000                 -5.733612839267E-05             1.345094783407E-07
  276.000000                 -5.689063088698E-05             1.327959585626E-07
  276.500000                 -5.645079444821E-05             1.311126822241E-07
  277.000000                 -5.601651940290E-05             1.294589707683E-07
  277.500000                 -5.558770830863E-05             1.278341640374E-07
  278.000000                 -5.516426589344E-05             1.262376196903E-07
  278.500000                 -5.474609899763E-05             1.246687126390E-07
  279.000000                 -5.433311651703E-05             1.231268345072E-07
  279.500000                 -5.392522934832E-05             1.216113931081E-07
  280.000000                 -5.352235033562E-05             1.201218119399E-07
  280.500000                 -5.312439421936E-05             1.186575296999E-07
  281.000000                 -5.273127758626E-05             1.172179998160E-07
  281.500000                 -5.234291882092E-05             1.158026899943E-07
  282.000000                 -5.195923805889E-05             1.144110817828E-07
  282.500000                 -5.158015714174E-05             1.130426701502E-07
  283.000000                 -5.120559957222E-05             1.116969630795E-07
  283.500000                 -5.083549047227E-05             1.103734811755E-07
  284.000000                 -5.046975654105E-05             1.090717572859E-07
  284.500000                 -5.010832601518E-05             1.077913361359E-07
  285.000000                 -4.975112862926E-05             1.065317739739E-07
  285.500000                 -4.939809557852E-05             1.052926382309E-07
  286.000000                 -4.904915948175E-05             1.040735071906E-07
  286.500000                 -4.870425434597E-05             1.028739696707E-07
  287.000000                 -4.836331553129E-05             1.016936247143E-07
  287.500000                 -4.802627971809E-05             1.005320812934E-07
  288.000000                 -4.769308487373E-05             9.938895802029E-08
  288.500000                 -4.736367022129E-05             9.826388286957E-08
  289.000000                 -4.703797620853E-05             9.715649290870E-08
  289.500000                 -4.671594447847E-05             9.606643403892E-08
  290.000000                 -4.639751783969E-05             9.499336074220E-08
  290.500000                 -4.608264023875E-05             9.393693583859E-08
  291.000000                 -4.577125673249E-05             9.289683025056E-08
  291.500000                 -4.546331346144E-05             9.187272277476E-08
  292.000000                 -4.515875762401E-05             9.086429986134E-08
  292.500000                 -4.485753745128E-05             8.987125540120E-08
  293.000000                 -4.455960218258E-05             8.889329051797E-08
  293.500000                 -4.426490204162E-05             8.793011336882E-08
  294.000000                 -4.397338821352E-05             8.698143895034E-08
  294.500000                 -4.368501282234E-05             8.604698891064E-08
  295.000000                 -4.339972890885E-05             8.512649136771E-08
  295.500000                 -4.311749040991E-05             8.421968073342E-08
  296.000000                 -4.283825213710E-05             8.332629754237E-08
  296.500000                 -4.256196975699E-05             8.244608828701E-08


                             Tensor Component : yy

    Energy                        Real(eps_lf)                    Im(eps_lf)

    0.000000                  5.414386372150E+00             0.000000000000E+00
    0.500000                  5.414400859149E+00             8.692301883312E-06
    1.000000                  5.414444321649E+00             1.738550393628E-05
    1.500000                  5.414516764149E+00             2.608050656160E-05
    2.000000                  5.414618194154E+00             3.477821062825E-05
    2.500000                  5.414748622170E+00             4.347951770482E-05
    3.000000                  5.414908061710E+00             5.218533029328E-05
    3.500000                  5.415096529300E+00             6.089655206319E-05
    4.000000                  5.415314044477E+00             6.961408808644E-05
    4.500000                  5.415560629799E+00             7.833884507266E-05
    5.000000                  5.415836310851E+00             8.707173160550E-05
    5.500000                  5.416141116247E+00             9.581365837974E-05
    6.000000                  5.416475077642E+00             1.045655384394E-04
    6.500000                  5.416838229739E+00             1.133282874173E-04
    7.000000                  5.417230610297E+00             1.221028237750E-04
    7.500000                  5.417652260143E+00             1.308900690457E-04
    8.000000                  5.418103223179E+00             1.396909480767E-04
    8.500000                  5.418583546398E+00             1.485063892750E-04
    9.000000                  5.419093279891E+00             1.573373248541E-04
    9.500000                  5.419632476867E+00             1.661846910823E-04
   10.000000                  5.420201193659E+00             1.750494285339E-04
   10.500000                  5.420799489745E+00             1.839324823413E-04
   11.000000                  5.421427427761E+00             1.928348024506E-04
   11.500000                  5.422085073518E+00             2.017573438784E-04
   12.000000                  5.422772496019E+00             2.107010669721E-04
   12.500000                  5.423489767477E+00             2.196669376725E-04
   13.000000                  5.424236963334E+00             2.286559277785E-04
   13.500000                  5.425014162283E+00             2.376690152158E-04
   14.000000                  5.425821446287E+00             2.467071843082E-04
   14.500000                  5.426658900600E+00             2.557714260516E-04
   15.000000                  5.427526613792E+00             2.648627383921E-04
   15.500000                  5.428424677769E+00             2.739821265073E-04
   16.000000                  5.429353187804E+00             2.831306030910E-04
   16.500000                  5.430312242555E+00             2.923091886421E-04
   17.000000                  5.431301944098E+00             3.015189117571E-04
   17.500000                  5.432322397948E+00             3.107608094270E-04
   18.000000                  5.433373713094E+00             3.200359273383E-04
   18.500000                  5.434456002025E+00             3.293453201784E-04
   19.000000                  5.435569380759E+00             3.386900519460E-04
   19.500000                  5.436713968880E+00             3.480711962653E-04
   20.000000                  5.437889889563E+00             3.574898367068E-04
   20.500000                  5.439097269617E+00             3.669470671114E-04
   21.000000                  5.440336239510E+00             3.764439919214E-04
   21.500000                  5.441606933411E+00             3.859817265160E-04
   22.000000                  5.442909489228E+00             3.955613975530E-04
   22.500000                  5.444244048640E+00             4.051841433162E-04
   23.000000                  5.445610757143E+00             4.148511140695E-04
   23.500000                  5.447009764086E+00             4.245634724162E-04
   24.000000                  5.448441222716E+00             4.343223936660E-04
   24.500000                  5.449905290217E+00             4.441290662086E-04
   25.000000                  5.451402127758E+00             4.539846918932E-04
   25.500000                  5.452931900538E+00             4.638904864170E-04
   26.000000                  5.454494777830E+00             4.738476797199E-04
   26.500000                  5.456090933033E+00             4.838575163873E-04
   27.000000                  5.457720543717E+00             4.939212560611E-04
   27.500000                  5.459383791679E+00             5.040401738586E-04
   28.000000                  5.461080862991E+00             5.142155608004E-04
   28.500000                  5.462811948057E+00             5.244487242465E-04
   29.000000                  5.464577241666E+00             5.347409883420E-04
   29.500000                  5.466376943048E+00             5.450936944722E-04
   30.000000                  5.468211255936E+00             5.555082017268E-04
   30.500000                  5.470080388621E+00             5.659858873746E-04
   31.000000                  5.471984554018E+00             5.765281473485E-04
   31.500000                  5.473923969726E+00             5.871363967411E-04
   32.000000                  5.475898858093E+00             5.978120703112E-04
   32.500000                  5.477909446284E+00             6.085566230015E-04
   33.000000                  5.479955966346E+00             6.193715304685E-04
   33.500000                  5.482038655284E+00             6.302582896239E-04
   34.000000                  5.484157755124E+00             6.412184191889E-04
   34.500000                  5.486313512996E+00             6.522534602612E-04
   35.000000                  5.488506181203E+00             6.633649768951E-04
   35.500000                  5.490736017299E+00             6.745545566957E-04
   36.000000                  5.493003284172E+00             6.858238114265E-04
   36.500000                  5.495308250124E+00             6.971743776327E-04
   37.000000                  5.497651188953E+00             7.086079172786E-04
   37.500000                  5.500032380040E+00             7.201261184005E-04
   38.000000                  5.502452108439E+00             7.317306957765E-04
   38.500000                  5.504910664963E+00             7.434233916120E-04
   39.000000                  5.507408346280E+00             7.552059762425E-04
   39.500000                  5.509945455007E+00             7.670802488540E-04
   40.000000                  5.512522299808E+00             7.790480382218E-04
   40.500000                  5.515139195492E+00             7.911112034679E-04
   41.000000                  5.517796463117E+00             8.032716348375E-04
   41.500000                  5.520494430094E+00             8.155312544958E-04
   42.000000                  5.523233430297E+00             8.278920173457E-04
   42.500000                  5.526013804172E+00             8.403559118659E-04
   43.000000                  5.528835898849E+00             8.529249609721E-04
   43.500000                  5.531700068259E+00             8.656012229001E-04
   44.000000                  5.534606673257E+00             8.783867921128E-04
   44.500000                  5.537556081738E+00             8.912838002311E-04
   45.000000                  5.540548668767E+00             9.042944169902E-04
   45.500000                  5.543584816705E+00             9.174208512214E-04
   46.000000                  5.546664915344E+00             9.306653518608E-04
   46.500000                  5.549789362040E+00             9.440302089855E-04
   47.000000                  5.552958561851E+00             9.575177548784E-04
   47.500000                  5.556172927684E+00             9.711303651223E-04
   48.000000                  5.559432880435E+00             9.848704597245E-04
   48.500000                  5.562738849145E+00             9.987405042730E-04
   49.000000                  5.566091271149E+00             1.012743011125E-03
   49.500000                  5.569490592237E+00             1.026880540628E-03
   50.000000                  5.572937266816E+00             1.041155702380E-03
   50.500000                  5.576431758072E+00             1.055571156518E-03
   51.000000                  5.579974538149E+00             1.070129615051E-03
   51.500000                  5.583566088315E+00             1.084833843227E-03
   52.000000                  5.587206899149E+00             1.099686660943E-03
   52.500000                  5.590897470720E+00             1.114690944191E-03
   53.000000                  5.594638312782E+00             1.129849626552E-03
   53.500000                  5.598429944962E+00             1.145165700734E-03
   54.000000                  5.602272896967E+00             1.160642220148E-03
   54.500000                  5.606167708782E+00             1.176282300539E-03
   55.000000                  5.610114930886E+00             1.192089121667E-03
   55.500000                  5.614115124466E+00             1.208065929027E-03
   56.000000                  5.618168861637E+00             1.224216035636E-03
   56.500000                  5.622276725676E+00             1.240542823863E-03
   57.000000                  5.626439311249E+00             1.257049747323E-03
   57.500000                  5.630657224657E+00             1.273740332819E-03
   58.000000                  5.634931084082E+00             1.290618182359E-03
   58.500000                  5.639261519839E+00             1.307686975218E-03
   59.000000                  5.643649174641E+00             1.324950470082E-03
   59.500000                  5.648094703862E+00             1.342412507243E-03
   60.000000                  5.652598775820E+00             1.360077010877E-03
   60.500000                  5.657162072053E+00             1.377947991381E-03
   61.000000                  5.661785287616E+00             1.396029547799E-03
   61.500000                  5.666469131376E+00             1.414325870311E-03
   62.000000                  5.671214326325E+00             1.432841242815E-03
   62.500000                  5.676021609892E+00             1.451580045581E-03
   63.000000                  5.680891734274E+00             1.470546757998E-03
   63.500000                  5.685825466765E+00             1.489745961413E-03
   64.000000                  5.690823590106E+00             1.509182342053E-03
   64.500000                  5.695886902836E+00             1.528860694057E-03
   65.000000                  5.701016219658E+00             1.548785922594E-03
   65.500000                  5.706212371818E+00             1.568963047097E-03
   66.000000                  5.711476207485E+00             1.589397204598E-03
   66.500000                  5.716808592152E+00             1.610093653179E-03
   67.000000                  5.722210409046E+00             1.631057775536E-03
   67.500000                  5.727682559550E+00             1.652295082672E-03
   68.000000                  5.733225963633E+00             1.673811217702E-03
   68.500000                  5.738841560302E+00             1.695611959806E-03
   69.000000                  5.744530308059E+00             1.717703228304E-03
   69.500000                  5.750293185376E+00             1.740091086880E-03
   70.000000                  5.756131191183E+00             1.762781747955E-03
   70.500000                  5.762045345373E+00             1.785781577203E-03
   71.000000                  5.768036689319E+00             1.809097098239E-03
   71.500000                  5.774106286408E+00             1.832734997467E-03
   72.000000                  5.780255222593E+00             1.856702129097E-03
   72.500000                  5.786484606962E+00             1.881005520349E-03
   73.000000                  5.792795572321E+00             1.905652376840E-03
   73.500000                  5.799189275798E+00             1.930650088169E-03
   74.000000                  5.805666899471E+00             1.956006233697E-03
   74.500000                  5.812229651003E+00             1.981728588552E-03
   75.000000                  5.818878764309E+00             2.007825129846E-03
   75.500000                  5.825615500240E+00             2.034304043116E-03
   76.000000                  5.832441147288E+00             2.061173729024E-03
   76.500000                  5.839357022314E+00             2.088442810283E-03
   77.000000                  5.846364471302E+00             2.116120138866E-03
   77.500000                  5.853464870133E+00             2.144214803468E-03
   78.000000                  5.860659625388E+00             2.172736137269E-03
   78.500000                  5.867950175177E+00             2.201693725976E-03
   79.000000                  5.875337989994E+00             2.231097416192E-03
   79.500000                  5.882824573601E+00             2.260957324095E-03
   80.000000                  5.890411463941E+00             2.291283844458E-03
   80.500000                  5.898100234084E+00             2.322087660023E-03
   81.000000                  5.905892493198E+00             2.353379751246E-03
   81.500000                  5.913789887566E+00             2.385171406418E-03
   82.000000                  5.921794101623E+00             2.417474232199E-03
   82.500000                  5.929906859037E+00             2.450300164565E-03
   83.000000                  5.938129923827E+00             2.483661480201E-03
   83.500000                  5.946465101518E+00             2.517570808349E-03
   84.000000                  5.954914240335E+00             2.552041143145E-03
   84.500000                  5.963479232441E+00             2.587085856455E-03
   85.000000                  5.972162015218E+00             2.622718711240E-03
   85.500000                  5.980964572597E+00             2.658953875478E-03
   86.000000                  5.989888936426E+00             2.695805936667E-03
   86.500000                  5.998937187898E+00             2.733289916924E-03
   87.000000                  6.008111459025E+00             2.771421288740E-03
   87.500000                  6.017413934165E+00             2.810215991383E-03
   88.000000                  6.026846851605E+00             2.849690448019E-03
   88.500000                  6.036412505208E+00             2.889861583555E-03
   89.000000                  6.046113246112E+00             2.930746843259E-03
   89.500000                  6.055951484499E+00             2.972364212191E-03
   90.000000                  6.065929691424E+00             3.014732235479E-03
   90.500000                  6.076050400724E+00             3.057870039493E-03
   91.000000                  6.086316210985E+00             3.101797353955E-03
   91.500000                  6.096729787594E+00             3.146534535031E-03
   92.000000                  6.107293864866E+00             3.192102589468E-03
   92.500000                  6.118011248258E+00             3.238523199816E-03
   93.000000                  6.128884816660E+00             3.285818750793E-03
   93.500000                  6.139917524783E+00             3.334012356867E-03
   94.000000                  6.151112405641E+00             3.383127891097E-03
   94.500000                  6.162472573127E+00             3.433190015320E-03
   95.000000                  6.174001224696E+00             3.484224211742E-03
   95.500000                  6.185701644151E+00             3.536256816018E-03
   96.000000                  6.197577204549E+00             3.589315051893E-03
   96.500000                  6.209631371221E+00             3.643427067493E-03
   97.000000                  6.221867704911E+00             3.698621973365E-03
   97.500000                  6.234289865055E+00             3.754929882339E-03
   98.000000                  6.246901613190E+00             3.812381951344E-03
   98.500000                  6.259706816504E+00             3.871010425262E-03
   99.000000                  6.272709451541E+00             3.930848682947E-03
   99.500000                  6.285913608059E+00             3.991931285532E-03
  100.000000                  6.299323493056E+00             4.054294027152E-03
  100.500000                  6.312943434967E+00             4.117973988218E-03
  101.000000                  6.326777888042E+00             4.183009591399E-03
  101.500000                  6.340831436920E+00             4.249440660467E-03
  102.000000                  6.355108801402E+00             4.317308482166E-03
  102.500000                  6.369614841431E+00             4.386655871301E-03
  103.000000                  6.384354562300E+00             4.457527239216E-03
  103.500000                  6.399333120094E+00             4.529968665886E-03
  104.000000                  6.414555827377E+00             4.604027975839E-03
  104.500000                  6.430028159136E+00             4.679754818121E-03
  105.000000                  6.445755759004E+00             4.757200750586E-03
  105.500000                  6.461744445769E+00             4.836419328756E-03
  106.000000                  6.478000220186E+00             4.917466199536E-03
  106.500000                  6.494529272114E+00             5.000399200113E-03
  107.000000                  6.511337987982E+00             5.085278462336E-03
  107.500000                  6.528432958629E+00             5.172166522960E-03
  108.000000                  6.545820987504E+00             5.261128440102E-03
  108.500000                  6.563509099276E+00             5.352231916344E-03
  109.000000                  6.581504548864E+00             5.445547428890E-03
  109.500000                  6.599814830911E+00             5.541148367267E-03
  110.000000                  6.618447689732E+00             5.639111179062E-03
  110.500000                  6.637411129761E+00             5.739515524230E-03
  111.000000                  6.656713426528E+00             5.842444438570E-03
  111.500000                  6.676363138198E+00             5.947984506990E-03
  112.000000                  6.696369117700E+00             6.056226047220E-03
  112.500000                  6.716740525495E+00             6.167263304736E-03
  113.000000                  6.737486843004E+00             6.281194659640E-03
  113.500000                  6.758617886754E+00             6.398122846385E-03
  114.000000                  6.780143823277E+00             6.518155187220E-03
  114.500000                  6.802075184807E+00             6.641403840390E-03
  115.000000                  6.824422885837E+00             6.767986064122E-03
  115.500000                  6.847198240580E+00             6.898024497591E-03
  116.000000                  6.870412981396E+00             7.031647460100E-03
  116.500000                  6.894079278250E+00             7.168989269852E-03
  117.000000                  6.918209759265E+00             7.310190583786E-03
  117.500000                  6.942817532449E+00             7.455398760090E-03
  118.000000                  6.967916208668E+00             7.604768245123E-03
  118.500000                  6.993519925948E+00             7.758460986662E-03
  119.000000                  7.019643375207E+00             7.916646875528E-03
  119.500000                  7.046301827508E+00             8.079504217841E-03
  120.000000                  7.073511162938E+00             8.247220240358E-03
  120.500000                  7.101287901229E+00             8.419991631578E-03
  121.000000                  7.129649234253E+00             8.598025121514E-03
  121.500000                  7.158613060510E+00             8.781538103355E-03
  122.000000                  7.188198021766E+00             8.970759300478E-03
  122.500000                  7.218423541996E+00             9.165929482663E-03
  123.000000                  7.249309868800E+00             9.367302235671E-03
  123.500000                  7.280878117477E+00             9.575144788814E-03
  124.000000                  7.313150317966E+00             9.789738905530E-03
  124.500000                  7.346149464865E+00             1.001138184253E-02
  125.000000                  7.379899570765E+00             1.024038738361E-02
  125.500000                  7.414425723171E+00             1.047708695484E-02
  126.000000                  7.449754145279E+00             1.072183082855E-02
  126.500000                  7.485912260926E+00             1.097498942424E-02
  127.000000                  7.522928764052E+00             1.123695471553E-02
  127.500000                  7.560833693041E+00             1.150814175304E-02
  128.000000                  7.599658510339E+00             1.178899031429E-02
  128.500000                  7.639436187809E+00             1.207996669293E-02
  129.000000                  7.680201298289E+00             1.238156564075E-02
  129.500000                  7.721990113910E+00             1.269431247781E-02
  130.000000                  7.764840711734E+00             1.301876538723E-02
  130.500000                  7.808793087386E+00             1.335551791369E-02
  131.000000                  7.853889277374E+00             1.370520168620E-02
  131.500000                  7.900173490889E+00             1.406848938876E-02
  132.000000                  7.947692251951E+00             1.444609800484E-02
  132.500000                  7.996494552872E+00             1.483879236503E-02
  133.000000                  8.046632020081E+00             1.524738903058E-02
  133.500000                  8.098159093504E+00             1.567276054977E-02
  134.000000                  8.151133220813E+00             1.611584012845E-02
  134.500000                  8.205615067981E+00             1.657762676163E-02
  135.000000                  8.261668747783E+00             1.705919087876E-02
  135.500000                  8.319362068053E+00             1.756168056223E-02
  136.000000                  8.378766801694E+00             1.808632840693E-02
  136.500000                  8.439958980736E+00             1.863445909704E-02
  137.000000                  8.503019216943E+00             1.920749778752E-02
  137.500000                  8.568033051832E+00             1.980697938912E-02
  138.000000                  8.635091339282E+00             2.043455887019E-02
  138.500000                  8.704290664355E+00             2.109202270444E-02
  139.000000                  8.775733802356E+00             2.178130161273E-02
  139.500000                  8.849530222751E+00             2.250448476878E-02
  140.000000                  8.925796643112E+00             2.326383566430E-02
  140.500000                  9.004657639007E+00             2.406180985862E-02
  141.000000                  9.086246316514E+00             2.490107487336E-02
  141.500000                  9.170705055014E+00             2.578453253325E-02
  142.000000                  9.258186328965E+00             2.671534410333E-02
  142.500000                  9.348853618641E+00             2.769695862942E-02
  143.000000                  9.442882421283E+00             2.873314495739E-02
  143.500000                  9.540461375801E+00             2.982802798702E-02
  144.000000                  9.641793516208E+00             3.098612981285E-02
  144.500000                  9.747097671296E+00             3.221241651969E-02
  145.000000                  9.856610030867E+00             3.351235153872E-02
  145.500000                  9.970585902086E+00             3.489195663676E-02
  146.000000                  1.008930168347E+01             3.635788181288E-02
  146.500000                  1.021305708858E+01             3.791748562036E-02
  147.000000                  1.034217765719E+01             3.957892773006E-02
  147.500000                  1.047701759799E+01             4.135127591448E-02
  148.000000                  1.061796301540E+01             4.324463007845E-02
  148.500000                  1.076543558204E+01             4.527026651275E-02
  149.000000                  1.091989673070E+01             4.744080622869E-02
  149.500000                  1.108185245337E+01             4.977041207968E-02
  150.000000                  1.125185881255E+01             5.227502043653E-02
  150.500000                  1.143052829126E+01             5.497261451600E-02
  151.000000                  1.161853713451E+01             5.788354814611E-02
  151.500000                  1.181663386764E+01             6.103093089216E-02
  152.000000                  1.202564921774E+01             6.444108820227E-02
  152.500000                  1.224650771521E+01             6.814411375010E-02
  153.000000                  1.248024131716E+01             7.217453570649E-02
  153.500000                  1.272800547591E+01             7.657212460941E-02
  154.000000                  1.299109818039E+01             8.138287829701E-02
  154.500000                  1.327098263237E+01             8.666022968316E-02
  155.000000                  1.356931439365E+01             9.246653691380E-02
  155.500000                  1.388797406743E+01             9.887493395360E-02
  156.000000                  1.422910687630E+01             1.059716447869E-01
  156.500000                  1.459517089628E+01             1.138588988764E-01
  157.000000                  1.498899623905E+01             1.226586332616E-01
  157.500000                  1.541385819497E+01             1.325172335443E-01
  158.000000                  1.587356833585E+01             1.436116607906E-01
  158.500000                  1.637258894084E+01             1.561574474413E-01
  159.000000                  1.691617802071E+01             1.704192433497E-01
  159.500000                  1.751057492986E+01             1.867248855634E-01
  160.000000                  1.816324046394E+01             2.054844044858E-01
  160.500000                  1.888317105755E+01             2.272160495519E-01
  161.000000                  1.968131520254E+01             2.525824612261E-01
  161.500000                  2.057113309742E+01             2.824417747931E-01
  162.000000                  2.156936047977E+01             3.179211384886E-01
  162.500000                  2.269706914281E+01             3.605246264798E-01
  163.000000                  2.398116782171E+01             4.122952426275E-01
  163.500000                  2.545657253126E+01             4.760643687492E-01
  164.000000                  2.716942247596E+01             5.558470615841E-01
  164.500000                  2.918198004921E+01             6.574894403680E-01
  165.000000                  3.158034125424E+01             7.897700872258E-01
  165.500000                  3.448703374206E+01             9.663593074721E-01
  166.000000                  3.808253879501E+01             1.209494001921E+00
  166.500000                  4.264408524370E+01             1.557326128320E+00
  167.000000                  4.862034103550E+01             2.079826220128E+00
  167.500000                  5.678767467814E+01             2.916837515389E+00
  168.000000                  6.861441333773E+01             4.382015272599E+00
  168.500000                  8.724468597201E+01             7.303980261345E+00
  169.000000                  1.207879010854E+02             1.450261629953E+01
  169.500000                  1.977032550975E+02             4.110490355669E+01
  170.000000                  4.571600837243E+02             3.294309515140E+02
  170.500000                 -3.816596587440E+02             1.970731007540E+02
  171.000000                 -1.696429385549E+02             3.284635992190E+01
  171.500000                 -1.048155113988E+02             1.263457208641E+01
  172.000000                 -7.494378119882E+01             6.614423767384E+00
  172.500000                 -5.786941535102E+01             4.055855681100E+00
  173.000000                 -4.684043423249E+01             2.737720771085E+00
  173.500000                 -3.913503766722E+01             1.971148465789E+00
  174.000000                 -3.344976076073E+01             1.486515927193E+00
  174.500000                 -2.908317089306E+01             1.160822852062E+00
  175.000000                 -2.562459353947E+01             9.314847554554E-01
  175.500000                 -2.281771658532E+01             7.639360715182E-01
  176.000000                 -2.049433971687E+01             6.378246214476E-01
  176.500000                 -1.853952869979E+01             5.405352287371E-01
  177.000000                 -1.687208644772E+01             4.639114037396E-01
  177.500000                 -1.543302551092E+01             4.024900027015E-01
  178.000000                 -1.417846309788E+01             3.525005317863E-01
  178.500000                 -1.307507873101E+01             3.112727716978E-01
  179.000000                 -1.209711764347E+01             2.768728602034E-01
  179.500000                 -1.122435933113E+01             2.478724247200E-01
  180.000000                 -1.044070714837E+01             2.231979460457E-01
  180.500000                 -9.733188226145E+00             2.020300028671E-01
  181.000000                 -9.091230910311E+00             1.837343769684E-01
  181.500000                 -8.506133860722E+00             1.678140049072E-01
  182.000000                 -7.970670020129E+00             1.538748672645E-01
  182.500000                 -7.478787109649E+00             1.416013796201E-01
  183.000000                 -7.025378277943E+00             1.307383766301E-01
  183.500000                 -6.606104455747E+00             1.210777451971E-01
  184.000000                 -6.217255310476E+00             1.124483845586E-01
  184.500000                 -5.855639358735E+00             1.047085795684E-01
  185.000000                 -5.518496344862E+00             9.774014635935E-02
  185.500000                 -5.203426794305E+00             9.144389483863E-02
  186.000000                 -4.908334938903E+00             8.573608007823E-02
  186.500000                 -4.631382143877E+00             8.054560375554E-02
  187.000000                 -4.370948649418E+00             7.581178978979E-02
  187.500000                 -4.125601945266E+00             7.148260337937E-02
  188.000000                 -3.894070474388E+00             6.751321523205E-02
  188.500000                 -3.675221646802E+00             6.386483658949E-02
  189.000000                 -3.468043361294E+00             6.050376821265E-02
  189.500000                 -3.271628399031E+00             5.740061956916E-02
  190.000000                 -3.085161181498E+00             5.452966428074E-02
  190.500000                 -2.907906485181E+00             5.186830531740E-02
  191.000000                 -2.739199783799E+00             4.939662909131E-02
  191.500000                 -2.578438950680E+00             4.709703195413E-02
  192.000000                 -2.425077102922E+00             4.495390596743E-02
  192.500000                 -2.278616408182E+00             4.295337343481E-02
  193.000000                 -2.138602706315E+00             4.108306173623E-02
  193.500000                 -2.004620823473E+00             3.933191162041E-02
  194.000000                 -1.876290476855E+00             3.769001339214E-02
  194.500000                 -1.753262685022E+00             3.614846645015E-02
  195.000000                 -1.635216612444E+00             3.469925844781E-02
  195.500000                 -1.521856788207E+00             3.333516100502E-02
  196.000000                 -1.412910648119E+00             3.204963943034E-02
  196.500000                 -1.308126357190E+00             3.083677434284E-02
  197.000000                 -1.207270875858E+00             2.969119343434E-02
  197.500000                 -1.110128238729E+00             2.860801189990E-02
  198.000000                 -1.016498019054E+00             2.758278030059E-02
  198.500000                 -9.261939559952E-01             2.661143881740E-02
  199.000000                 -8.390427248823E-01             2.569027701636E-02
  199.500000                 -7.548828333855E-01             2.481589837887E-02
  200.000000                 -6.735636288154E-01             2.398518896309E-02
  200.500000                 -5.949444037114E-01             2.319528965543E-02
  201.000000                 -5.188935885514E-01             2.244357154983E-02
  201.500000                 -4.452880218407E-01             2.172761405813E-02
  202.000000                 -3.740122890614E-01             2.104518541090E-02
  202.500000                 -3.049581230234E-01             2.039422525478E-02
  203.000000                 -2.380238590626E-01             1.977282909280E-02
  203.500000                 -1.731139393225E-01             1.917923434782E-02
  204.000000                 -1.101384610369E-01             1.861180785852E-02
  204.500000                 -4.901276432205E-02             1.806903464200E-02
  205.000000                  1.034294449332E-02             1.754950777857E-02
  205.500000                  6.800393752542E-02             1.705191929233E-02
  206.000000                  1.240412811095E-01             1.657505191720E-02
  206.500000                  1.785221254754E-01             1.611777165133E-02
  207.000000                  2.315099708074E-01             1.567902101496E-02
  207.500000                  2.830649119036E-01             1.525781293667E-02
  208.000000                  3.332438634172E-01             1.485322520197E-02
  208.500000                  3.821007674540E-01             1.446439540595E-02
  209.000000                  4.296867851172E-01             1.409051635835E-02
  209.500000                  4.760504734302E-01             1.373083189515E-02
  210.000000                  5.212379489223E-01             1.338463305633E-02
  210.500000                  5.652930390365E-01             1.305125459346E-02
  211.000000                  6.082574224035E-01             1.273007177506E-02
  211.500000                  6.501707589256E-01             1.242049746112E-02
  212.000000                  6.910708105247E-01             1.212197942109E-02
  212.500000                  7.309935533244E-01             1.183399787247E-02
  213.000000                  7.699732819706E-01             1.155606321956E-02
  213.500000                  8.080427067220E-01             1.128771397391E-02
  214.000000                  8.452330438914E-01             1.102851484002E-02
  214.500000                  8.815741001612E-01             1.077805495144E-02
  215.000000                  9.170943512528E-01             1.053594624390E-02
  215.500000                  9.518210153857E-01             1.030182195348E-02
  216.000000                  9.857801219248E-01             1.007533522885E-02
  216.500000                  1.018996575579E+00             9.856157847994E-03
  217.000000                  1.051494216483E+00             9.643979030241E-03
  217.500000                  1.083295876474E+00             9.438504335861E-03
  218.000000                  1.114423431826E+00             9.239454645754E-03
  218.500000                  1.144897852719E+00             9.046565214722E-03
  219.000000                  1.174739249659E+00             8.859584792287E-03
  219.500000                  1.203966917077E+00             8.678274805619E-03
  220.000000                  1.232599374304E+00             8.502408599596E-03
  220.500000                  1.260654404091E+00             8.331770729495E-03
  221.000000                  1.288149088869E+00             8.166156302163E-03
  221.500000                  1.315099844879E+00             8.005370361932E-03
  222.000000                  1.341522454325E+00             7.849227317827E-03
  222.500000                  1.367432095686E+00             7.697550408919E-03
  223.000000                  1.392843372306E+00             7.550171204957E-03
  223.500000                  1.417770339372E+00             7.406929139644E-03
  224.000000                  1.442226529385E+00             7.267671074126E-03
  224.500000                  1.466224976236E+00             7.132250888501E-03
  225.000000                  1.489778237948E+00             7.000529099292E-03
  225.500000                  1.512898418191E+00             6.872372501024E-03
  226.000000                  1.535597186646E+00             6.747653830186E-03
  226.500000                  1.557885798275E+00             6.626251449993E-03
  227.000000                  1.579775111577E+00             6.508049054482E-03
  227.500000                  1.601275605887E+00             6.392935390608E-03
  228.000000                  1.622397397778E+00             6.280803997102E-03
  228.500000                  1.643150256621E+00             6.171552958931E-03
  229.000000                  1.663543619345E+00             6.065084676317E-03
  229.500000                  1.683586604458E+00             5.961305647331E-03
  230.000000                  1.703288025356E+00             5.860126263162E-03
  230.500000                  1.722656402979E+00             5.761460615216E-03
  231.000000                  1.741699977834E+00             5.665226313276E-03
  231.500000                  1.760426721435E+00             5.571344314006E-03
  232.000000                  1.778844347188E+00             5.479738759123E-03
  232.500000                  1.796960320745E+00             5.390336822630E-03
  233.000000                  1.814781869874E+00             5.303068566528E-03
  233.500000                  1.832315993851E+00             5.217866804470E-03
  234.000000                  1.849569472415E+00             5.134666972876E-03
  234.500000                  1.866548874307E+00             5.053407009025E-03
  235.000000                  1.883260565412E+00             4.974027235718E-03
  235.500000                  1.899710716523E+00             4.896470252090E-03
  236.000000                  1.915905310758E+00             4.820680830213E-03
  236.500000                  1.931850150633E+00             4.746605817140E-03
  237.000000                  1.947550864829E+00             4.674194042051E-03
  237.500000                  1.963012914645E+00             4.603396228226E-03
  238.000000                  1.978241600173E+00             4.534164909533E-03
  238.500000                  1.993242066200E+00             4.466454351186E-03
  239.000000                  2.008019307849E+00             4.400220474521E-03
  239.500000                  2.022578175984E+00             4.335420785550E-03
  240.000000                  2.036923382376E+00             4.272014307097E-03
  240.500000                  2.051059504646E+00             4.209961514289E-03
  241.000000                  2.064990991011E+00             4.149224273231E-03
  241.500000                  2.078722164815E+00             4.089765782683E-03
  242.000000                  2.092257228880E+00             4.031550518564E-03
  242.500000                  2.105600269674E+00             3.974544181138E-03
  243.000000                  2.118755261311E+00             3.918713644731E-03
  243.500000                  2.131726069377E+00             3.864026909837E-03
  244.000000                  2.144516454612E+00             3.810453057489E-03
  244.500000                  2.157130076439E+00             3.757962205777E-03
  245.000000                  2.169570496347E+00             3.706525468390E-03
  245.500000                  2.181841181146E+00             3.656114915074E-03
  246.000000                  2.193945506089E+00             3.606703533921E-03
  246.500000                  2.205886757875E+00             3.558265195373E-03
  247.000000                  2.217668137529E+00             3.510774617864E-03
  247.500000                  2.229292763175E+00             3.464207335016E-03
  248.000000                  2.240763672701E+00             3.418539664301E-03
  248.500000                  2.252083826320E+00             3.373748677101E-03
  249.000000                  2.263256109037E+00             3.329812170096E-03
  249.500000                  2.274283333017E+00             3.286708637910E-03
  250.000000                  2.285168239871E+00             3.244417246948E-03
  250.500000                  2.295913502854E+00             3.202917810380E-03
  251.000000                  2.306521728975E+00             3.162190764196E-03
  251.500000                  2.316995461039E+00             3.122217144291E-03
  252.000000                  2.327337179609E+00             3.082978564533E-03
  252.500000                  2.337549304898E+00             3.044457195754E-03
  253.000000                  2.347634198589E+00             3.006635745628E-03
  253.500000                  2.357594165595E+00             2.969497439395E-03
  254.000000                  2.367431455750E+00             2.933026001387E-03
  254.500000                  2.377148265446E+00             2.897205637313E-03
  255.000000                  2.386746739208E+00             2.862021017284E-03
  255.500000                  2.396228971212E+00             2.827457259521E-03
  256.000000                  2.405597006758E+00             2.793499914732E-03
  256.500000                  2.414852843680E+00             2.760134951122E-03
  257.000000                  2.423998433718E+00             2.727348740001E-03
  257.500000                  2.433035683838E+00             2.695128041970E-03
  258.000000                  2.441966457504E+00             2.663459993658E-03
  258.500000                  2.450792575913E+00             2.632332094978E-03
  259.000000                  2.459515819185E+00             2.601732196890E-03
  259.500000                  2.468137927514E+00             2.571648489638E-03
  260.000000                  2.476660602278E+00             2.542069491446E-03
  260.500000                  2.485085507114E+00             2.512984037648E-03
  261.000000                  2.493414268961E+00             2.484381270245E-03
  261.500000                  2.501648479059E+00             2.456250627847E-03
  262.000000                  2.509789693928E+00             2.428581836010E-03
  262.500000                  2.517839436306E+00             2.401364897934E-03
  263.000000                  2.525799196059E+00             2.374590085505E-03
  263.500000                  2.533670431062E+00             2.348247930685E-03
  264.000000                  2.541454568052E+00             2.322329217210E-03
  264.500000                  2.549153003457E+00             2.296824972603E-03
  265.000000                  2.556767104191E+00             2.271726460476E-03
  265.500000                  2.564298208431E+00             2.247025173120E-03
  266.000000                  2.571747626366E+00             2.222712824359E-03
  266.500000                  2.579116640927E+00             2.198781342666E-03
  267.000000                  2.586406508487E+00             2.175222864529E-03
  267.500000                  2.593618459547E+00             2.152029728050E-03
  268.000000                  2.600753699395E+00             2.129194466777E-03
  268.500000                  2.607813408749E+00             2.106709803754E-03
  269.000000                  2.614798744381E+00             2.084568645780E-03
  269.500000                  2.621710839716E+00             2.062764077871E-03
  270.000000                  2.628550805419E+00             2.041289357915E-03
  270.500000                  2.635319729965E+00             2.020137911515E-03
  271.000000                  2.642018680184E+00             1.999303327005E-03
  271.500000                  2.648648701802E+00             1.978779350647E-03
  272.000000                  2.655210819954E+00             1.958559881987E-03
  272.500000                  2.661706039691E+00             1.938638969364E-03
  273.000000                  2.668135346468E+00             1.919010805587E-03
  273.500000                  2.674499706618E+00             1.899669723740E-03
  274.000000                  2.680800067811E+00             1.880610193145E-03
  274.500000                  2.687037359504E+00             1.861826815444E-03
  275.000000                  2.693212493378E+00             1.843314320826E-03
  275.500000                  2.699326363754E+00             1.825067564370E-03
  276.000000                  2.705379848007E+00             1.807081522512E-03
  276.500000                  2.711373806968E+00             1.789351289628E-03
  277.000000                  2.717309085304E+00             1.771872074726E-03
  277.500000                  2.723186511902E+00             1.754639198251E-03
  278.000000                  2.729006900230E+00             1.737648088988E-03
  278.500000                  2.734771048697E+00             1.720894281069E-03
  279.000000                  2.740479740997E+00             1.704373411072E-03
  279.500000                  2.746133746447E+00             1.688081215219E-03
  280.000000                  2.751733820311E+00             1.672013526654E-03
  280.500000                  2.757280704126E+00             1.656166272818E-03
  281.000000                  2.762775126005E+00             1.640535472895E-03
  281.500000                  2.768217800942E+00             1.625117235349E-03
  282.000000                  2.773609431105E+00             1.609907755532E-03
  282.500000                  2.778950706120E+00             1.594903313365E-03
  283.000000                  2.784242303354E+00             1.580100271097E-03
  283.500000                  2.789484888179E+00             1.565495071128E-03
  284.000000                  2.794679114243E+00             1.551084233898E-03
  284.500000                  2.799825623720E+00             1.536864355847E-03
  285.000000                  2.804925047563E+00             1.522832107429E-03
  285.500000                  2.809978005749E+00             1.508984231192E-03
  286.000000                  2.814985107513E+00             1.495317539913E-03
  286.500000                  2.819946951583E+00             1.481828914791E-03
  287.000000                  2.824864126399E+00             1.468515303692E-03
  287.500000                  2.829737210339E+00             1.455373719446E-03
  288.000000                  2.834566771930E+00             1.442401238200E-03
  288.500000                  2.839353370055E+00             1.429594997809E-03
  289.000000                  2.844097554157E+00             1.416952196286E-03
  289.500000                  2.848799864438E+00             1.404470090290E-03
  290.000000                  2.853460832053E+00             1.392145993658E-03
  290.500000                  2.858080979294E+00             1.379977275988E-03
  291.000000                  2.862660819777E+00             1.367961361247E-03
  291.500000                  2.867200858621E+00             1.356095726439E-03
  292.000000                  2.871701592621E+00             1.344377900293E-03
  292.500000                  2.876163510418E+00             1.332805462001E-03
  293.000000                  2.880587092668E+00             1.321376039986E-03
  293.500000                  2.884972812202E+00             1.310087310706E-03
  294.000000                  2.889321134183E+00             1.298936997492E-03
  294.500000                  2.893632516263E+00             1.287922869420E-03
  295.000000                  2.897907408731E+00             1.277042740211E-03
  295.500000                  2.902146254664E+00             1.266294467165E-03
  296.000000                  2.906349490066E+00             1.255675950124E-03
  296.500000                  2.910517544009E+00             1.245185130462E-03


                             Tensor Component : xz

    Energy                        Real(eps_lf)                    Im(eps_lf)

    0.000000                  0.000000000000E+00             0.000000000000E+00
    0.500000                  0.000000000000E+00             0.000000000000E+00
    1.000000                  0.000000000000E+00             0.000000000000E+00
    1.500000                  0.000000000000E+00             0.000000000000E+00
    2.000000                  0.000000000000E+00             0.000000000000E+00
    2.500000                  0.000000000000E+00             0.000000000000E+00
    3.000000                  0.000000000000E+00             0.000000000000E+00
    3.500000                  0.000000000000E+00             0.000000000000E+00
    4.000000                  0.000000000000E+00             0.000000000000E+00
    4.500000                  0.000000000000E+00             0.000000000000E+00
    5.000000                  0.000000000000E+00             0.000000000000E+00
    5.500000                  0.000000000000E+00             0.000000000000E+00
    6.000000                  0.000000000000E+00             0.000000000000E+00
    6.500000                  0.000000000000E+00             0.000000000000E+00
    7.000000                  0.000000000000E+00             0.000000000000E+00
    7.500000                  0.000000000000E+00             0.000000000000E+00
    8.000000                  0.000000000000E+00             0.000000000000E+00
    8.500000                  0.000000000000E+00             0.000000000000E+00
    9.000000                  0.000000000000E+00             0.000000000000E+00
    9.500000                  0.000000000000E+00             0.000000000000E+00
   10.000000                  0.000000000000E+00             0.000000000000E+00
   10.500000                  0.000000000000E+00             0.000000000000E+00
   11.000000                  0.000000000000E+00             0.000000000000E+00
   11.500000                  0.000000000000E+00             0.000000000000E+00
   12.000000                  0.000000000000E+00             0.000000000000E+00
   12.500000                  0.000000000000E+00             0.000000000000E+00
   13.000000                  0.000000000000E+00             0.000000000000E+00
   13.500000                  0.000000000000E+00             0.000000000000E+00
   14.000000                  0.000000000000E+00             0.000000000000E+00
   14.500000                  0.000000000000E+00             0.000000000000E+00
   15.000000                  0.000000000000E+00             0.000000000000E+00
   15.500000                  0.000000000000E+00             0.000000000000E+00
   16.000000                  0.000000000000E+00             0.000000000000E+00
   16.500000                  0.000000000000E+00             0.000000000000E+00
   17.000000                  0.000000000000E+00             0.000000000000E+00
   17.500000                  0.000000000000E+00             0.000000000000E+00
   18.000000                  0.000000000000E+00             0.000000000000E+00
   18.500000                  0.000000000000E+00             0.000000000000E+00
   19.000000                  0.000000000000E+00             0.000000000000E+00
   19.500000                  0.000000000000E+00             0.000000000000E+00
   20.000000                  0.000000000000E+00             0.000000000000E+00
   20.500000                  0.000000000000E+00             0.000000000000E+00
   21.000000                  0.000000000000E+00             0.000000000000E+00
   21.500000                  0.000000000000E+00             0.000000000000E+00
   22.000000                  0.000000000000E+00             0.000000000000E+00
   22.500000                  0.000000000000E+00             0.000000000000E+00
   23.000000                  0.000000000000E+00             0.000000000000E+00
   23.500000                  0.000000000000E+00             0.000000000000E+00
   24.000000                  0.000000000000E+00             0.000000000000E+00
   24.500000                  0.000000000000E+00             0.000000000000E+00
   25.000000                  0.000000000000E+00             0.000000000000E+00
   25.500000                  0.000000000000E+00             0.000000000000E+00
   26.000000                  0.000000000000E+00             0.000000000000E+00
   26.500000                  0.000000000000E+00             0.000000000000E+00
   27.000000                  0.000000000000E+00             0.000000000000E+00
   27.500000                  0.000000000000E+00             0.000000000000E+00
   28.000000                  0.000000000000E+00             0.000000000000E+00
   28.500000                  0.000000000000E+00             0.000000000000E+00
   29.000000                  0.000000000000E+00             0.000000000000E+00
   29.500000                  0.000000000000E+00             0.000000000000E+00
   30.000000                  0.000000000000E+00             0.000000000000E+00
   30.500000                  0.000000000000E+00             0.000000000000E+00
   31.000000                  0.000000000000E+00             0.000000000000E+00
   31.500000                  0.000000000000E+00             0.000000000000E+00
   32.000000                  0.000000000000E+00             0.000000000000E+00
   32.500000                  0.000000000000E+00             0.000000000000E+00
   33.000000                  0.000000000000E+00             0.000000000000E+00
   33.500000                  0.000000000000E+00             0.000000000000E+00
   34.000000                  0.000000000000E+00             0.000000000000E+00
   34.500000                  0.000000000000E+00             0.000000000000E+00
   35.000000                  0.000000000000E+00             0.000000000000E+00
   35.500000                  0.000000000000E+00             0.000000000000E+00
   36.000000                  0.000000000000E+00             0.000000000000E+00
   36.500000                  0.000000000000E+00             0.000000000000E+00
   37.000000                  0.000000000000E+00             0.000000000000E+00
   37.500000                  0.000000000000E+00             0.000000000000E+00
   38.000000                  0.000000000000E+00             0.000000000000E+00
   38.500000                  0.000000000000E+00             0.000000000000E+00
   39.000000                  0.000000000000E+00             0.000000000000E+00
   39.500000                  0.000000000000E+00             0.000000000000E+00
   40.000000                  0.000000000000E+00             0.000000000000E+00
   40.500000                  0.000000000000E+00             0.000000000000E+00
   41.000000                  0.000000000000E+00             0.000000000000E+00
   41.500000                  0.000000000000E+00             0.000000000000E+00
   42.000000                  0.000000000000E+00             0.000000000000E+00
   42.500000                  0.000000000000E+00             0.000000000000E+00
   43.000000                  0.000000000000E+00             0.000000000000E+00
   43.500000                  0.000000000000E+00             0.000000000000E+00
   44.000000                  0.000000000000E+00             0.000000000000E+00
   44.500000                  0.000000000000E+00             0.000000000000E+00
   45.000000                  0.000000000000E+00             0.000000000000E+00
   45.500000                  0.000000000000E+00             0.000000000000E+00
   46.000000                  0.000000000000E+00             0.000000000000E+00
   46.500000                  0.000000000000E+00             0.000000000000E+00
   47.000000                  0.000000000000E+00             0.000000000000E+00
   47.500000                  0.000000000000E+00             0.000000000000E+00
   48.000000                  0.000000000000E+00             0.000000000000E+00
   48.500000                  0.000000000000E+00             0.000000000000E+00
   49.000000                  0.000000000000E+00             0.000000000000E+00
   49.500000                  0.000000000000E+00             0.000000000000E+00
   50.000000                  0.000000000000E+00             0.000000000000E+00
   50.500000                  0.000000000000E+00             0.000000000000E+00
   51.000000                  0.000000000000E+00             0.000000000000E+00
   51.500000                  0.000000000000E+00             0.000000000000E+00
   52.000000                  0.000000000000E+00             0.000000000000E+00
   52.500000                  0.000000000000E+00             0.000000000000E+00
   53.000000                  0.000000000000E+00             0.000000000000E+00
   53.500000                  0.000000000000E+00             0.000000000000E+00
   54.000000                  0.000000000000E+00             0.000000000000E+00
   54.500000                  0.000000000000E+00             0.000000000000E+00
   55.000000                  0.000000000000E+00             0.000000000000E+00
   55.500000                  0.000000000000E+00             0.000000000000E+00
   56.000000                  0.000000000000E+00             0.000000000000E+00
   56.500000                  0.000000000000E+00             0.000000000000E+00
   57.000000                  0.000000000000E+00             0.000000000000E+00
   57.500000                  0.000000000000E+00             0.000000000000E+00
   58.000000                  0.000000000000E+00             0.000000000000E+00
   58.500000                  0.000000000000E+00             0.000000000000E+00
   59.000000                  0.000000000000E+00             0.000000000000E+00
   59.500000                  0.000000000000E+00             0.000000000000E+00
   60.000000                  0.000000000000E+00             0.000000000000E+00
   60.500000                  0.000000000000E+00             0.000000000000E+00
   61.000000                  0.000000000000E+00             0.000000000000E+00
   61.500000                  0.000000000000E+00             0.000000000000E+00
   62.000000                  0.000000000000E+00             0.000000000000E+00
   62.500000                  0.000000000000E+00             0.000000000000E+00
   63.000000                  0.000000000000E+00             0.000000000000E+00
   63.500000                  0.000000000000E+00             0.000000000000E+00
   64.000000                  0.000000000000E+00             0.000000000000E+00
   64.500000                  0.000000000000E+00             0.000000000000E+00
   65.000000                  0.000000000000E+00             0.000000000000E+00
   65.500000                  0.000000000000E+00             0.000000000000E+00
   66.000000                  0.000000000000E+00             0.000000000000E+00
   66.500000                  0.000000000000E+00             0.000000000000E+00
   67.000000                  0.000000000000E+00             0.000000000000E+00
   67.500000                  0.000000000000E+00             0.000000000000E+00
   68.000000                  0.000000000000E+00             0.000000000000E+00
   68.500000                  0.000000000000E+00             0.000000000000E+00
   69.000000                  0.000000000000E+00             0.000000000000E+00
   69.500000                  0.000000000000E+00             0.000000000000E+00
   70.000000                  0.000000000000E+00             0.000000000000E+00
   70.500000                  0.000000000000E+00             0.000000000000E+00
   71.000000                  0.000000000000E+00             0.000000000000E+00
   71.500000                  0.000000000000E+00             0.000000000000E+00
   72.000000                  0.000000000000E+00             0.000000000000E+00
   72.500000                  0.000000000000E+00             0.000000000000E+00
   73.000000                  0.000000000000E+00             0.000000000000E+00
   73.500000                  0.000000000000E+00             0.000000000000E+00
   74.000000                  0.000000000000E+00             0.000000000000E+00
   74.500000                  0.000000000000E+00             0.000000000000E+00
   75.000000                  0.000000000000E+00             0.000000000000E+00
   75.500000                  0.000000000000E+00             0.000000000000E+00
   76.000000                  0.000000000000E+00             0.000000000000E+00
   76.500000                  0.000000000000E+00             0.000000000000E+00
   77.000000                  0.000000000000E+00             0.000000000000E+00
   77.500000                  0.000000000000E+00             0.000000000000E+00
   78.000000                  0.000000000000E+00             0.000000000000E+00
   78.500000                  0.000000000000E+00             0.000000000000E+00
   79.000000                  0.000000000000E+00             0.000000000000E+00
   79.500000                  0.000000000000E+00             0.000000000000E+00
   80.000000                  0.000000000000E+00             0.000000000000E+00
   80.500000                  0.000000000000E+00             0.000000000000E+00
   81.000000                  0.000000000000E+00             0.000000000000E+00
   81.500000                  0.000000000000E+00             0.000000000000E+00
   82.000000                  0.000000000000E+00             0.000000000000E+00
   82.500000                  0.000000000000E+00             0.000000000000E+00
   83.000000                  0.000000000000E+00             0.000000000000E+00
   83.500000                  0.000000000000E+00             0.000000000000E+00
   84.000000                  0.000000000000E+00             0.000000000000E+00
   84.500000                  0.000000000000E+00             0.000000000000E+00
   85.000000                  0.000000000000E+00             0.000000000000E+00
   85.500000                  0.000000000000E+00             0.000000000000E+00
   86.000000                  0.000000000000E+00             0.000000000000E+00
   86.500000                  0.000000000000E+00             0.000000000000E+00
   87.000000                  0.000000000000E+00             0.000000000000E+00
   87.500000                  0.000000000000E+00             0.000000000000E+00
   88.000000                  0.000000000000E+00             0.000000000000E+00
   88.500000                  0.000000000000E+00             0.000000000000E+00
   89.000000                  0.000000000000E+00             0.000000000000E+00
   89.500000                  0.000000000000E+00             0.000000000000E+00
   90.000000                  0.000000000000E+00             0.000000000000E+00
   90.500000                  0.000000000000E+00             0.000000000000E+00
   91.000000                  0.000000000000E+00             0.000000000000E+00
   91.500000                  0.000000000000E+00             0.000000000000E+00
   92.000000                  0.000000000000E+00             0.000000000000E+00
   92.500000                  0.000000000000E+00             0.000000000000E+00
   93.000000                  0.000000000000E+00             0.000000000000E+00
   93.500000                  0.000000000000E+00             0.000000000000E+00
   94.000000                  0.000000000000E+00             0.000000000000E+00
   94.500000                  0.000000000000E+00             0.000000000000E+00
   95.000000                  0.000000000000E+00             0.000000000000E+00
   95.500000                  0.000000000000E+00             0.000000000000E+00
   96.000000                  0.000000000000E+00             0.000000000000E+00
   96.500000                  0.000000000000E+00             0.000000000000E+00
   97.000000                  0.000000000000E+00             0.000000000000E+00
   97.500000                  0.000000000000E+00             0.000000000000E+00
   98.000000                  0.000000000000E+00             0.000000000000E+00
   98.500000                  0.000000000000E+00             0.000000000000E+00
   99.000000                  0.000000000000E+00             0.000000000000E+00
   99.500000                  0.000000000000E+00             0.000000000000E+00
  100.000000                  0.000000000000E+00             0.000000000000E+00
  100.500000                  0.000000000000E+00             0.000000000000E+00
  101.000000                  0.000000000000E+00             0.000000000000E+00
  101.500000                  0.000000000000E+00             0.000000000000E+00
  102.000000                  0.000000000000E+00             0.000000000000E+00
  102.500000                  0.000000000000E+00             0.000000000000E+00
  103.000000                  0.000000000000E+00             0.000000000000E+00
  103.500000                  0.000000000000E+00             0.000000000000E+00
  104.000000                  0.000000000000E+00             0.000000000000E+00
  104.500000                  0.000000000000E+00             0.000000000000E+00
  105.000000                  0.000000000000E+00             0.000000000000E+00
  105.500000                  0.000000000000E+00             0.000000000000E+00
  106.000000                  0.000000000000E+00             0.000000000000E+00
  106.500000                  0.000000000000E+00             0.000000000000E+00
  107.000000                  0.000000000000E+00             0.000000000000E+00
  107.500000                  0.000000000000E+00             0.000000000000E+00
  108.000000                  0.000000000000E+00             0.000000000000E+00
  108.500000                  0.000000000000E+00             0.000000000000E+00
  109.000000                  0.000000000000E+00             0.000000000000E+00
  109.500000                  0.000000000000E+00             0.000000000000E+00
  110.000000                  0.000000000000E+00             0.000000000000E+00
  110.500000                  0.000000000000E+00             0.000000000000E+00
  111.000000                  0.000000000000E+00             0.000000000000E+00
  111.500000                  0.000000000000E+00             0.000000000000E+00
  112.000000                  0.000000000000E+00             0.000000000000E+00
  112.500000                  0.000000000000E+00             0.000000000000E+00
  113.000000                  0.000000000000E+00             0.000000000000E+00
  113.500000                  0.000000000000E+00             0.000000000000E+00
  114.000000                  0.000000000000E+00             0.000000000000E+00
  114.500000                  0.000000000000E+00             0.000000000000E+00
  115.000000                  0.000000000000E+00             0.000000000000E+00
  115.500000                  0.000000000000E+00             0.000000000000E+00
  116.000000                  0.000000000000E+00             0.000000000000E+00
  116.500000                  0.000000000000E+00             0.000000000000E+00
  117.000000                  0.000000000000E+00             0.000000000000E+00
  117.500000                  0.000000000000E+00             0.000000000000E+00
  118.000000                  0.000000000000E+00             0.000000000000E+00
  118.500000                  0.000000000000E+00             0.000000000000E+00
  119.000000                  0.000000000000E+00             0.000000000000E+00
  119.500000                  0.000000000000E+00             0.000000000000E+00
  120.000000                  0.000000000000E+00             0.000000000000E+00
  120.500000                  0.000000000000E+00             0.000000000000E+00
  121.000000                  0.000000000000E+00             0.000000000000E+00
  121.500000                  0.000000000000E+00             0.000000000000E+00
  122.000000                  0.000000000000E+00             0.000000000000E+00
  122.500000                  0.000000000000E+00             0.000000000000E+00
  123.000000                  0.000000000000E+00             0.000000000000E+00
  123.500000                  0.000000000000E+00             0.000000000000E+00
  124.000000                  0.000000000000E+00             0.000000000000E+00
  124.500000                  0.000000000000E+00             0.000000000000E+00
  125.000000                  0.000000000000E+00             0.000000000000E+00
  125.500000                  0.000000000000E+00             0.000000000000E+00
  126.000000                  0.000000000000E+00             0.000000000000E+00
  126.500000                  0.000000000000E+00             0.000000000000E+00
  127.000000                  0.000000000000E+00             0.000000000000E+00
  127.500000                  0.000000000000E+00             0.000000000000E+00
  128.000000                  0.000000000000E+00             0.000000000000E+00
  128.500000                  0.000000000000E+00             0.000000000000E+00
  129.000000                  0.000000000000E+00             0.000000000000E+00
  129.500000                  0.000000000000E+00             0.000000000000E+00
  130.000000                  0.000000000000E+00             0.000000000000E+00
  130.500000                  0.000000000000E+00             0.000000000000E+00
  131.000000                  0.000000000000E+00             0.000000000000E+00
  131.500000                  0.000000000000E+00             0.000000000000E+00
  132.000000                  0.000000000000E+00             0.000000000000E+00
  132.500000                  0.000000000000E+00             0.000000000000E+00
  133.000000                  0.000000000000E+00             0.000000000000E+00
  133.500000                  0.000000000000E+00             0.000000000000E+00
  134.000000                  0.000000000000E+00             0.000000000000E+00
  134.500000                  0.000000000000E+00             0.000000000000E+00
  135.000000                  0.000000000000E+00             0.000000000000E+00
  135.500000                  0.000000000000E+00             0.000000000000E+00
  136.000000                  0.000000000000E+00             0.000000000000E+00
  136.500000                  0.000000000000E+00             0.000000000000E+00
  137.000000                  0.000000000000E+00             0.000000000000E+00
  137.500000                  0.000000000000E+00             0.000000000000E+00
  138.000000                  0.000000000000E+00             0.000000000000E+00
  138.500000                  0.000000000000E+00             0.000000000000E+00
  139.000000                  0.000000000000E+00             0.000000000000E+00
  139.500000                  0.000000000000E+00             0.000000000000E+00
  140.000000                  0.000000000000E+00             0.000000000000E+00
  140.500000                  0.000000000000E+00             0.000000000000E+00
  141.000000                  0.000000000000E+00             0.000000000000E+00
  141.500000                  0.000000000000E+00             0.000000000000E+00
  142.000000                  0.000000000000E+00             0.000000000000E+00
  142.500000                  0.000000000000E+00             0.000000000000E+00
  143.000000                  0.000000000000E+00             0.000000000000E+00
  143.500000                  0.000000000000E+00             0.000000000000E+00
  144.000000                  0.000000000000E+00             0.000000000000E+00
  144.500000                  0.000000000000E+00             0.000000000000E+00
  145.000000                  0.000000000000E+00             0.000000000000E+00
  145.500000                  0.000000000000E+00             0.000000000000E+00
  146.000000                  0.000000000000E+00             0.000000000000E+00
  146.500000                  0.000000000000E+00             0.000000000000E+00
  147.000000                  0.000000000000E+00             0.000000000000E+00
  147.500000                  0.000000000000E+00             0.000000000000E+00
  148.000000                  0.000000000000E+00             0.000000000000E+00
  148.500000                  0.000000000000E+00             0.000000000000E+00
  149.000000                  0.000000000000E+00             0.000000000000E+00
  149.500000                  0.000000000000E+00             0.000000000000E+00
  150.000000                  0.000000000000E+00             0.000000000000E+00
  150.500000                  0.000000000000E+00             0.000000000000E+00
  151.000000                  0.000000000000E+00             0.000000000000E+00
  151.500000                  0.000000000000E+00             0.000000000000E+00
  152.000000                  0.000000000000E+00             0.000000000000E+00
  152.500000                  0.000000000000E+00             0.000000000000E+00
  153.000000                  0.000000000000E+00             0.000000000000E+00
  153.500000                  0.000000000000E+00             0.000000000000E+00
  154.000000                  0.000000000000E+00             0.000000000000E+00
  154.500000                  0.000000000000E+00             0.000000000000E+00
  155.000000                  0.000000000000E+00             0.000000000000E+00
  155.500000                  0.000000000000E+00             0.000000000000E+00
  156.000000                  0.000000000000E+00             0.000000000000E+00
  156.500000                  0.000000000000E+00             0.000000000000E+00
  157.000000                  0.000000000000E+00             0.000000000000E+00
  157.500000                  0.000000000000E+00             0.000000000000E+00
  158.000000                  0.000000000000E+00             0.000000000000E+00
  158.500000                  0.000000000000E+00             0.000000000000E+00
  159.000000                  0.000000000000E+00             0.000000000000E+00
  159.500000                  0.000000000000E+00             0.000000000000E+00
  160.000000                  0.000000000000E+00             0.000000000000E+00
  160.500000                  0.000000000000E+00             0.000000000000E+00
  161.000000                  0.000000000000E+00             0.000000000000E+00
  161.500000                  0.000000000000E+00             0.000000000000E+00
  162.000000                  0.000000000000E+00             0.000000000000E+00
  162.500000                  0.000000000000E+00             0.000000000000E+00
  163.000000                  0.000000000000E+00             0.000000000000E+00
  163.500000                  0.000000000000E+00             0.000000000000E+00
  164.000000                  0.000000000000E+00             0.000000000000E+00
  164.500000                  0.000000000000E+00             0.000000000000E+00
  165.000000                  0.000000000000E+00             0.000000000000E+00
  165.500000                  0.000000000000E+00             0.000000000000E+00
  166.000000                  0.000000000000E+00             0.000000000000E+00
  166.500000                  0.000000000000E+00             0.000000000000E+00
  167.000000                  0.000000000000E+00             0.000000000000E+00
  167.500000                  0.000000000000E+00             0.000000000000E+00
  168.000000                  0.000000000000E+00             0.000000000000E+00
  168.500000                  0.000000000000E+00             0.000000000000E+00
  169.000000                  0.000000000000E+00             0.000000000000E+00
  169.500000                  0.000000000000E+00             0.000000000000E+00
  170.000000                  0.000000000000E+00             0.000000000000E+00
  170.500000                  0.000000000000E+00             0.000000000000E+00
  171.000000                  0.000000000000E+00             0.000000000000E+00
  171.500000                  0.000000000000E+00             0.000000000000E+00
  172.000000                  0.000000000000E+00             0.000000000000E+00
  172.500000                  0.000000000000E+00             0.000000000000E+00
  173.000000                  0.000000000000E+00             0.000000000000E+00
  173.500000                  0.000000000000E+00             0.000000000000E+00
  174.000000                  0.000000000000E+00             0.000000000000E+00
  174.500000                  0.000000000000E+00             0.000000000000E+00
  175.000000                  0.000000000000E+00             0.000000000000E+00
  175.500000                  0.000000000000E+00             0.000000000000E+00
  176.000000                  0.000000000000E+00             0.000000000000E+00
  176.500000                  0.000000000000E+00             0.000000000000E+00
  177.000000                  0.000000000000E+00             0.000000000000E+00
  177.500000                  0.000000000000E+00             0.000000000000E+00
  178.000000                  0.000000000000E+00             0.000000000000E+00
  178.500000                  0.000000000000E+00             0.000000000000E+00
  179.000000                  0.000000000000E+00             0.000000000000E+00
  179.500000                  0.000000000000E+00             0.000000000000E+00
  180.000000                  0.000000000000E+00             0.000000000000E+00
  180.500000                  0.000000000000E+00             0.000000000000E+00
  181.000000                  0.000000000000E+00             0.000000000000E+00
  181.500000                  0.000000000000E+00             0.000000000000E+00
  182.000000                  0.000000000000E+00             0.000000000000E+00
  182.500000                  0.000000000000E+00             0.000000000000E+00
  183.000000                  0.000000000000E+00             0.000000000000E+00
  183.500000                  0.000000000000E+00             0.000000000000E+00
  184.000000                  0.000000000000E+00             0.000000000000E+00
  184.500000                  0.000000000000E+00             0.000000000000E+00
  185.000000                  0.000000000000E+00             0.000000000000E+00
  185.500000                  0.000000000000E+00             0.000000000000E+00
  186.000000                  0.000000000000E+00             0.000000000000E+00
  186.500000                  0.000000000000E+00             0.000000000000E+00
  187.000000                  0.000000000000E+00             0.000000000000E+00
  187.500000                  0.000000000000E+00             0.000000000000E+00
  188.000000                  0.000000000000E+00             0.000000000000E+00
  188.500000                  0.000000000000E+00             0.000000000000E+00
  189.000000                  0.000000000000E+00             0.000000000000E+00
  189.500000                  0.000000000000E+00             0.000000000000E+00
  190.000000                  0.000000000000E+00             0.000000000000E+00
  190.500000                  0.000000000000E+00             0.000000000000E+00
  191.000000                  0.000000000000E+00             0.000000000000E+00
  191.500000                  0.000000000000E+00             0.000000000000E+00
  192.000000                  0.000000000000E+00             0.000000000000E+00
  192.500000                  0.000000000000E+00             0.000000000000E+00
  193.000000                  0.000000000000E+00             0.000000000000E+00
  193.500000                  0.000000000000E+00             0.000000000000E+00
  194.000000                  0.000000000000E+00             0.000000000000E+00
  194.500000                  0.000000000000E+00             0.000000000000E+00
  195.000000                  0.000000000000E+00             0.000000000000E+00
  195.500000                  0.000000000000E+00             0.000000000000E+00
  196.000000                  0.000000000000E+00             0.000000000000E+00
  196.500000                  0.000000000000E+00             0.000000000000E+00
  197.000000                  0.000000000000E+00             0.000000000000E+00
  197.500000                  0.000000000000E+00             0.000000000000E+00
  198.000000                  0.000000000000E+00             0.000000000000E+00
  198.500000                  0.000000000000E+00             0.000000000000E+00
  199.000000                  0.000000000000E+00             0.000000000000E+00
  199.500000                  0.000000000000E+00             0.000000000000E+00
  200.000000                  0.000000000000E+00             0.000000000000E+00
  200.500000                  0.000000000000E+00             0.000000000000E+00
  201.000000                  0.000000000000E+00             0.000000000000E+00
  201.500000                  0.000000000000E+00             0.000000000000E+00
  202.000000                  0.000000000000E+00             0.000000000000E+00
  202.500000                  0.000000000000E+00             0.000000000000E+00
  203.000000                  0.000000000000E+00             0.000000000000E+00
  203.500000                  0.000000000000E+00             0.000000000000E+00
  204.000000                  0.000000000000E+00             0.000000000000E+00
  204.500000                  0.000000000000E+00             0.000000000000E+00
  205.000000                  0.000000000000E+00             0.000000000000E+00
  205.500000                  0.000000000000E+00             0.000000000000E+00
  206.000000                  0.000000000000E+00             0.000000000000E+00
  206.500000                  0.000000000000E+00             0.000000000000E+00
  207.000000                  0.000000000000E+00             0.000000000000E+00
  207.500000                  0.000000000000E+00             0.000000000000E+00
  208.000000                  0.000000000000E+00             0.000000000000E+00
  208.500000                  0.000000000000E+00             0.000000000000E+00
  209.000000                  0.000000000000E+00             0.000000000000E+00
  209.500000                  0.000000000000E+00             0.000000000000E+00
  210.000000                  0.000000000000E+00             0.000000000000E+00
  210.500000                  0.000000000000E+00             0.000000000000E+00
  211.000000                  0.000000000000E+00             0.000000000000E+00
  211.500000                  0.000000000000E+00             0.000000000000E+00
  212.000000                  0.000000000000E+00             0.000000000000E+00
  212.500000                  0.000000000000E+00             0.000000000000E+00
  213.000000                  0.000000000000E+00             0.000000000000E+00
  213.500000                  0.000000000000E+00             0.000000000000E+00
  214.000000                  0.000000000000E+00             0.000000000000E+00
  214.500000                  0.000000000000E+00             0.000000000000E+00
  215.000000                  0.000000000000E+00             0.000000000000E+00
  215.500000                  0.000000000000E+00             0.000000000000E+00
  216.000000                  0.000000000000E+00             0.000000000000E+00
  216.500000                  0.000000000000E+00             0.000000000000E+00
  217.000000                  0.000000000000E+00             0.000000000000E+00
  217.500000                  0.000000000000E+00             0.000000000000E+00
  218.000000                  0.000000000000E+00             0.000000000000E+00
  218.500000                  0.000000000000E+00             0.000000000000E+00
  219.000000                  0.000000000000E+00             0.000000000000E+00
  219.500000                  0.000000000000E+00             0.000000000000E+00
  220.000000                  0.000000000000E+00             0.000000000000E+00
  220.500000                  0.000000000000E+00             0.000000000000E+00
  221.000000                  0.000000000000E+00             0.000000000000E+00
  221.500000                  0.000000000000E+00             0.000000000000E+00
  222.000000                  0.000000000000E+00             0.000000000000E+00
  222.500000                  0.000000000000E+00             0.000000000000E+00
  223.000000                  0.000000000000E+00             0.000000000000E+00
  223.500000                  0.000000000000E+00             0.000000000000E+00
  224.000000                  0.000000000000E+00             0.000000000000E+00
  224.500000                  0.000000000000E+00             0.000000000000E+00
  225.000000                  0.000000000000E+00             0.000000000000E+00
  225.500000                  0.000000000000E+00             0.000000000000E+00
  226.000000                  0.000000000000E+00             0.000000000000E+00
  226.500000                  0.000000000000E+00             0.000000000000E+00
  227.000000                  0.000000000000E+00             0.000000000000E+00
  227.500000                  0.000000000000E+00             0.000000000000E+00
  228.000000                  0.000000000000E+00             0.000000000000E+00
  228.500000                  0.000000000000E+00             0.000000000000E+00
  229.000000                  0.000000000000E+00             0.000000000000E+00
  229.500000                  0.000000000000E+00             0.000000000000E+00
  230.000000                  0.000000000000E+00             0.000000000000E+00
  230.500000                  0.000000000000E+00             0.000000000000E+00
  231.000000                  0.000000000000E+00             0.000000000000E+00
  231.500000                  0.000000000000E+00             0.000000000000E+00
  232.000000                  0.000000000000E+00             0.000000000000E+00
  232.500000                  0.000000000000E+00             0.000000000000E+00
  233.000000                  0.000000000000E+00             0.000000000000E+00
  233.500000                  0.000000000000E+00             0.000000000000E+00
  234.000000                  0.000000000000E+00             0.000000000000E+00
  234.500000                  0.000000000000E+00             0.000000000000E+00
  235.000000                  0.000000000000E+00             0.000000000000E+00
  235.500000                  0.000000000000E+00             0.000000000000E+00
  236.000000                  0.000000000000E+00             0.000000000000E+00
  236.500000                  0.000000000000E+00             0.000000000000E+00
  237.000000                  0.000000000000E+00             0.000000000000E+00
  237.500000                  0.000000000000E+00             0.000000000000E+00
  238.000000                  0.000000000000E+00             0.000000000000E+00
  238.500000                  0.000000000000E+00             0.000000000000E+00
  239.000000                  0.000000000000E+00             0.000000000000E+00
  239.500000                  0.000000000000E+00             0.000000000000E+00
  240.000000                  0.000000000000E+00             0.000000000000E+00
  240.500000                  0.000000000000E+00             0.000000000000E+00
  241.000000                  0.000000000000E+00             0.000000000000E+00
  241.500000                  0.000000000000E+00             0.000000000000E+00
  242.000000                  0.000000000000E+00             0.000000000000E+00
  242.500000                  0.000000000000E+00             0.000000000000E+00
  243.000000                  0.000000000000E+00             0.000000000000E+00
  243.500000                  0.000000000000E+00             0.000000000000E+00
  244.000000                  0.000000000000E+00             0.000000000000E+00
  244.500000                  0.000000000000E+00             0.000000000000E+00
  245.000000                  0.000000000000E+00             0.000000000000E+00
  245.500000                  0.000000000000E+00             0.000000000000E+00
  246.000000                  0.000000000000E+00             0.000000000000E+00
  246.500000                  0.000000000000E+00             0.000000000000E+00
  247.000000                  0.000000000000E+00             0.000000000000E+00
  247.500000                  0.000000000000E+00             0.000000000000E+00
  248.000000                  0.000000000000E+00             0.000000000000E+00
  248.500000                  0.000000000000E+00             0.000000000000E+00
  249.000000                  0.000000000000E+00             0.000000000000E+00
  249.500000                  0.000000000000E+00             0.000000000000E+00
  250.000000                  0.000000000000E+00             0.000000000000E+00
  250.500000                  0.000000000000E+00             0.000000000000E+00
  251.000000                  0.000000000000E+00             0.000000000000E+00
  251.500000                  0.000000000000E+00             0.000000000000E+00
  252.000000                  0.000000000000E+00             0.000000000000E+00
  252.500000                  0.000000000000E+00             0.000000000000E+00
  253.000000                  0.000000000000E+00             0.000000000000E+00
  253.500000                  0.000000000000E+00             0.000000000000E+00
  254.000000                  0.000000000000E+00             0.000000000000E+00
  254.500000                  0.000000000000E+00             0.000000000000E+00
  255.000000                  0.000000000000E+00             0.000000000000E+00
  255.500000                  0.000000000000E+00             0.000000000000E+00
  256.000000                  0.000000000000E+00             0.000000000000E+00
  256.500000                  0.000000000000E+00             0.000000000000E+00
  257.000000                  0.000000000000E+00             0.000000000000E+00
  257.500000                  0.000000000000E+00             0.000000000000E+00
  258.000000                  0.000000000000E+00             0.000000000000E+00
  258.500000                  0.000000000000E+00             0.000000000000E+00
  259.000000                  0.000000000000E+00             0.000000000000E+00
  259.500000                  0.000000000000E+00             0.000000000000E+00
  260.000000                  0.000000000000E+00             0.000000000000E+00
  260.500000                  0.000000000000E+00             0.000000000000E+00
  261.000000                  0.000000000000E+00             0.000000000000E+00
  261.500000                  0.000000000000E+00             0.000000000000E+00
  262.000000                  0.000000000000E+00             0.000000000000E+00
  262.500000                  0.000000000000E+00             0.000000000000E+00
  263.000000                  0.000000000000E+00             0.000000000000E+00
  263.500000                  0.000000000000E+00             0.000000000000E+00
  264.000000                  0.000000000000E+00             0.000000000000E+00
  264.500000                  0.000000000000E+00             0.000000000000E+00
  265.000000                  0.000000000000E+00             0.000000000000E+00
  265.500000                  0.000000000000E+00             0.000000000000E+00
  266.000000                  0.000000000000E+00             0.000000000000E+00
  266.500000                  0.000000000000E+00             0.000000000000E+00
  267.000000                  0.000000000000E+00             0.000000000000E+00
  267.500000                  0.000000000000E+00             0.000000000000E+00
  268.000000                  0.000000000000E+00             0.000000000000E+00
  268.500000                  0.000000000000E+00             0.000000000000E+00
  269.000000                  0.000000000000E+00             0.000000000000E+00
  269.500000                  0.000000000000E+00             0.000000000000E+00
  270.000000                  0.000000000000E+00             0.000000000000E+00
  270.500000                  0.000000000000E+00             0.000000000000E+00
  271.000000                  0.000000000000E+00             0.000000000000E+00
  271.500000                  0.000000000000E+00             0.000000000000E+00
  272.000000                  0.000000000000E+00             0.000000000000E+00
  272.500000                  0.000000000000E+00             0.000000000000E+00
  273.000000                  0.000000000000E+00             0.000000000000E+00
  273.500000                  0.000000000000E+00             0.000000000000E+00
  274.000000                  0.000000000000E+00             0.000000000000E+00
  274.500000                  0.000000000000E+00             0.000000000000E+00
  275.000000                  0.000000000000E+00             0.000000000000E+00
  275.500000                  0.000000000000E+00             0.000000000000E+00
  276.000000                  0.000000000000E+00             0.000000000000E+00
  276.500000                  0.000000000000E+00             0.000000000000E+00
  277.000000                  0.000000000000E+00             0.000000000000E+00
  277.500000                  0.000000000000E+00             0.000000000000E+00
  278.000000                  0.000000000000E+00             0.000000000000E+00
  278.500000                  0.000000000000E+00             0.000000000000E+00
  279.000000                  0.000000000000E+00             0.000000000000E+00
  279.500000                  0.000000000000E+00             0.000000000000E+00
  280.000000                  0.000000000000E+00             0.000000000000E+00
  280.500000                  0.000000000000E+00             0.000000000000E+00
  281.000000                  0.000000000000E+00             0.000000000000E+00
  281.500000                  0.000000000000E+00             0.000000000000E+00
  282.000000                  0.000000000000E+00             0.000000000000E+00
  282.500000                  0.000000000000E+00             0.000000000000E+00
  283.000000                  0.000000000000E+00             0.000000000000E+00
  283.500000                  0.000000000000E+00             0.000000000000E+00
  284.000000                  0.000000000000E+00             0.000000000000E+00
  284.500000                  0.000000000000E+00             0.000000000000E+00
  285.000000                  0.000000000000E+00             0.000000000000E+00
  285.500000                  0.000000000000E+00             0.000000000000E+00
  286.000000                  0.000000000000E+00             0.000000000000E+00
  286.500000                  0.000000000000E+00             0.000000000000E+00
  287.000000                  0.000000000000E+00             0.000000000000E+00
  287.500000                  0.000000000000E+00             0.000000000000E+00
  288.000000                  0.000000000000E+00             0.000000000000E+00
  288.500000                  0.000000000000E+00             0.000000000000E+00
  289.000000                  0.000000000000E+00             0.000000000000E+00
  289.500000                  0.000000000000E+00             0.000000000000E+00
  290.000000                  0.000000000000E+00             0.000000000000E+00
  290.500000                  0.000000000000E+00             0.000000000000E+00
  291.000000                  0.000000000000E+00             0.000000000000E+00
  291.500000                  0.000000000000E+00             0.000000000000E+00
  292.000000                  0.000000000000E+00             0.000000000000E+00
  292.500000                  0.000000000000E+00             0.000000000000E+00
  293.000000                  0.000000000000E+00             0.000000000000E+00
  293.500000                  0.000000000000E+00             0.000000000000E+00
  294.000000                  0.000000000000E+00             0.000000000000E+00
  294.500000                  0.000000000000E+00             0.000000000000E+00
  295.000000                  0.000000000000E+00             0.000000000000E+00
  295.500000                  0.000000000000E+00             0.000000000000E+00
  296.000000                  0.000000000000E+00             0.000000000000E+00
  296.500000                  0.000000000000E+00             0.000000000000E+00


                             Tensor Component : yz

    Energy                        Real(eps_lf)                    Im(eps_lf)

    0.000000                  0.000000000000E+00             0.000000000000E+00
    0.500000                  0.000000000000E+00             0.000000000000E+00
    1.000000                  0.000000000000E+00             0.000000000000E+00
    1.500000                  0.000000000000E+00             0.000000000000E+00
    2.000000                  0.000000000000E+00             0.000000000000E+00
    2.500000                  0.000000000000E+00             0.000000000000E+00
    3.000000                  0.000000000000E+00             0.000000000000E+00
    3.500000                  0.000000000000E+00             0.000000000000E+00
    4.000000                  0.000000000000E+00             0.000000000000E+00
    4.500000                  0.000000000000E+00             0.000000000000E+00
    5.000000                  0.000000000000E+00             0.000000000000E+00
    5.500000                  0.000000000000E+00             0.000000000000E+00
    6.000000                  0.000000000000E+00             0.000000000000E+00
    6.500000                  0.000000000000E+00             0.000000000000E+00
    7.000000                  0.000000000000E+00             0.000000000000E+00
    7.500000                  0.000000000000E+00             0.000000000000E+00
    8.000000                  0.000000000000E+00             0.000000000000E+00
    8.500000                  0.000000000000E+00             0.000000000000E+00
    9.000000                  0.000000000000E+00             0.000000000000E+00
    9.500000                  0.000000000000E+00             0.000000000000E+00
   10.000000                  0.000000000000E+00             0.000000000000E+00
   10.500000                  0.000000000000E+00             0.000000000000E+00
   11.000000                  0.000000000000E+00             0.000000000000E+00
   11.500000                  0.000000000000E+00             0.000000000000E+00
   12.000000                  0.000000000000E+00             0.000000000000E+00
   12.500000                  0.000000000000E+00             0.000000000000E+00
   13.000000                  0.000000000000E+00             0.000000000000E+00
   13.500000                  0.000000000000E+00             0.000000000000E+00
   14.000000                  0.000000000000E+00             0.000000000000E+00
   14.500000                  0.000000000000E+00             0.000000000000E+00
   15.000000                  0.000000000000E+00             0.000000000000E+00
   15.500000                  0.000000000000E+00             0.000000000000E+00
   16.000000                  0.000000000000E+00             0.000000000000E+00
   16.500000                  0.000000000000E+00             0.000000000000E+00
   17.000000                  0.000000000000E+00             0.000000000000E+00
   17.500000                  0.000000000000E+00             0.000000000000E+00
   18.000000                  0.000000000000E+00             0.000000000000E+00
   18.500000                  0.000000000000E+00             0.000000000000E+00
   19.000000                  0.000000000000E+00             0.000000000000E+00
   19.500000                  0.000000000000E+00             0.000000000000E+00
   20.000000                  0.000000000000E+00             0.000000000000E+00
   20.500000                  0.000000000000E+00             0.000000000000E+00
   21.000000                  0.000000000000E+00             0.000000000000E+00
   21.500000                  0.000000000000E+00             0.000000000000E+00
   22.000000                  0.000000000000E+00             0.000000000000E+00
   22.500000                  0.000000000000E+00             0.000000000000E+00
   23.000000                  0.000000000000E+00             0.000000000000E+00
   23.500000                  0.000000000000E+00             0.000000000000E+00
   24.000000                  0.000000000000E+00             0.000000000000E+00
   24.500000                  0.000000000000E+00             0.000000000000E+00
   25.000000                  0.000000000000E+00             0.000000000000E+00
   25.500000                  0.000000000000E+00             0.000000000000E+00
   26.000000                  0.000000000000E+00             0.000000000000E+00
   26.500000                  0.000000000000E+00             0.000000000000E+00
   27.000000                  0.000000000000E+00             0.000000000000E+00
   27.500000                  0.000000000000E+00             0.000000000000E+00
   28.000000                  0.000000000000E+00             0.000000000000E+00
   28.500000                  0.000000000000E+00             0.000000000000E+00
   29.000000                  0.000000000000E+00             0.000000000000E+00
   29.500000                  0.000000000000E+00             0.000000000000E+00
   30.000000                  0.000000000000E+00             0.000000000000E+00
   30.500000                  0.000000000000E+00             0.000000000000E+00
   31.000000                  0.000000000000E+00             0.000000000000E+00
   31.500000                  0.000000000000E+00             0.000000000000E+00
   32.000000                  0.000000000000E+00             0.000000000000E+00
   32.500000                  0.000000000000E+00             0.000000000000E+00
   33.000000                  0.000000000000E+00             0.000000000000E+00
   33.500000                  0.000000000000E+00             0.000000000000E+00
   34.000000                  0.000000000000E+00             0.000000000000E+00
   34.500000                  0.000000000000E+00             0.000000000000E+00
   35.000000                  0.000000000000E+00             0.000000000000E+00
   35.500000                  0.000000000000E+00             0.000000000000E+00
   36.000000                  0.000000000000E+00             0.000000000000E+00
   36.500000                  0.000000000000E+00             0.000000000000E+00
   37.000000                  0.000000000000E+00             0.000000000000E+00
   37.500000                  0.000000000000E+00             0.000000000000E+00
   38.000000                  0.000000000000E+00             0.000000000000E+00
   38.500000                  0.000000000000E+00             0.000000000000E+00
   39.000000                  0.000000000000E+00             0.000000000000E+00
   39.500000                  0.000000000000E+00             0.000000000000E+00
   40.000000                  0.000000000000E+00             0.000000000000E+00
   40.500000                  0.000000000000E+00             0.000000000000E+00
   41.000000                  0.000000000000E+00             0.000000000000E+00
   41.500000                  0.000000000000E+00             0.000000000000E+00
   42.000000                  0.000000000000E+00             0.000000000000E+00
   42.500000                  0.000000000000E+00             0.000000000000E+00
   43.000000                  0.000000000000E+00             0.000000000000E+00
   43.500000                  0.000000000000E+00             0.000000000000E+00
   44.000000                  0.000000000000E+00             0.000000000000E+00
   44.500000                  0.000000000000E+00             0.000000000000E+00
   45.000000                  0.000000000000E+00             0.000000000000E+00
   45.500000                  0.000000000000E+00             0.000000000000E+00
   46.000000                  0.000000000000E+00             0.000000000000E+00
   46.500000                  0.000000000000E+00             0.000000000000E+00
   47.000000                  0.000000000000E+00             0.000000000000E+00
   47.500000                  0.000000000000E+00             0.000000000000E+00
   48.000000                  0.000000000000E+00             0.000000000000E+00
   48.500000                  0.000000000000E+00             0.000000000000E+00
   49.000000                  0.000000000000E+00             0.000000000000E+00
   49.500000                  0.000000000000E+00             0.000000000000E+00
   50.000000                  0.000000000000E+00             0.000000000000E+00
   50.500000                  0.000000000000E+00             0.000000000000E+00
   51.000000                  0.000000000000E+00             0.000000000000E+00
   51.500000                  0.000000000000E+00             0.000000000000E+00
   52.000000                  0.000000000000E+00             0.000000000000E+00
   52.500000                  0.000000000000E+00             0.000000000000E+00
   53.000000                  0.000000000000E+00             0.000000000000E+00
   53.500000                  0.000000000000E+00             0.000000000000E+00
   54.000000                  0.000000000000E+00             0.000000000000E+00
   54.500000                  0.000000000000E+00             0.000000000000E+00
   55.000000                  0.000000000000E+00             0.000000000000E+00
   55.500000                  0.000000000000E+00             0.000000000000E+00
   56.000000                  0.000000000000E+00             0.000000000000E+00
   56.500000                  0.000000000000E+00             0.000000000000E+00
   57.000000                  0.000000000000E+00             0.000000000000E+00
   57.500000                  0.000000000000E+00             0.000000000000E+00
   58.000000                  0.000000000000E+00             0.000000000000E+00
   58.500000                  0.000000000000E+00             0.000000000000E+00
   59.000000                  0.000000000000E+00             0.000000000000E+00
   59.500000                  0.000000000000E+00             0.000000000000E+00
   60.000000                  0.000000000000E+00             0.000000000000E+00
   60.500000                  0.000000000000E+00             0.000000000000E+00
   61.000000                  0.000000000000E+00             0.000000000000E+00
   61.500000                  0.000000000000E+00             0.000000000000E+00
   62.000000                  0.000000000000E+00             0.000000000000E+00
   62.500000                  0.000000000000E+00             0.000000000000E+00
   63.000000                  0.000000000000E+00             0.000000000000E+00
   63.500000                  0.000000000000E+00             0.000000000000E+00
   64.000000                  0.000000000000E+00             0.000000000000E+00
   64.500000                  0.000000000000E+00             0.000000000000E+00
   65.000000                  0.000000000000E+00             0.000000000000E+00
   65.500000                  0.000000000000E+00             0.000000000000E+00
   66.000000                  0.000000000000E+00             0.000000000000E+00
   66.500000                  0.000000000000E+00             0.000000000000E+00
   67.000000                  0.000000000000E+00             0.000000000000E+00
   67.500000                  0.000000000000E+00             0.000000000000E+00
   68.000000                  0.000000000000E+00             0.000000000000E+00
   68.500000                  0.000000000000E+00             0.000000000000E+00
   69.000000                  0.000000000000E+00             0.000000000000E+00
   69.500000                  0.000000000000E+00             0.000000000000E+00
   70.000000                  0.000000000000E+00             0.000000000000E+00
   70.500000                  0.000000000000E+00             0.000000000000E+00
   71.000000                  0.000000000000E+00             0.000000000000E+00
   71.500000                  0.000000000000E+00             0.000000000000E+00
   72.000000                  0.000000000000E+00             0.000000000000E+00
   72.500000                  0.000000000000E+00             0.000000000000E+00
   73.000000                  0.000000000000E+00             0.000000000000E+00
   73.500000                  0.000000000000E+00             0.000000000000E+00
   74.000000                  0.000000000000E+00             0.000000000000E+00
   74.500000                  0.000000000000E+00             0.000000000000E+00
   75.000000                  0.000000000000E+00             0.000000000000E+00
   75.500000                  0.000000000000E+00             0.000000000000E+00
   76.000000                  0.000000000000E+00             0.000000000000E+00
   76.500000                  0.000000000000E+00             0.000000000000E+00
   77.000000                  0.000000000000E+00             0.000000000000E+00
   77.500000                  0.000000000000E+00             0.000000000000E+00
   78.000000                  0.000000000000E+00             0.000000000000E+00
   78.500000                  0.000000000000E+00             0.000000000000E+00
   79.000000                  0.000000000000E+00             0.000000000000E+00
   79.500000                  0.000000000000E+00             0.000000000000E+00
   80.000000                  0.000000000000E+00             0.000000000000E+00
   80.500000                  0.000000000000E+00             0.000000000000E+00
   81.000000                  0.000000000000E+00             0.000000000000E+00
   81.500000                  0.000000000000E+00             0.000000000000E+00
   82.000000                  0.000000000000E+00             0.000000000000E+00
   82.500000                  0.000000000000E+00             0.000000000000E+00
   83.000000                  0.000000000000E+00             0.000000000000E+00
   83.500000                  0.000000000000E+00             0.000000000000E+00
   84.000000                  0.000000000000E+00             0.000000000000E+00
   84.500000                  0.000000000000E+00             0.000000000000E+00
   85.000000                  0.000000000000E+00             0.000000000000E+00
   85.500000                  0.000000000000E+00             0.000000000000E+00
   86.000000                  0.000000000000E+00             0.000000000000E+00
   86.500000                  0.000000000000E+00             0.000000000000E+00
   87.000000                  0.000000000000E+00             0.000000000000E+00
   87.500000                  0.000000000000E+00             0.000000000000E+00
   88.000000                  0.000000000000E+00             0.000000000000E+00
   88.500000                  0.000000000000E+00             0.000000000000E+00
   89.000000                  0.000000000000E+00             0.000000000000E+00
   89.500000                  0.000000000000E+00             0.000000000000E+00
   90.000000                  0.000000000000E+00             0.000000000000E+00
   90.500000                  0.000000000000E+00             0.000000000000E+00
   91.000000                  0.000000000000E+00             0.000000000000E+00
   91.500000                  0.000000000000E+00             0.000000000000E+00
   92.000000                  0.000000000000E+00             0.000000000000E+00
   92.500000                  0.000000000000E+00             0.000000000000E+00
   93.000000                  0.000000000000E+00             0.000000000000E+00
   93.500000                  0.000000000000E+00             0.000000000000E+00
   94.000000                  0.000000000000E+00             0.000000000000E+00
   94.500000                  0.000000000000E+00             0.000000000000E+00
   95.000000                  0.000000000000E+00             0.000000000000E+00
   95.500000                  0.000000000000E+00             0.000000000000E+00
   96.000000                  0.000000000000E+00             0.000000000000E+00
   96.500000                  0.000000000000E+00             0.000000000000E+00
   97.000000                  0.000000000000E+00             0.000000000000E+00
   97.500000                  0.000000000000E+00             0.000000000000E+00
   98.000000                  0.000000000000E+00             0.000000000000E+00
   98.500000                  0.000000000000E+00             0.000000000000E+00
   99.000000                  0.000000000000E+00             0.000000000000E+00
   99.500000                  0.000000000000E+00             0.000000000000E+00
  100.000000                  0.000000000000E+00             0.000000000000E+00
  100.500000                  0.000000000000E+00             0.000000000000E+00
  101.000000                  0.000000000000E+00             0.000000000000E+00
  101.500000                  0.000000000000E+00             0.000000000000E+00
  102.000000                  0.000000000000E+00             0.000000000000E+00
  102.500000                  0.000000000000E+00             0.000000000000E+00
  103.000000                  0.000000000000E+00             0.000000000000E+00
  103.500000                  0.000000000000E+00             0.000000000000E+00
  104.000000                  0.000000000000E+00             0.000000000000E+00
  104.500000                  0.000000000000E+00             0.000000000000E+00
  105.000000                  0.000000000000E+00             0.000000000000E+00
  105.500000                  0.000000000000E+00             0.000000000000E+00
  106.000000                  0.000000000000E+00             0.000000000000E+00
  106.500000                  0.000000000000E+00             0.000000000000E+00
  107.000000                  0.000000000000E+00             0.000000000000E+00
  107.500000                  0.000000000000E+00             0.000000000000E+00
  108.000000                  0.000000000000E+00             0.000000000000E+00
  108.500000                  0.000000000000E+00             0.000000000000E+00
  109.000000                  0.000000000000E+00             0.000000000000E+00
  109.500000                  0.000000000000E+00             0.000000000000E+00
  110.000000                  0.000000000000E+00             0.000000000000E+00
  110.500000                  0.000000000000E+00             0.000000000000E+00
  111.000000                  0.000000000000E+00             0.000000000000E+00
  111.500000                  0.000000000000E+00             0.000000000000E+00
  112.000000                  0.000000000000E+00             0.000000000000E+00
  112.500000                  0.000000000000E+00             0.000000000000E+00
  113.000000                  0.000000000000E+00             0.000000000000E+00
  113.500000                  0.000000000000E+00             0.000000000000E+00
  114.000000                  0.000000000000E+00             0.000000000000E+00
  114.500000                  0.000000000000E+00             0.000000000000E+00
  115.000000                  0.000000000000E+00             0.000000000000E+00
  115.500000                  0.000000000000E+00             0.000000000000E+00
  116.000000                  0.000000000000E+00             0.000000000000E+00
  116.500000                  0.000000000000E+00             0.000000000000E+00
  117.000000                  0.000000000000E+00             0.000000000000E+00
  117.500000                  0.000000000000E+00             0.000000000000E+00
  118.000000                  0.000000000000E+00             0.000000000000E+00
  118.500000                  0.000000000000E+00             0.000000000000E+00
  119.000000                  0.000000000000E+00             0.000000000000E+00
  119.500000                  0.000000000000E+00             0.000000000000E+00
  120.000000                  0.000000000000E+00             0.000000000000E+00
  120.500000                  0.000000000000E+00             0.000000000000E+00
  121.000000                  0.000000000000E+00             0.000000000000E+00
  121.500000                  0.000000000000E+00             0.000000000000E+00
  122.000000                  0.000000000000E+00             0.000000000000E+00
  122.500000                  0.000000000000E+00             0.000000000000E+00
  123.000000                  0.000000000000E+00             0.000000000000E+00
  123.500000                  0.000000000000E+00             0.000000000000E+00
  124.000000                  0.000000000000E+00             0.000000000000E+00
  124.500000                  0.000000000000E+00             0.000000000000E+00
  125.000000                  0.000000000000E+00             0.000000000000E+00
  125.500000                  0.000000000000E+00             0.000000000000E+00
  126.000000                  0.000000000000E+00             0.000000000000E+00
  126.500000                  0.000000000000E+00             0.000000000000E+00
  127.000000                  0.000000000000E+00             0.000000000000E+00
  127.500000                  0.000000000000E+00             0.000000000000E+00
  128.000000                  0.000000000000E+00             0.000000000000E+00
  128.500000                  0.000000000000E+00             0.000000000000E+00
  129.000000                  0.000000000000E+00             0.000000000000E+00
  129.500000                  0.000000000000E+00             0.000000000000E+00
  130.000000                  0.000000000000E+00             0.000000000000E+00
  130.500000                  0.000000000000E+00             0.000000000000E+00
  131.000000                  0.000000000000E+00             0.000000000000E+00
  131.500000                  0.000000000000E+00             0.000000000000E+00
  132.000000                  0.000000000000E+00             0.000000000000E+00
  132.500000                  0.000000000000E+00             0.000000000000E+00
  133.000000                  0.000000000000E+00             0.000000000000E+00
  133.500000                  0.000000000000E+00             0.000000000000E+00
  134.000000                  0.000000000000E+00             0.000000000000E+00
  134.500000                  0.000000000000E+00             0.000000000000E+00
  135.000000                  0.000000000000E+00             0.000000000000E+00
  135.500000                  0.000000000000E+00             0.000000000000E+00
  136.000000                  0.000000000000E+00             0.000000000000E+00
  136.500000                  0.000000000000E+00             0.000000000000E+00
  137.000000                  0.000000000000E+00             0.000000000000E+00
  137.500000                  0.000000000000E+00             0.000000000000E+00
  138.000000                  0.000000000000E+00             0.000000000000E+00
  138.500000                  0.000000000000E+00             0.000000000000E+00
  139.000000                  0.000000000000E+00             0.000000000000E+00
  139.500000                  0.000000000000E+00             0.000000000000E+00
  140.000000                  0.000000000000E+00             0.000000000000E+00
  140.500000                  0.000000000000E+00             0.000000000000E+00
  141.000000                  0.000000000000E+00             0.000000000000E+00
  141.500000                  0.000000000000E+00             0.000000000000E+00
  142.000000                  0.000000000000E+00             0.000000000000E+00
  142.500000                  0.000000000000E+00             0.000000000000E+00
  143.000000                  0.000000000000E+00             0.000000000000E+00
  143.500000                  0.000000000000E+00             0.000000000000E+00
  144.000000                  0.000000000000E+00             0.000000000000E+00
  144.500000                  0.000000000000E+00             0.000000000000E+00
  145.000000                  0.000000000000E+00             0.000000000000E+00
  145.500000                  0.000000000000E+00             0.000000000000E+00
  146.000000                  0.000000000000E+00             0.000000000000E+00
  146.500000                  0.000000000000E+00             0.000000000000E+00
  147.000000                  0.000000000000E+00             0.000000000000E+00
  147.500000                  0.000000000000E+00             0.000000000000E+00
  148.000000                  0.000000000000E+00             0.000000000000E+00
  148.500000                  0.000000000000E+00             0.000000000000E+00
  149.000000                  0.000000000000E+00             0.000000000000E+00
  149.500000                  0.000000000000E+00             0.000000000000E+00
  150.000000                  0.000000000000E+00             0.000000000000E+00
  150.500000                  0.000000000000E+00             0.000000000000E+00
  151.000000                  0.000000000000E+00             0.000000000000E+00
  151.500000                  0.000000000000E+00             0.000000000000E+00
  152.000000                  0.000000000000E+00             0.000000000000E+00
  152.500000                  0.000000000000E+00             0.000000000000E+00
  153.000000                  0.000000000000E+00             0.000000000000E+00
  153.500000                  0.000000000000E+00             0.000000000000E+00
  154.000000                  0.000000000000E+00             0.000000000000E+00
  154.500000                  0.000000000000E+00             0.000000000000E+00
  155.000000                  0.000000000000E+00             0.000000000000E+00
  155.500000                  0.000000000000E+00             0.000000000000E+00
  156.000000                  0.000000000000E+00             0.000000000000E+00
  156.500000                  0.000000000000E+00             0.000000000000E+00
  157.000000                  0.000000000000E+00             0.000000000000E+00
  157.500000                  0.000000000000E+00             0.000000000000E+00
  158.000000                  0.000000000000E+00             0.000000000000E+00
  158.500000                  0.000000000000E+00             0.000000000000E+00
  159.000000                  0.000000000000E+00             0.000000000000E+00
  159.500000                  0.000000000000E+00             0.000000000000E+00
  160.000000                  0.000000000000E+00             0.000000000000E+00
  160.500000                  0.000000000000E+00             0.000000000000E+00
  161.000000                  0.000000000000E+00             0.000000000000E+00
  161.500000                  0.000000000000E+00             0.000000000000E+00
  162.000000                  0.000000000000E+00             0.000000000000E+00
  162.500000                  0.000000000000E+00             0.000000000000E+00
  163.000000                  0.000000000000E+00             0.000000000000E+00
  163.500000                  0.000000000000E+00             0.000000000000E+00
  164.000000                  0.000000000000E+00             0.000000000000E+00
  164.500000                  0.000000000000E+00             0.000000000000E+00
  165.000000                  0.000000000000E+00             0.000000000000E+00
  165.500000                  0.000000000000E+00             0.000000000000E+00
  166.000000                  0.000000000000E+00             0.000000000000E+00
  166.500000                  0.000000000000E+00             0.000000000000E+00
  167.000000                  0.000000000000E+00             0.000000000000E+00
  167.500000                  0.000000000000E+00             0.000000000000E+00
  168.000000                  0.000000000000E+00             0.000000000000E+00
  168.500000                  0.000000000000E+00             0.000000000000E+00
  169.000000                  0.000000000000E+00             0.000000000000E+00
  169.500000                  0.000000000000E+00             0.000000000000E+00
  170.000000                  0.000000000000E+00             0.000000000000E+00
  170.500000                  0.000000000000E+00             0.000000000000E+00
  171.000000                  0.000000000000E+00             0.000000000000E+00
  171.500000                  0.000000000000E+00             0.000000000000E+00
  172.000000                  0.000000000000E+00             0.000000000000E+00
  172.500000                  0.000000000000E+00             0.000000000000E+00
  173.000000                  0.000000000000E+00             0.000000000000E+00
  173.500000                  0.000000000000E+00             0.000000000000E+00
  174.000000                  0.000000000000E+00             0.000000000000E+00
  174.500000                  0.000000000000E+00             0.000000000000E+00
  175.000000                  0.000000000000E+00             0.000000000000E+00
  175.500000                  0.000000000000E+00             0.000000000000E+00
  176.000000                  0.000000000000E+00             0.000000000000E+00
  176.500000                  0.000000000000E+00             0.000000000000E+00
  177.000000                  0.000000000000E+00             0.000000000000E+00
  177.500000                  0.000000000000E+00             0.000000000000E+00
  178.000000                  0.000000000000E+00             0.000000000000E+00
  178.500000                  0.000000000000E+00             0.000000000000E+00
  179.000000                  0.000000000000E+00             0.000000000000E+00
  179.500000                  0.000000000000E+00             0.000000000000E+00
  180.000000                  0.000000000000E+00             0.000000000000E+00
  180.500000                  0.000000000000E+00             0.000000000000E+00
  181.000000                  0.000000000000E+00             0.000000000000E+00
  181.500000                  0.000000000000E+00             0.000000000000E+00
  182.000000                  0.000000000000E+00             0.000000000000E+00
  182.500000                  0.000000000000E+00             0.000000000000E+00
  183.000000                  0.000000000000E+00             0.000000000000E+00
  183.500000                  0.000000000000E+00             0.000000000000E+00
  184.000000                  0.000000000000E+00             0.000000000000E+00
  184.500000                  0.000000000000E+00             0.000000000000E+00
  185.000000                  0.000000000000E+00             0.000000000000E+00
  185.500000                  0.000000000000E+00             0.000000000000E+00
  186.000000                  0.000000000000E+00             0.000000000000E+00
  186.500000                  0.000000000000E+00             0.000000000000E+00
  187.000000                  0.000000000000E+00             0.000000000000E+00
  187.500000                  0.000000000000E+00             0.000000000000E+00
  188.000000                  0.000000000000E+00             0.000000000000E+00
  188.500000                  0.000000000000E+00             0.000000000000E+00
  189.000000                  0.000000000000E+00             0.000000000000E+00
  189.500000                  0.000000000000E+00             0.000000000000E+00
  190.000000                  0.000000000000E+00             0.000000000000E+00
  190.500000                  0.000000000000E+00             0.000000000000E+00
  191.000000                  0.000000000000E+00             0.000000000000E+00
  191.500000                  0.000000000000E+00             0.000000000000E+00
  192.000000                  0.000000000000E+00             0.000000000000E+00
  192.500000                  0.000000000000E+00             0.000000000000E+00
  193.000000                  0.000000000000E+00             0.000000000000E+00
  193.500000                  0.000000000000E+00             0.000000000000E+00
  194.000000                  0.000000000000E+00             0.000000000000E+00
  194.500000                  0.000000000000E+00             0.000000000000E+00
  195.000000                  0.000000000000E+00             0.000000000000E+00
  195.500000                  0.000000000000E+00             0.000000000000E+00
  196.000000                  0.000000000000E+00             0.000000000000E+00
  196.500000                  0.000000000000E+00             0.000000000000E+00
  197.000000                  0.000000000000E+00             0.000000000000E+00
  197.500000                  0.000000000000E+00             0.000000000000E+00
  198.000000                  0.000000000000E+00             0.000000000000E+00
  198.500000                  0.000000000000E+00             0.000000000000E+00
  199.000000                  0.000000000000E+00             0.000000000000E+00
  199.500000                  0.000000000000E+00             0.000000000000E+00
  200.000000                  0.000000000000E+00             0.000000000000E+00
  200.500000                  0.000000000000E+00             0.000000000000E+00
  201.000000                  0.000000000000E+00             0.000000000000E+00
  201.500000                  0.000000000000E+00             0.000000000000E+00
  202.000000                  0.000000000000E+00             0.000000000000E+00
  202.500000                  0.000000000000E+00             0.000000000000E+00
  203.000000                  0.000000000000E+00             0.000000000000E+00
  203.500000                  0.000000000000E+00             0.000000000000E+00
  204.000000                  0.000000000000E+00             0.000000000000E+00
  204.500000                  0.000000000000E+00             0.000000000000E+00
  205.000000                  0.000000000000E+00             0.000000000000E+00
  205.500000                  0.000000000000E+00             0.000000000000E+00
  206.000000                  0.000000000000E+00             0.000000000000E+00
  206.500000                  0.000000000000E+00             0.000000000000E+00
  207.000000                  0.000000000000E+00             0.000000000000E+00
  207.500000                  0.000000000000E+00             0.000000000000E+00
  208.000000                  0.000000000000E+00             0.000000000000E+00
  208.500000                  0.000000000000E+00             0.000000000000E+00
  209.000000                  0.000000000000E+00             0.000000000000E+00
  209.500000                  0.000000000000E+00             0.000000000000E+00
  210.000000                  0.000000000000E+00             0.000000000000E+00
  210.500000                  0.000000000000E+00             0.000000000000E+00
  211.000000                  0.000000000000E+00             0.000000000000E+00
  211.500000                  0.000000000000E+00             0.000000000000E+00
  212.000000                  0.000000000000E+00             0.000000000000E+00
  212.500000                  0.000000000000E+00             0.000000000000E+00
  213.000000                  0.000000000000E+00             0.000000000000E+00
  213.500000                  0.000000000000E+00             0.000000000000E+00
  214.000000                  0.000000000000E+00             0.000000000000E+00
  214.500000                  0.000000000000E+00             0.000000000000E+00
  215.000000                  0.000000000000E+00             0.000000000000E+00
  215.500000                  0.000000000000E+00             0.000000000000E+00
  216.000000                  0.000000000000E+00             0.000000000000E+00
  216.500000                  0.000000000000E+00             0.000000000000E+00
  217.000000                  0.000000000000E+00             0.000000000000E+00
  217.500000                  0.000000000000E+00             0.000000000000E+00
  218.000000                  0.000000000000E+00             0.000000000000E+00
  218.500000                  0.000000000000E+00             0.000000000000E+00
  219.000000                  0.000000000000E+00             0.000000000000E+00
  219.500000                  0.000000000000E+00             0.000000000000E+00
  220.000000                  0.000000000000E+00             0.000000000000E+00
  220.500000                  0.000000000000E+00             0.000000000000E+00
  221.000000                  0.000000000000E+00             0.000000000000E+00
  221.500000                  0.000000000000E+00             0.000000000000E+00
  222.000000                  0.000000000000E+00             0.000000000000E+00
  222.500000                  0.000000000000E+00             0.000000000000E+00
  223.000000                  0.000000000000E+00             0.000000000000E+00
  223.500000                  0.000000000000E+00             0.000000000000E+00
  224.000000                  0.000000000000E+00             0.000000000000E+00
  224.500000                  0.000000000000E+00             0.000000000000E+00
  225.000000                  0.000000000000E+00             0.000000000000E+00
  225.500000                  0.000000000000E+00             0.000000000000E+00
  226.000000                  0.000000000000E+00             0.000000000000E+00
  226.500000                  0.000000000000E+00             0.000000000000E+00
  227.000000                  0.000000000000E+00             0.000000000000E+00
  227.500000                  0.000000000000E+00             0.000000000000E+00
  228.000000                  0.000000000000E+00             0.000000000000E+00
  228.500000                  0.000000000000E+00             0.000000000000E+00
  229.000000                  0.000000000000E+00             0.000000000000E+00
  229.500000                  0.000000000000E+00             0.000000000000E+00
  230.000000                  0.000000000000E+00             0.000000000000E+00
  230.500000                  0.000000000000E+00             0.000000000000E+00
  231.000000                  0.000000000000E+00             0.000000000000E+00
  231.500000                  0.000000000000E+00             0.000000000000E+00
  232.000000                  0.000000000000E+00             0.000000000000E+00
  232.500000                  0.000000000000E+00             0.000000000000E+00
  233.000000                  0.000000000000E+00             0.000000000000E+00
  233.500000                  0.000000000000E+00             0.000000000000E+00
  234.000000                  0.000000000000E+00             0.000000000000E+00
  234.500000                  0.000000000000E+00             0.000000000000E+00
  235.000000                  0.000000000000E+00             0.000000000000E+00
  235.500000                  0.000000000000E+00             0.000000000000E+00
  236.000000                  0.000000000000E+00             0.000000000000E+00
  236.500000                  0.000000000000E+00             0.000000000000E+00
  237.000000                  0.000000000000E+00             0.000000000000E+00
  237.500000                  0.000000000000E+00             0.000000000000E+00
  238.000000                  0.000000000000E+00             0.000000000000E+00
  238.500000                  0.000000000000E+00             0.000000000000E+00
  239.000000                  0.000000000000E+00             0.000000000000E+00
  239.500000                  0.000000000000E+00             0.000000000000E+00
  240.000000                  0.000000000000E+00             0.000000000000E+00
  240.500000                  0.000000000000E+00             0.000000000000E+00
  241.000000                  0.000000000000E+00             0.000000000000E+00
  241.500000                  0.000000000000E+00             0.000000000000E+00
  242.000000                  0.000000000000E+00             0.000000000000E+00
  242.500000                  0.000000000000E+00             0.000000000000E+00
  243.000000                  0.000000000000E+00             0.000000000000E+00
  243.500000                  0.000000000000E+00             0.000000000000E+00
  244.000000                  0.000000000000E+00             0.000000000000E+00
  244.500000                  0.000000000000E+00             0.000000000000E+00
  245.000000                  0.000000000000E+00             0.000000000000E+00
  245.500000                  0.000000000000E+00             0.000000000000E+00
  246.000000                  0.000000000000E+00             0.000000000000E+00
  246.500000                  0.000000000000E+00             0.000000000000E+00
  247.000000                  0.000000000000E+00             0.000000000000E+00
  247.500000                  0.000000000000E+00             0.000000000000E+00
  248.000000                  0.000000000000E+00             0.000000000000E+00
  248.500000                  0.000000000000E+00             0.000000000000E+00
  249.000000                  0.000000000000E+00             0.000000000000E+00
  249.500000                  0.000000000000E+00             0.000000000000E+00
  250.000000                  0.000000000000E+00             0.000000000000E+00
  250.500000                  0.000000000000E+00             0.000000000000E+00
  251.000000                  0.000000000000E+00             0.000000000000E+00
  251.500000                  0.000000000000E+00             0.000000000000E+00
  252.000000                  0.000000000000E+00             0.000000000000E+00
  252.500000                  0.000000000000E+00             0.000000000000E+00
  253.000000                  0.000000000000E+00             0.000000000000E+00
  253.500000                  0.000000000000E+00             0.000000000000E+00
  254.000000                  0.000000000000E+00             0.000000000000E+00
  254.500000                  0.000000000000E+00             0.000000000000E+00
  255.000000                  0.000000000000E+00             0.000000000000E+00
  255.500000                  0.000000000000E+00             0.000000000000E+00
  256.000000                  0.000000000000E+00             0.000000000000E+00
  256.500000                  0.000000000000E+00             0.000000000000E+00
  257.000000                  0.000000000000E+00             0.000000000000E+00
  257.500000                  0.000000000000E+00             0.000000000000E+00
  258.000000                  0.000000000000E+00             0.000000000000E+00
  258.500000                  0.000000000000E+00             0.000000000000E+00
  259.000000                  0.000000000000E+00             0.000000000000E+00
  259.500000                  0.000000000000E+00             0.000000000000E+00
  260.000000                  0.000000000000E+00             0.000000000000E+00
  260.500000                  0.000000000000E+00             0.000000000000E+00
  261.000000                  0.000000000000E+00             0.000000000000E+00
  261.500000                  0.000000000000E+00             0.000000000000E+00
  262.000000                  0.000000000000E+00             0.000000000000E+00
  262.500000                  0.000000000000E+00             0.000000000000E+00
  263.000000                  0.000000000000E+00             0.000000000000E+00
  263.500000                  0.000000000000E+00             0.000000000000E+00
  264.000000                  0.000000000000E+00             0.000000000000E+00
  264.500000                  0.000000000000E+00             0.000000000000E+00
  265.000000                  0.000000000000E+00             0.000000000000E+00
  265.500000                  0.000000000000E+00             0.000000000000E+00
  266.000000                  0.000000000000E+00             0.000000000000E+00
  266.500000                  0.000000000000E+00             0.000000000000E+00
  267.000000                  0.000000000000E+00             0.000000000000E+00
  267.500000                  0.000000000000E+00             0.000000000000E+00
  268.000000                  0.000000000000E+00             0.000000000000E+00
  268.500000                  0.000000000000E+00             0.000000000000E+00
  269.000000                  0.000000000000E+00             0.000000000000E+00
  269.500000                  0.000000000000E+00             0.000000000000E+00
  270.000000                  0.000000000000E+00             0.000000000000E+00
  270.500000                  0.000000000000E+00             0.000000000000E+00
  271.000000                  0.000000000000E+00             0.000000000000E+00
  271.500000                  0.000000000000E+00             0.000000000000E+00
  272.000000                  0.000000000000E+00             0.000000000000E+00
  272.500000                  0.000000000000E+00             0.000000000000E+00
  273.000000                  0.000000000000E+00             0.000000000000E+00
  273.500000                  0.000000000000E+00             0.000000000000E+00
  274.000000                  0.000000000000E+00             0.000000000000E+00
  274.500000                  0.000000000000E+00             0.000000000000E+00
  275.000000                  0.000000000000E+00             0.000000000000E+00
  275.500000                  0.000000000000E+00             0.000000000000E+00
  276.000000                  0.000000000000E+00             0.000000000000E+00
  276.500000                  0.000000000000E+00             0.000000000000E+00
  277.000000                  0.000000000000E+00             0.000000000000E+00
  277.500000                  0.000000000000E+00             0.000000000000E+00
  278.000000                  0.000000000000E+00             0.000000000000E+00
  278.500000                  0.000000000000E+00             0.000000000000E+00
  279.000000                  0.000000000000E+00             0.000000000000E+00
  279.500000                  0.000000000000E+00             0.000000000000E+00
  280.000000                  0.000000000000E+00             0.000000000000E+00
  280.500000                  0.000000000000E+00             0.000000000000E+00
  281.000000                  0.000000000000E+00             0.000000000000E+00
  281.500000                  0.000000000000E+00             0.000000000000E+00
  282.000000                  0.000000000000E+00             0.000000000000E+00
  282.500000                  0.000000000000E+00             0.000000000000E+00
  283.000000                  0.000000000000E+00             0.000000000000E+00
  283.500000                  0.000000000000E+00             0.000000000000E+00
  284.000000                  0.000000000000E+00             0.000000000000E+00
  284.500000                  0.000000000000E+00             0.000000000000E+00
  285.000000                  0.000000000000E+00             0.000000000000E+00
  285.500000                  0.000000000000E+00             0.000000000000E+00
  286.000000                  0.000000000000E+00             0.000000000000E+00
  286.500000                  0.000000000000E+00             0.000000000000E+00
  287.000000                  0.000000000000E+00             0.000000000000E+00
  287.500000                  0.000000000000E+00             0.000000000000E+00
  288.000000                  0.000000000000E+00             0.000000000000E+00
  288.500000                  0.000000000000E+00             0.000000000000E+00
  289.000000                  0.000000000000E+00             0.000000000000E+00
  289.500000                  0.000000000000E+00             0.000000000000E+00
  290.000000                  0.000000000000E+00             0.000000000000E+00
  290.500000                  0.000000000000E+00             0.000000000000E+00
  291.000000                  0.000000000000E+00             0.000000000000E+00
  291.500000                  0.000000000000E+00             0.000000000000E+00
  292.000000                  0.000000000000E+00             0.000000000000E+00
  292.500000                  0.000000000000E+00             0.000000000000E+00
  293.000000                  0.000000000000E+00             0.000000000000E+00
  293.500000                  0.000000000000E+00             0.000000000000E+00
  294.000000                  0.000000000000E+00             0.000000000000E+00
  294.500000                  0.000000000000E+00             0.000000000000E+00
  295.000000                  0.000000000000E+00             0.000000000000E+00
  295.500000                  0.000000000000E+00             0.000000000000E+00
  296.000000                  0.000000000000E+00             0.000000000000E+00
  296.500000                  0.000000000000E+00             0.000000000000E+00


                             Tensor Component : zz

    Energy                        Real(eps_lf)                    Im(eps_lf)

    0.000000                  2.732129189458E+00             0.000000000000E+00
    0.500000                  2.732139538571E+00             6.209697964812E-06
    1.000000                  2.732170589297E+00             1.242142833748E-05
    1.500000                  2.732222351798E+00             1.863722518910E-05
    2.000000                  2.732294843025E+00             2.485912591982E-05
    2.500000                  2.732388086726E+00             3.108917292969E-05
    3.000000                  2.732502113467E+00             3.732941529721E-05
    3.500000                  2.732636960658E+00             4.358191046807E-05
    4.000000                  2.732792672584E+00             4.984872595675E-05
    4.500000                  2.732969300439E+00             5.613194106357E-05
    5.000000                  2.733166902372E+00             6.243364860986E-05
    5.500000                  2.733385543531E+00             6.875595669408E-05
    6.000000                  2.733625296121E+00             7.510099047143E-05
    6.500000                  2.733886239459E+00             8.147089396007E-05
    7.000000                  2.734168460044E+00             8.786783187657E-05
    7.500000                  2.734472051628E+00             9.429399150379E-05
    8.000000                  2.734797115292E+00             1.007515845940E-04
    8.500000                  2.735143759535E+00             1.072428493109E-04
    9.000000                  2.735512100363E+00             1.137700522125E-04
    9.500000                  2.735902261385E+00             1.203354902804E-04
   10.000000                  2.736314373922E+00             1.269414929967E-04
   10.500000                  2.736748577116E+00             1.335904244729E-04
   11.000000                  2.737205018050E+00             1.402846856359E-04
   11.500000                  2.737683851875E+00             1.470267164721E-04
   12.000000                  2.738185241942E+00             1.538189983369E-04
   12.500000                  2.738709359946E+00             1.606640563306E-04
   13.000000                  2.739256386075E+00             1.675644617482E-04
   13.500000                  2.739826509169E+00             1.745228346049E-04
   14.000000                  2.740419926885E+00             1.815418462439E-04
   14.500000                  2.741036845873E+00             1.886242220309E-04
   15.000000                  2.741677481962E+00             1.957727441406E-04
   15.500000                  2.742342060353E+00             2.029902544404E-04
   16.000000                  2.743030815824E+00             2.102796574776E-04
   16.500000                  2.743743992941E+00             2.176439235761E-04
   17.000000                  2.744481846288E+00             2.250860920484E-04
   17.500000                  2.745244640697E+00             2.326092745304E-04
   18.000000                  2.746032651497E+00             2.402166584459E-04
   18.500000                  2.746846164775E+00             2.479115106073E-04
   19.000000                  2.747685477642E+00             2.556971809627E-04
   19.500000                  2.748550898520E+00             2.635771064942E-04
   20.000000                  2.749442747438E+00             2.715548152804E-04
   20.500000                  2.750361356343E+00             2.796339307283E-04
   21.000000                  2.751307069422E+00             2.878181759875E-04
   21.500000                  2.752280243449E+00             2.961113785555E-04
   22.000000                  2.753281248132E+00             3.045174750857E-04
   22.500000                  2.754310466492E+00             3.130405164093E-04
   23.000000                  2.755368295250E+00             3.216846727840E-04
   23.500000                  2.756455145233E+00             3.304542393823E-04
   24.000000                  2.757571441800E+00             3.393536420339E-04
   24.500000                  2.758717625291E+00             3.483874432352E-04
   25.000000                  2.759894151486E+00             3.575603484448E-04
   25.500000                  2.761101492101E+00             3.668772126783E-04
   26.000000                  2.762340135291E+00             3.763430474220E-04
   26.500000                  2.763610586185E+00             3.859630278853E-04
   27.000000                  2.764913367449E+00             3.957425006088E-04
   27.500000                  2.766249019862E+00             4.056869914533E-04
   28.000000                  2.767618102936E+00             4.158022139899E-04
   28.500000                  2.769021195551E+00             4.260940783163E-04
   29.000000                  2.770458896626E+00             4.365687003265E-04
   29.500000                  2.771931825822E+00             4.472324114597E-04
   30.000000                  2.773440624278E+00             4.580917689598E-04
   30.500000                  2.774985955380E+00             4.691535666759E-04
   31.000000                  2.776568505570E+00             4.804248464390E-04
   31.500000                  2.778188985189E+00             4.919129100505E-04
   32.000000                  2.779848129370E+00             5.036253319208E-04
   32.500000                  2.781546698962E+00             5.155699724010E-04
   33.000000                  2.783285481514E+00             5.277549918514E-04
   33.500000                  2.785065292290E+00             5.401888654946E-04
   34.000000                  2.786886975355E+00             5.528803991051E-04
   34.500000                  2.788751404694E+00             5.658387455899E-04
   35.000000                  2.790659485405E+00             5.790734225197E-04
   35.500000                  2.792612154944E+00             5.925943306747E-04
   36.000000                  2.794610384430E+00             6.064117736717E-04
   36.500000                  2.796655180027E+00             6.205364787492E-04
   37.000000                  2.798747584392E+00             6.349796187864E-04
   37.500000                  2.800888678195E+00             6.497528356438E-04
   38.000000                  2.803079581728E+00             6.648682649173E-04
   38.500000                  2.805321456589E+00             6.803385622042E-04
   39.000000                  2.807615507465E+00             6.961769309892E-04
   39.500000                  2.809962984005E+00             7.123971522659E-04
   40.000000                  2.812365182799E+00             7.290136160197E-04
   40.500000                  2.814823449459E+00             7.460413547072E-04
   41.000000                  2.817339180822E+00             7.634960788783E-04
   41.500000                  2.819913827274E+00             7.813942151013E-04
   42.000000                  2.822548895199E+00             7.997529463623E-04
   42.500000                  2.825245949574E+00             8.185902551260E-04
   43.000000                  2.828006616709E+00             8.379249692613E-04
   43.500000                  2.830832587144E+00             8.577768110513E-04
   44.000000                  2.833725618720E+00             8.781664495289E-04
   44.500000                  2.836687539821E+00             8.991155563975E-04
   45.000000                  2.839720252819E+00             9.206468658222E-04
   45.500000                  2.842825737718E+00             9.427842383997E-04
   46.000000                  2.846006056024E+00             9.655527296470E-04
   46.500000                  2.849263354845E+00             9.889786633754E-04
   47.000000                  2.852599871249E+00             1.013089710355E-03
   47.500000                  2.856017936894E+00             1.037914972710E-03
   48.000000                  2.859519982943E+00             1.063485074526E-03
   48.500000                  2.863108545305E+00             1.089832259200E-03
   49.000000                  2.866786270194E+00             1.116990494115E-03
   49.500000                  2.870555920070E+00             1.144995583269E-03
   50.000000                  2.874420379952E+00             1.173885288568E-03
   50.500000                  2.878382664163E+00             1.203699460544E-03
   51.000000                  2.882445923523E+00             1.234480179355E-03
   51.500000                  2.886613453027E+00             1.266271906983E-03
   52.000000                  2.890888700058E+00             1.299121651693E-03
   52.500000                  2.895275273161E+00             1.333079145853E-03
   53.000000                  2.899776951444E+00             1.368197038409E-03
   53.500000                  2.904397694635E+00             1.404531103383E-03
   54.000000                  2.909141653873E+00             1.442140465960E-03
   54.500000                  2.914013183280E+00             1.481087847864E-03
   55.000000                  2.919016852382E+00             1.521439833933E-03
   55.500000                  2.924157459462E+00             1.563267162024E-03
   56.000000                  2.929440045920E+00             1.606645038588E-03
   56.500000                  2.934869911729E+00             1.651653482571E-03
   57.000000                  2.940452632091E+00             1.698377700567E-03
   57.500000                  2.946194075394E+00             1.746908496521E-03
   58.000000                  2.952100422609E+00             1.797342719667E-03
   58.500000                  2.958178188233E+00             1.849783754830E-03
   59.000000                  2.964434242956E+00             1.904342059736E-03
   59.500000                  2.970875838197E+00             1.961135754560E-03
   60.000000                  2.977510632705E+00             2.020291269579E-03
   60.500000                  2.984346721416E+00             2.081944057597E-03
   61.000000                  2.991392666812E+00             2.146239378626E-03
   61.500000                  2.998657533016E+00             2.213333165336E-03
   62.000000                  3.006150922931E+00             2.283392978916E-03
   62.500000                  3.013883018720E+00             2.356599066304E-03
   63.000000                  3.021864625997E+00             2.433145531256E-03
   63.500000                  3.030107222132E+00             2.513241633484E-03
   64.000000                  3.038623009119E+00             2.597113232133E-03
   64.500000                  3.047424971517E+00             2.685004392207E-03
   65.000000                  3.056526940050E+00             2.777179175312E-03
   65.500000                  3.065943661511E+00             2.873923639303E-03
   66.000000                  3.075690875709E+00             2.975548075139E-03
   66.500000                  3.085785400327E+00             3.082389513666E-03
   67.000000                  3.096245224609E+00             3.194814540215E-03
   67.500000                  3.107089613020E+00             3.313222460967E-03
   68.000000                  3.118339220096E+00             3.438048872254E-03
   68.500000                  3.130016217947E+00             3.569769692467E-03
   69.000000                  3.142144438052E+00             3.708905726405E-03
   69.500000                  3.154749529265E+00             3.856027843940E-03
   70.000000                  3.167859134226E+00             4.011762869351E-03
   70.500000                  3.181503086726E+00             4.176800295014E-03
   71.000000                  3.195713633002E+00             4.351899953994E-03
   71.500000                  3.210525680399E+00             4.537900811326E-03
   72.000000                  3.225977077444E+00             4.735731064340E-03
   72.500000                  3.242108930052E+00             4.946419779635E-03
   73.000000                  3.258965959428E+00             5.171110339802E-03
   73.500000                  3.276596908215E+00             5.411076028839E-03
   74.000000                  3.295055002663E+00             5.667738154016E-03
   74.500000                  3.314398480026E+00             5.942687187178E-03
   75.000000                  3.334691192211E+00             6.237707514398E-03
   75.500000                  3.356003298826E+00             6.554806515396E-03
   76.000000                  3.378412065495E+00             6.896248860501E-03
   76.500000                  3.402002786559E+00             7.264597123099E-03
   77.000000                  3.426869855370E+00             7.662760072461E-03
   77.500000                  3.453118010499E+00             8.094050352826E-03
   78.000000                  3.480863792505E+00             8.562253693054E-03
   78.500000                  3.510237253995E+00             9.071712358371E-03
   79.000000                  3.541383975877E+00             9.627426294758E-03
   79.500000                  3.574467455720E+00             1.023517638626E-02
   80.000000                  3.609671950901E+00             1.090167552782E-02
   80.500000                  3.647205880835E+00             1.163475492555E-02
   81.000000                  3.687305920923E+00             1.244359533452E-02
   81.500000                  3.730241958002E+00             1.333901606221E-02
   82.000000                  3.776323126462E+00             1.433383883733E-02
   82.500000                  3.825905210338E+00             1.544334955588E-02
   83.000000                  3.879399786047E+00             1.668588919077E-02
   83.500000                  3.937285602782E+00             1.808361686728E-02
   84.000000                  4.000122866507E+00             1.966350490947E-02
   84.500000                  4.068571330102E+00             2.145865008857E-02
   85.000000                  4.143413427635E+00             2.351002133974E-02
   85.500000                  4.225584173220E+00             2.586881822806E-02
   86.000000                  4.316210249803E+00             2.859969682061E-02
   86.500000                  4.416661760321E+00             3.178524764166E-02
   87.000000                  4.528621698346E+00             3.553231349495E-02
   87.500000                  4.654180642350E+00             3.998106456756E-02
   88.000000                  4.795968042173E+00             4.531829680101E-02
   88.500000                  4.957337722441E+00             5.179735826892E-02
   89.000000                  5.142635641069E+00             5.976876568066E-02
   89.500000                  5.357595823631E+00             6.972860392752E-02
   90.000000                  5.609942209956E+00             8.239756960642E-02
   90.500000                  5.910333091748E+00             9.885501071758E-02
   91.000000                  6.273899247893E+00             1.207764548274E-01
   91.500000                  6.722861526516E+00             1.508770879359E-01
   92.000000                  7.291227081145E+00             1.937936104479E-01
   92.500000                  8.033778884099E+00             2.579794598175E-01
   93.000000                  9.044743698211E+00             3.601990854195E-01
   93.500000                  1.050088335650E+01             5.376558078542E-01
   94.000000                  1.277629980310E+01             8.871162872735E-01
   94.500000                  1.681849678147E+01             1.729669556960E+00
   95.000000                  2.584969151414E+01             4.704316641158E+00
   95.500000                  5.626575378671E+01             3.279332142217E+01
   96.000000                 -5.060024411488E+01             3.134812617532E+01
   96.500000                 -2.073502160698E+01             4.612796214373E+00
   97.000000                 -1.183813818152E+01             1.708893044485E+00
   97.500000                 -7.836799897904E+00             8.794403395585E-01
   98.000000                 -5.578703967282E+00             5.340255349994E-01
   98.500000                 -4.131440521570E+00             3.582072797076E-01
   99.000000                 -3.125608471096E+00             2.567731935068E-01
   99.500000                 -2.386282003013E+00             1.930100808287E-01
  100.000000                 -1.820069149731E+00             1.503410581120E-01
  100.500000                 -1.372610272685E+00             1.203949640112E-01
  101.000000                 -1.010131308424E+00             9.857505609016E-02
  101.500000                 -7.105482763800E-01             8.218714994686E-02
  102.000000                 -4.588150287306E-01             6.956747658326E-02
  102.500000                 -2.443278755776E-01             5.964362126500E-02
  103.000000                 -5.939937901222E-02             5.169915595456E-02
  103.500000                  1.016793372430E-01             4.524072175104E-02
  104.000000                  2.432364483581E-01             3.991959841083E-02
  104.500000                  3.686129184583E-01             3.548365451043E-02
  105.000000                  4.804287110628E-01             3.174693802815E-02
  105.500000                  5.807672839529E-01             2.856987666384E-02
  106.000000                  6.713062019903E-01             2.584605924495E-02
  106.500000                  7.534113713446E-01             2.349321215587E-02
  107.000000                  8.282061896666E-01             2.144691557384E-02
  107.500000                  8.966230699907E-01             1.965614849010E-02
  108.000000                  9.594423657226E-01             1.808007862938E-02
  108.500000                  1.017322149703E+00             1.668571502235E-02
  109.000000                  1.070821259665E+00             1.544616812497E-02
  109.500000                  1.120417321732E+00             1.433934421216E-02
  110.000000                  1.166520983821E+00             1.334695444711E-02
  110.500000                  1.209487257219E+00             1.245375484424E-02
  111.000000                  1.249624629276E+00             1.164695762804E-02
  111.500000                  1.287202441989E+00             1.091577119808E-02
  112.000000                  1.322456909610E+00             1.025103756344E-02
  112.500000                  1.355596059386E+00             9.644944340767E-03
  113.000000                  1.386803813733E+00             9.090794292687E-03
  113.500000                  1.416243382986E+00             8.582819633873E-03
  114.000000                  1.444060100850E+00             8.116031435376E-03
  114.500000                  1.470383806490E+00             7.686096745464E-03
  115.000000                  1.495330855625E+00             7.289237746895E-03
  115.500000                  1.519005826345E+00             6.922148547325E-03
  116.000000                  1.541502972356E+00             6.581926165184E-03
  116.500000                  1.562907466246E+00             6.266013009350E-03
  117.000000                  1.583296467325E+00             5.972148715935E-03
  117.500000                  1.602740042256E+00             5.698329642152E-03
  118.000000                  1.621301961622E+00             5.442774657016E-03
  118.500000                  1.639040391500E+00             5.203896134512E-03
  119.000000                  1.656008495843E+00             4.980275264315E-03
  119.500000                  1.672254962809E+00             4.770640960931E-03
  120.000000                  1.687824466002E+00             4.573851784107E-03
  120.500000                  1.702758069832E+00             4.388880389023E-03
  121.000000                  1.717093586731E+00             4.214800109647E-03
  121.500000                  1.730865892772E+00             4.050773347253E-03
  122.000000                  1.744107207224E+00             3.896041491793E-03
  122.500000                  1.756847340777E+00             3.749916149132E-03
  123.000000                  1.769113916441E+00             3.611771484299E-03
  123.500000                  1.780932566572E+00             3.481037521413E-03
  124.000000                  1.792327108994E+00             3.357194266068E-03
  124.500000                  1.803319704730E+00             3.239766536789E-03
  125.000000                  1.813930999579E+00             3.128319409450E-03
  125.500000                  1.824180251409E+00             3.022454192975E-03
  126.000000                  1.834085444836E+00             2.921804866664E-03
  126.500000                  1.843663394713E+00             2.826034919601E-03
  127.000000                  1.852929839691E+00             2.734834541122E-03
  127.500000                  1.861899526942E+00             2.647918118454E-03
  128.000000                  1.870586288999E+00             2.565022003758E-03
  128.500000                  1.879003113565E+00             2.485902517916E-03
  129.000000                  1.887162207018E+00             2.410334162808E-03
  129.500000                  1.895075052278E+00             2.338108017564E-03
  130.000000                  1.902752461608E+00             2.269030297465E-03
  130.500000                  1.910204624848E+00             2.202921056904E-03
  131.000000                  1.917441153558E+00             2.139613020197E-03
  131.500000                  1.924471121448E+00             2.078950526022E-03
  132.000000                  1.931303101465E+00             2.020788573051E-03
  132.500000                  1.937945199857E+00             1.964991955839E-03
  133.000000                  1.944405087490E+00             1.911434481338E-03
  133.500000                  1.950690028675E+00             1.859998257553E-03
  134.000000                  1.956806907742E+00             1.810573046857E-03
  134.500000                  1.962762253551E+00             1.763055677315E-03
  135.000000                  1.968562262129E+00             1.717349506170E-03
  135.500000                  1.974212817605E+00             1.673363930253E-03
  136.000000                  1.979719511579E+00             1.631013938693E-03
  136.500000                  1.985087661067E+00             1.590219703813E-03
  137.000000                  1.990322325142E+00             1.550906206503E-03
  137.500000                  1.995428320383E+00             1.513002892822E-03
  138.000000                  2.000410235215E+00             1.476443358862E-03
  138.500000                  2.005272443260E+00             1.441165061265E-03
  139.000000                  2.010019115746E+00             1.407109051020E-03
  139.500000                  2.014654233078E+00             1.374219728435E-03
  140.000000                  2.019181595613E+00             1.342444617378E-03
  140.500000                  2.023604833726E+00             1.311734157072E-03
  141.000000                  2.027927417195E+00             1.282041509898E-03
  141.500000                  2.032152663980E+00             1.253322383830E-03
  142.000000                  2.036283748432E+00             1.225534868223E-03
  142.500000                  2.040323708967E+00             1.198639281830E-03
  143.000000                  2.044275455265E+00             1.172598032015E-03
  143.500000                  2.048141775008E+00             1.147375484235E-03
  144.000000                  2.051925340201E+00             1.122937840935E-03
  144.500000                  2.055628713105E+00             1.099253029087E-03
  145.000000                  2.059254351812E+00             1.076290595692E-03
  145.500000                  2.062804615473E+00             1.054021610583E-03
  146.000000                  2.066281769230E+00             1.032418575972E-03
  146.500000                  2.069687988840E+00             1.011455342199E-03
  147.000000                  2.073025365040E+00             9.911070292089E-04
  147.500000                  2.076295907655E+00             9.713499533085E-04
  148.000000                  2.079501549469E+00             9.521615588115E-04
  148.500000                  2.082644149876E+00             9.335203541926E-04
  149.000000                  2.085725498330E+00             9.154058524191E-04
  149.500000                  2.088747317593E+00             8.977985151492E-04
  150.000000                  2.091711266816E+00             8.806797005144E-04
  150.500000                  2.094618944438E+00             8.640316142228E-04
  151.000000                  2.097471890939E+00             8.478372637468E-04
  151.500000                  2.100271591437E+00             8.320804153733E-04
  152.000000                  2.103019478148E+00             8.167455539142E-04
  152.500000                  2.105716932722E+00             8.018178448905E-04
  153.000000                  2.108365288447E+00             7.872830990178E-04
  153.500000                  2.110965832346E+00             7.731277388355E-04
  154.000000                  2.113519807163E+00             7.593387673311E-04
  154.500000                  2.116028413247E+00             7.459037384262E-04
  155.000000                  2.118492810343E+00             7.328107291990E-04
  155.500000                  2.120914119290E+00             7.200483137256E-04
  156.000000                  2.123293423638E+00             7.076055384361E-04
  156.500000                  2.125631771180E+00             6.954718988829E-04
  157.000000                  2.127930175417E+00             6.836373178326E-04
  157.500000                  2.130189616942E+00             6.720921245933E-04
  158.000000                  2.132411044767E+00             6.608270355001E-04
  158.500000                  2.134595377576E+00             6.498331354844E-04
  159.000000                  2.136743504932E+00             6.391018606593E-04
  159.500000                  2.138856288413E+00             6.286249818568E-04
  160.000000                  2.140934562704E+00             6.183945890589E-04
  160.500000                  2.142979136637E+00             6.084030766662E-04
  161.000000                  2.144990794182E+00             5.986431295541E-04
  161.500000                  2.146970295389E+00             5.891077098685E-04
  162.000000                  2.148918377299E+00             5.797900445162E-04
  162.500000                  2.150835754797E+00             5.706836133086E-04
  163.000000                  2.152723121445E+00             5.617821377205E-04
  163.500000                  2.154581150264E+00             5.530795702271E-04
  164.000000                  2.156410494487E+00             5.445700841862E-04
  164.500000                  2.158211788283E+00             5.362480642332E-04
  165.000000                  2.159985647442E+00             5.281080971599E-04
  165.500000                  2.161732670035E+00             5.201449632498E-04
  166.000000                  2.163453437048E+00             5.123536280425E-04
  166.500000                  2.165148512982E+00             5.047292345054E-04
  167.000000                  2.166818446435E+00             4.972670955874E-04
  167.500000                  2.168463770654E+00             4.899626871352E-04
  168.000000                  2.170085004071E+00             4.828116411515E-04
  168.500000                  2.171682650807E+00             4.758097393765E-04
  169.000000                  2.173257201167E+00             4.689529071745E-04
  169.500000                  2.174809132102E+00             4.622372077104E-04
  170.000000                  2.176338907666E+00             4.556588363993E-04
  170.500000                  2.177846979442E+00             4.492141156152E-04
  171.000000                  2.179333786961E+00             4.428994896453E-04
  171.500000                  2.180799758098E+00             4.367115198759E-04
  172.000000                  2.182245309455E+00             4.306468801995E-04
  172.500000                  2.183670846729E+00             4.247023526302E-04
  173.000000                  2.185076765065E+00             4.188748231168E-04
  173.500000                  2.186463449397E+00             4.131612775447E-04
  174.000000                  2.187831274771E+00             4.075587979149E-04
  174.500000                  2.189180606664E+00             4.020645586931E-04
  175.000000                  2.190511801283E+00             3.966758233196E-04
  175.500000                  2.191825205858E+00             3.913899408712E-04
  176.000000                  2.193121158921E+00             3.862043428688E-04
  176.500000                  2.194399990576E+00             3.811165402230E-04
  177.000000                  2.195662022756E+00             3.761241203102E-04
  177.500000                  2.196907569480E+00             3.712247441747E-04
  178.000000                  2.198136937087E+00             3.664161438479E-04
  178.500000                  2.199350424472E+00             3.616961197824E-04
  179.000000                  2.200548323308E+00             3.570625383919E-04
  179.500000                  2.201730918264E+00             3.525133296949E-04
  180.000000                  2.202898487212E+00             3.480464850554E-04
  180.500000                  2.204051301428E+00             3.436600550167E-04
  181.000000                  2.205189625785E+00             3.393521472238E-04
  181.500000                  2.206313718942E+00             3.351209244311E-04
  182.000000                  2.207423833521E+00             3.309646025893E-04
  182.500000                  2.208520216287E+00             3.268814490108E-04
  183.000000                  2.209603108310E+00             3.228697806073E-04
  183.500000                  2.210672745130E+00             3.189279621984E-04
  184.000000                  2.211729356916E+00             3.150544048862E-04
  184.500000                  2.212773168613E+00             3.112475644950E-04
  185.000000                  2.213804400096E+00             3.075059400706E-04
  185.500000                  2.214823266301E+00             3.038280724392E-04
  186.000000                  2.215829977373E+00             3.002125428216E-04
  186.500000                  2.216824738791E+00             2.966579715002E-04
  187.000000                  2.217807751498E+00             2.931630165380E-04
  187.500000                  2.218779212027E+00             2.897263725454E-04
  188.000000                  2.219739312617E+00             2.863467694943E-04
  188.500000                  2.220688241333E+00             2.830229715766E-04
  189.000000                  2.221626182175E+00             2.797537761052E-04
  189.500000                  2.222553315188E+00             2.765380124567E-04
  190.000000                  2.223469816567E+00             2.733745410521E-04
  190.500000                  2.224375858760E+00             2.702622523762E-04
  191.000000                  2.225271610564E+00             2.672000660322E-04
  191.500000                  2.226157237222E+00             2.641869298310E-04
  192.000000                  2.227032900517E+00             2.612218189138E-04
  192.500000                  2.227898758860E+00             2.583037349060E-04
  193.000000                  2.228754967376E+00             2.554317051015E-04
  193.500000                  2.229601677990E+00             2.526047816764E-04
  194.000000                  2.230439039508E+00             2.498220409303E-04
  194.500000                  2.231267197696E+00             2.470825825550E-04
  195.000000                  2.232086295359E+00             2.443855289282E-04
  195.500000                  2.232896472411E+00             2.417300244323E-04
  196.000000                  2.233697865950E+00             2.391152347971E-04
  196.500000                  2.234490610329E+00             2.365403464652E-04
  197.000000                  2.235274837223E+00             2.340045659786E-04
  197.500000                  2.236050675695E+00             2.315071193876E-04
  198.000000                  2.236818252257E+00             2.290472516789E-04
  198.500000                  2.237577690939E+00             2.266242262236E-04
  199.000000                  2.238329113343E+00             2.242373242436E-04
  199.500000                  2.239072638706E+00             2.218858442963E-04
  200.000000                  2.239808383954E+00             2.195691017761E-04
  200.500000                  2.240536463758E+00             2.172864284330E-04
  201.000000                  2.241256990589E+00             2.150371719071E-04
  201.500000                  2.241970074769E+00             2.128206952779E-04
  202.000000                  2.242675824523E+00             2.106363766293E-04
  202.500000                  2.243374346026E+00             2.084836086283E-04
  203.000000                  2.244065743452E+00             2.063617981174E-04
  203.500000                  2.244750119023E+00             2.042703657202E-04
  204.000000                  2.245427573052E+00             2.022087454604E-04
  204.500000                  2.246098203984E+00             2.001763843919E-04
  205.000000                  2.246762108446E+00             1.981727422418E-04
  205.500000                  2.247419381284E+00             1.961972910638E-04
  206.000000                  2.248070115601E+00             1.942495149038E-04
  206.500000                  2.248714402805E+00             1.923289094744E-04
  207.000000                  2.249352332637E+00             1.904349818415E-04
  207.500000                  2.249983993217E+00             1.885672501190E-04
  208.000000                  2.250609471075E+00             1.867252431743E-04
  208.500000                  2.251228851189E+00             1.849085003417E-04
  209.000000                  2.251842217018E+00             1.831165711463E-04
  209.500000                  2.252449650536E+00             1.813490150345E-04
  210.000000                  2.253051232265E+00             1.796054011141E-04
  210.500000                  2.253647041307E+00             1.778853079017E-04
  211.000000                  2.254237155372E+00             1.761883230781E-04
  211.500000                  2.254821650813E+00             1.745140432506E-04
  212.000000                  2.255400602654E+00             1.728620737232E-04
  212.500000                  2.255974084613E+00             1.712320282727E-04
  213.000000                  2.256542169139E+00             1.696235289323E-04
  213.500000                  2.257104927433E+00             1.680362057814E-04
  214.000000                  2.257662429475E+00             1.664696967413E-04
  214.500000                  2.258214744052E+00             1.649236473773E-04
  215.000000                  2.258761938782E+00             1.633977107063E-04
  215.500000                  2.259304080138E+00             1.618915470106E-04
  216.000000                  2.259841233474E+00             1.604048236559E-04
  216.500000                  2.260373463044E+00             1.589372149162E-04
  217.000000                  2.260900832031E+00             1.574884018021E-04
  217.500000                  2.261423402563E+00             1.560580718956E-04
  218.000000                  2.261941235738E+00             1.546459191880E-04
  218.500000                  2.262454391645E+00             1.532516439242E-04
  219.000000                  2.262962929385E+00             1.518749524495E-04
  219.500000                  2.263466907087E+00             1.505155570626E-04
  220.000000                  2.263966381933E+00             1.491731758712E-04
  220.500000                  2.264461410176E+00             1.478475326524E-04
  221.000000                  2.264952047154E+00             1.465383567173E-04
  221.500000                  2.265438347315E+00             1.452453827784E-04
  222.000000                  2.265920364231E+00             1.439683508216E-04
  222.500000                  2.266398150613E+00             1.427070059812E-04
  223.000000                  2.266871758335E+00             1.414610984182E-04
  223.500000                  2.267341238444E+00             1.402303832030E-04
  224.000000                  2.267806641180E+00             1.390146201995E-04
  224.500000                  2.268268015987E+00             1.378135739544E-04
  225.000000                  2.268725411537E+00             1.366270135874E-04
  225.500000                  2.269178875736E+00             1.354547126863E-04
  226.000000                  2.269628455745E+00             1.342964492036E-04
  226.500000                  2.270074197989E+00             1.331520053563E-04
  227.000000                  2.270516148177E+00             1.320211675284E-04
  227.500000                  2.270954351311E+00             1.309037261760E-04
  228.000000                  2.271388851703E+00             1.297994757350E-04
  228.500000                  2.271819692984E+00             1.287082145307E-04
  229.000000                  2.272246918120E+00             1.276297446905E-04
  229.500000                  2.272670569426E+00             1.265638720585E-04
  230.000000                  2.273090688571E+00             1.255104061123E-04
  230.500000                  2.273507316600E+00             1.244691598818E-04
  231.000000                  2.273920493936E+00             1.234399498710E-04
  231.500000                  2.274330260401E+00             1.224225959804E-04
  232.000000                  2.274736655217E+00             1.214169214326E-04
  232.500000                  2.275139717027E+00             1.204227526992E-04
  233.000000                  2.275539483896E+00             1.194399194297E-04
  233.500000                  2.275935993331E+00             1.184682543822E-04
  234.000000                  2.276329282285E+00             1.175075933559E-04
  234.500000                  2.276719387166E+00             1.165577751251E-04
  235.000000                  2.277106343853E+00             1.156186413756E-04
  235.500000                  2.277490187701E+00             1.146900366411E-04
  236.000000                  2.277870953551E+00             1.137718082433E-04
  236.500000                  2.278248675740E+00             1.128638062315E-04
  237.000000                  2.278623388109E+00             1.119658833252E-04
  237.500000                  2.278995124014E+00             1.110778948572E-04
  238.000000                  2.279363916330E+00             1.101996987183E-04
  238.500000                  2.279729797466E+00             1.093311553040E-04
  239.000000                  2.280092799368E+00             1.084721274611E-04
  239.500000                  2.280452953530E+00             1.076224804374E-04
  240.000000                  2.280810290998E+00             1.067820818309E-04
  240.500000                  2.281164842383E+00             1.059508015414E-04
  241.000000                  2.281516637866E+00             1.051285117229E-04
  241.500000                  2.281865707204E+00             1.043150867370E-04
  242.000000                  2.282212079742E+00             1.035104031075E-04
  242.500000                  2.282555784412E+00             1.027143394761E-04
  243.000000                  2.282896849750E+00             1.019267765592E-04
  243.500000                  2.283235303894E+00             1.011475971060E-04
  244.000000                  2.283571174597E+00             1.003766858567E-04
  244.500000                  2.283904489230E+00             9.961392950268E-05
  245.000000                  2.284235274789E+00             9.885921664701E-05
  245.500000                  2.284563557903E+00             9.811243776620E-05
  246.000000                  2.284889364838E+00             9.737348517258E-05
  246.500000                  2.285212721504E+00             9.664225297780E-05
  247.000000                  2.285533653463E+00             9.591863705695E-05
  247.500000                  2.285852185931E+00             9.520253501370E-05
  248.000000                  2.286168343784E+00             9.449384614611E-05
  248.500000                  2.286482151569E+00             9.379247141330E-05
  249.000000                  2.286793633502E+00             9.309831340280E-05
  249.500000                  2.287102813479E+00             9.241127629877E-05
  250.000000                  2.287409715079E+00             9.173126585081E-05
  250.500000                  2.287714361569E+00             9.105818934354E-05
  251.000000                  2.288016775909E+00             9.039195556690E-05
  251.500000                  2.288316980759E+00             8.973247478700E-05
  252.000000                  2.288614998480E+00             8.907965871778E-05
  252.500000                  2.288910851144E+00             8.843342049316E-05
  253.000000                  2.289204560532E+00             8.779367463990E-05
  253.500000                  2.289496148146E+00             8.716033705103E-05
  254.000000                  2.289785635209E+00             8.653332495989E-05
  254.500000                  2.290073042668E+00             8.591255691467E-05
  255.000000                  2.290358391204E+00             8.529795275363E-05
  255.500000                  2.290641701231E+00             8.468943358077E-05
  256.000000                  2.290922992901E+00             8.408692174204E-05
  256.500000                  2.291202286113E+00             8.349034080212E-05
  257.000000                  2.291479600508E+00             8.289961552165E-05
  257.500000                  2.291754955484E+00             8.231467183499E-05
  258.000000                  2.292028370189E+00             8.173543682844E-05
  258.500000                  2.292299863532E+00             8.116183871893E-05
  259.000000                  2.292569454185E+00             8.059380683316E-05
  259.500000                  2.292837160585E+00             8.003127158724E-05
  260.000000                  2.293103000941E+00             7.947416446666E-05
  260.500000                  2.293366993233E+00             7.892241800680E-05
  261.000000                  2.293629155218E+00             7.837596577377E-05
  261.500000                  2.293889504435E+00             7.783474234571E-05
  262.000000                  2.294148058205E+00             7.729868329442E-05
  262.500000                  2.294404833638E+00             7.676772516747E-05
  263.000000                  2.294659847630E+00             7.624180547056E-05
  263.500000                  2.294913116875E+00             7.572086265040E-05
  264.000000                  2.295164657861E+00             7.520483607779E-05
  264.500000                  2.295414486874E+00             7.469366603119E-05
  265.000000                  2.295662620005E+00             7.418729368051E-05
  265.500000                  2.295909073150E+00             7.368566107132E-05
  266.000000                  2.296153862012E+00             7.318871110936E-05
  266.500000                  2.296397002106E+00             7.269638754536E-05
  267.000000                  2.296638508760E+00             7.220863496016E-05
  267.500000                  2.296878397121E+00             7.172539875018E-05
  268.000000                  2.297116682151E+00             7.124662511309E-05
  268.500000                  2.297353378639E+00             7.077226103392E-05
  269.000000                  2.297588501195E+00             7.030225427129E-05
  269.500000                  2.297822064257E+00             6.983655334406E-05
  270.000000                  2.298054082094E+00             6.937510751810E-05
  270.500000                  2.298284568805E+00             6.891786679350E-05
  271.000000                  2.298513538326E+00             6.846478189187E-05
  271.500000                  2.298741004427E+00             6.801580424398E-05
  272.000000                  2.298966980719E+00             6.757088597768E-05
  272.500000                  2.299191480655E+00             6.712997990595E-05
  273.000000                  2.299414517532E+00             6.669303951527E-05
  273.500000                  2.299636104490E+00             6.626001895421E-05
  274.000000                  2.299856254521E+00             6.583087302221E-05
  274.500000                  2.300074980467E+00             6.540555715864E-05
  275.000000                  2.300292295019E+00             6.498402743197E-05
  275.500000                  2.300508210726E+00             6.456624052928E-05
  276.000000                  2.300722739993E+00             6.415215374588E-05
  276.500000                  2.300935895084E+00             6.374172497516E-05
  277.000000                  2.301147688122E+00             6.333491269865E-05
  277.500000                  2.301358131093E+00             6.293167597627E-05
  278.000000                  2.301567235849E+00             6.253197443672E-05
  278.500000                  2.301775014107E+00             6.213576826813E-05
  279.000000                  2.301981477453E+00             6.174301820884E-05
  279.500000                  2.302186637342E+00             6.135368553834E-05
  280.000000                  2.302390505102E+00             6.096773206848E-05
  280.500000                  2.302593091934E+00             6.058512013467E-05
  281.000000                  2.302794408914E+00             6.020581258747E-05
  281.500000                  2.302994466995E+00             5.982977278414E-05
  282.000000                  2.303193277010E+00             5.945696458044E-05
  282.500000                  2.303390849671E+00             5.908735232261E-05
  283.000000                  2.303587195572E+00             5.872090083945E-05
  283.500000                  2.303782325191E+00             5.835757543455E-05
  284.000000                  2.303976248892E+00             5.799734187868E-05
  284.500000                  2.304168976923E+00             5.764016640234E-05
  285.000000                  2.304360519424E+00             5.728601568841E-05
  285.500000                  2.304550886420E+00             5.693485686494E-05
  286.000000                  2.304740087832E+00             5.658665749813E-05
  286.500000                  2.304928133471E+00             5.624138558536E-05
  287.000000                  2.305115033041E+00             5.589900954838E-05
  287.500000                  2.305300796145E+00             5.555949822664E-05
  288.000000                  2.305485432278E+00             5.522282087076E-05
  288.500000                  2.305668950838E+00             5.488894713601E-05
  289.000000                  2.305851361120E+00             5.455784707608E-05
  289.500000                  2.306032672319E+00             5.422949113680E-05
  290.000000                  2.306212893534E+00             5.390385015006E-05
  290.500000                  2.306392033767E+00             5.358089532786E-05
  291.000000                  2.306570101924E+00             5.326059825637E-05
  291.500000                  2.306747106818E+00             5.294293089021E-05
  292.000000                  2.306923057168E+00             5.262786554674E-05
  292.500000                  2.307097961601E+00             5.231537490051E-05
  293.000000                  2.307271828655E+00             5.200543197778E-05
  293.500000                  2.307444666778E+00             5.169801015116E-05
  294.000000                  2.307616484329E+00             5.139308313432E-05
  294.500000                  2.307787289581E+00             5.109062497681E-05
  295.000000                  2.307957090722E+00             5.079061005894E-05
  295.500000                  2.308125895851E+00             5.049301308682E-05
  296.000000                  2.308293712989E+00             5.019780908744E-05
  296.500000                  2.308460550070E+00             4.990497340377E-05


