
 Atomic Form Factors (AFFs)

 AFF Type : X-Ray

  High-symmetry points and/or path breaks detected at the following q_idxs:
    1   350   474   845  1147  1394  1569 

  The path spacings (in inverse Angstrom) between these points are:
    4.9858E-03    4.9633E-03    4.9903E-03    4.9902E-03    4.9830E-03    4.9719E-03


 type     q_idx       qa           qb           qc            aff(|q|)

 B          1      0.00000      0.00000      0.00000       4.99860000E+00
 B          2      0.00143      0.00000      0.00143       4.99858181E+00
 B          3      0.00286      0.00000      0.00286       4.99852727E+00
 B          4      0.00430      0.00000      0.00430       4.99843633E+00
 B          5      0.00573      0.00000      0.00573       4.99830901E+00
 B          6      0.00716      0.00000      0.00716       4.99814543E+00
 B          7      0.00860      0.00000      0.00860       4.99794539E+00
 B          8      0.01003      0.00000      0.01003       4.99770898E+00
 B          9      0.01146      0.00000      0.01146       4.99743643E+00
 B         10      0.01289      0.00000      0.01289       4.99712735E+00
 B         11      0.01433      0.00000      0.01433       4.99678196E+00
 B         12      0.01576      0.00000      0.01576       4.99640052E+00
 B         13      0.01719      0.00000      0.01719       4.99598254E+00
 B         14      0.01862      0.00000      0.01862       4.99552828E+00
 B         15      0.02006      0.00000      0.02006       4.99503811E+00
 B         16      0.02149      0.00000      0.02149       4.99451137E+00
 B         17      0.02292      0.00000      0.02292       4.99394842E+00
 B         18      0.02436      0.00000      0.02436       4.99334970E+00
 B         19      0.02579      0.00000      0.02579       4.99271440E+00
 B         20      0.02722      0.00000      0.02722       4.99204297E+00
 B         21      0.02865      0.00000      0.02865       4.99133592E+00
 B         22      0.03009      0.00000      0.03009       4.99059231E+00
 B         23      0.03152      0.00000      0.03152       4.98981265E+00
 B         24      0.03295      0.00000      0.03295       4.98899755E+00
 B         25      0.03438      0.00000      0.03438       4.98814590E+00
 B         26      0.03582      0.00000      0.03582       4.98725830E+00
 B         27      0.03725      0.00000      0.03725       4.98633544E+00
 B         28      0.03868      0.00000      0.03868       4.98537607E+00
 B         29      0.04011      0.00000      0.04011       4.98438087E+00
 B         30      0.04155      0.00000      0.04155       4.98335061E+00
 B         31      0.04298      0.00000      0.04298       4.98228388E+00
 B         32      0.04441      0.00000      0.04441       4.98118145E+00
 B         33      0.04584      0.00000      0.04584       4.98004416E+00
 B         34      0.04728      0.00000      0.04728       4.97887047E+00
 B         35      0.04871      0.00000      0.04871       4.97766122E+00
 B         36      0.05014      0.00000      0.05014       4.97641734E+00
 B         37      0.05158      0.00000      0.05158       4.97513713E+00
 B         38      0.05301      0.00000      0.05301       4.97382151E+00
 B         39      0.05444      0.00000      0.05444       4.97247150E+00
 B         40      0.05587      0.00000      0.05587       4.97108525E+00
 B         41      0.05731      0.00000      0.05731       4.96966375E+00
 B         42      0.05874      0.00000      0.05874       4.96820811E+00
 B         43      0.06017      0.00000      0.06017       4.96671633E+00
 B         44      0.06161      0.00000      0.06161       4.96518949E+00
 B         45      0.06304      0.00000      0.06304       4.96362876E+00
 B         46      0.06447      0.00000      0.06447       4.96203201E+00
 B         47      0.06590      0.00000      0.06590       4.96040040E+00
 B         48      0.06734      0.00000      0.06734       4.95873516E+00
 B         49      0.06877      0.00000      0.06877       4.95703403E+00
 B         50      0.07020      0.00000      0.07020       4.95529824E+00
 B         51      0.07163      0.00000      0.07163       4.95352911E+00
 B         52      0.07307      0.00000      0.07307       4.95172424E+00
 B         53      0.07450      0.00000      0.07450       4.94988493E+00
 B         54      0.07593      0.00000      0.07593       4.94801256E+00
 B         55      0.07736      0.00000      0.07736       4.94610461E+00
 B         56      0.07880      0.00000      0.07880       4.94416244E+00
 B         57      0.08023      0.00000      0.08023       4.94218754E+00
 B         58      0.08166      0.00000      0.08166       4.94017721E+00
 B         59      0.08310      0.00000      0.08310       4.93813291E+00
 B         60      0.08453      0.00000      0.08453       4.93605619E+00
 B         61      0.08596      0.00000      0.08596       4.93394423E+00
 B         62      0.08739      0.00000      0.08739       4.93179856E+00
 B         63      0.08883      0.00000      0.08883       4.92962078E+00
 B         64      0.09026      0.00000      0.09026       4.92740796E+00
 B         65      0.09169      0.00000      0.09169       4.92516170E+00
 B         66      0.09312      0.00000      0.09312       4.92288367E+00
 B         67      0.09456      0.00000      0.09456       4.92057081E+00
 B         68      0.09599      0.00000      0.09599       4.91822477E+00
 B         69      0.09742      0.00000      0.09742       4.91584733E+00
 B         70      0.09885      0.00000      0.09885       4.91343527E+00
 B         71      0.10029      0.00000      0.10029       4.91099032E+00
 B         72      0.10172      0.00000      0.10172       4.90851433E+00
 B         73      0.10315      0.00000      0.10315       4.90600394E+00
 B         74      0.10458      0.00000      0.10458       4.90346097E+00
 B         75      0.10602      0.00000      0.10602       4.90088733E+00
 B         76      0.10745      0.00000      0.10745       4.89827953E+00
 B         77      0.10888      0.00000      0.10888       4.89563947E+00
 B         78      0.11031      0.00000      0.11031       4.89296911E+00
 B         79      0.11175      0.00000      0.11175       4.89026485E+00
 B         80      0.11318      0.00000      0.11318       4.88752865E+00
 B         81      0.11461      0.00000      0.11461       4.88476254E+00
 B         82      0.11605      0.00000      0.11605       4.88196280E+00
 B         83      0.11748      0.00000      0.11748       4.87913143E+00
 B         84      0.11891      0.00000      0.11891       4.87627058E+00
 B         85      0.12034      0.00000      0.12034       4.87337636E+00
 B         86      0.12178      0.00000      0.12178       4.87045086E+00
 B         87      0.12321      0.00000      0.12321       4.86749628E+00
 B         88      0.12464      0.00000      0.12464       4.86450862E+00
 B         89      0.12607      0.00000      0.12607       4.86149215E+00
 B         90      0.12751      0.00000      0.12751       4.85844280E+00
 B         91      0.12894      0.00000      0.12894       4.85536276E+00
 B         92      0.13037      0.00000      0.13037       4.85225435E+00
 B         93      0.13181      0.00000      0.13181       4.84911335E+00
 B         94      0.13324      0.00000      0.13324       4.84594204E+00
 B         95      0.13467      0.00000      0.13467       4.84274280E+00
 B         96      0.13610      0.00000      0.13610       4.83951127E+00
 B         97      0.13754      0.00000      0.13754       4.83624982E+00
 B         98      0.13897      0.00000      0.13897       4.83296087E+00
 B         99      0.14040      0.00000      0.14040       4.82963996E+00
 B        100      0.14183      0.00000      0.14183       4.82628951E+00
 B        101      0.14327      0.00000      0.14327       4.82291202E+00
 B        102      0.14470      0.00000      0.14470       4.81950290E+00
 B        103      0.14613      0.00000      0.14613       4.81606464E+00
 B        104      0.14756      0.00000      0.14756       4.81259979E+00
 B        105      0.14900      0.00000      0.14900       4.80910366E+00
 B        106      0.15043      0.00000      0.15043       4.80557879E+00
 B        107      0.15186      0.00000      0.15186       4.80202781E+00
 B        108      0.15329      0.00000      0.15329       4.79844589E+00
 B        109      0.15473      0.00000      0.15473       4.79483564E+00
 B        110      0.15616      0.00000      0.15616       4.79119975E+00
 B        111      0.15759      0.00000      0.15759       4.78753329E+00
 B        112      0.15903      0.00000      0.15903       4.78383892E+00
 B        113      0.16046      0.00000      0.16046       4.78011939E+00
 B        114      0.16189      0.00000      0.16189       4.77636966E+00
 B        115      0.16332      0.00000      0.16332       4.77259244E+00
 B        116      0.16476      0.00000      0.16476       4.76879056E+00
 B        117      0.16619      0.00000      0.16619       4.76495884E+00
 B        118      0.16762      0.00000      0.16762       4.76110009E+00
 B        119      0.16905      0.00000      0.16905       4.75721715E+00
 B        120      0.17049      0.00000      0.17049       4.75330477E+00
 B        121      0.17192      0.00000      0.17192       4.74936580E+00
 B        122      0.17335      0.00000      0.17335       4.74540315E+00
 B        123      0.17478      0.00000      0.17478       4.74141144E+00
 B        124      0.17622      0.00000      0.17622       4.73739358E+00
 B        125      0.17765      0.00000      0.17765       4.73335256E+00
 B        126      0.17908      0.00000      0.17908       4.72928288E+00
 B        127      0.18052      0.00000      0.18052       4.72518751E+00
 B        128      0.18195      0.00000      0.18195       4.72106948E+00
 B        129      0.18338      0.00000      0.18338       4.71692321E+00
 B        130      0.18481      0.00000      0.18481       4.71275170E+00
 B        131      0.18625      0.00000      0.18625       4.70855806E+00
 B        132      0.18768      0.00000      0.18768       4.70433659E+00
 B        133      0.18911      0.00000      0.18911       4.70009035E+00
 B        134      0.19054      0.00000      0.19054       4.69582250E+00
 B        135      0.19198      0.00000      0.19198       4.69152723E+00
 B        136      0.19341      0.00000      0.19341       4.68720767E+00
 B        137      0.19484      0.00000      0.19484       4.68286703E+00
 B        138      0.19628      0.00000      0.19628       4.67849940E+00
 B        139      0.19771      0.00000      0.19771       4.67410796E+00
 B        140      0.19914      0.00000      0.19914       4.66969597E+00
 B        141      0.20057      0.00000      0.20057       4.66525741E+00
 B        142      0.20201      0.00000      0.20201       4.66079554E+00
 B        143      0.20344      0.00000      0.20344       4.65631364E+00
 B        144      0.20487      0.00000      0.20487       4.65180563E+00
 B        145      0.20630      0.00000      0.20630       4.64727478E+00
 B        146      0.20774      0.00000      0.20774       4.64272445E+00
 B        147      0.20917      0.00000      0.20917       4.63814845E+00
 B        148      0.21060      0.00000      0.21060       4.63355010E+00
 B        149      0.21203      0.00000      0.21203       4.62893282E+00
 B        150      0.21347      0.00000      0.21347       4.62429031E+00
 B        151      0.21490      0.00000      0.21490       4.61962595E+00
 B        152      0.21633      0.00000      0.21633       4.61494320E+00
 B        153      0.21776      0.00000      0.21776       4.61023568E+00
 B        154      0.21920      0.00000      0.21920       4.60550682E+00
 B        155      0.22063      0.00000      0.22063       4.60076011E+00
 B        156      0.22206      0.00000      0.22206       4.59598909E+00
 B        157      0.22350      0.00000      0.22350       4.59119723E+00
 B        158      0.22493      0.00000      0.22493       4.58638807E+00
 B        159      0.22636      0.00000      0.22636       4.58155506E+00
 B        160      0.22779      0.00000      0.22779       4.57670172E+00
 B        161      0.22923      0.00000      0.22923       4.57183163E+00
 B        162      0.23066      0.00000      0.23066       4.56693817E+00
 B        163      0.23209      0.00000      0.23209       4.56202488E+00
 B        164      0.23352      0.00000      0.23352       4.55709540E+00
 B        165      0.23496      0.00000      0.23496       4.55214300E+00
 B        166      0.23639      0.00000      0.23639       4.54717131E+00
 B        167      0.23782      0.00000      0.23782       4.54218397E+00
 B        168      0.23925      0.00000      0.23925       4.53717419E+00
 B        169      0.24069      0.00000      0.24069       4.53214562E+00
 B        170      0.24212      0.00000      0.24212       4.52710197E+00
 B        171      0.24355      0.00000      0.24355       4.52203636E+00
 B        172      0.24499      0.00000      0.24499       4.51695247E+00
 B        173      0.24642      0.00000      0.24642       4.51185406E+00
 B        174      0.24785      0.00000      0.24785       4.50673416E+00
 B        175      0.24928      0.00000      0.24928       4.50159651E+00
 B        176      0.25072      0.00000      0.25072       4.49644489E+00
 B        177      0.25215      0.00000      0.25215       4.49127227E+00
 B        178      0.25358      0.00000      0.25358       4.48608242E+00
 B        179      0.25501      0.00000      0.25501       4.48087915E+00
 B        180      0.25645      0.00000      0.25645       4.47565537E+00
 B        181      0.25788      0.00000      0.25788       4.47041487E+00
 B        182      0.25931      0.00000      0.25931       4.46516151E+00
 B        183      0.26075      0.00000      0.26075       4.45988813E+00
 B        184      0.26218      0.00000      0.26218       4.45459856E+00
 B        185      0.26361      0.00000      0.26361       4.44929668E+00
 B        186      0.26504      0.00000      0.26504       4.44397527E+00
 B        187      0.26648      0.00000      0.26648       4.43863819E+00
 B        188      0.26791      0.00000      0.26791       4.43328935E+00
 B        189      0.26934      0.00000      0.26934       4.42792147E+00
 B        190      0.27077      0.00000      0.27077       4.42253844E+00
 B        191      0.27221      0.00000      0.27221       4.41714422E+00
 B        192      0.27364      0.00000      0.27364       4.41173144E+00
 B        193      0.27507      0.00000      0.27507       4.40630404E+00
 B        194      0.27650      0.00000      0.27650       4.40086599E+00
 B        195      0.27794      0.00000      0.27794       4.39540987E+00
 B        196      0.27937      0.00000      0.27937       4.38993966E+00
 B        197      0.28080      0.00000      0.28080       4.38445935E+00
 B        198      0.28224      0.00000      0.28224       4.37896146E+00
 B        199      0.28367      0.00000      0.28367       4.37345000E+00
 B        200      0.28510      0.00000      0.28510       4.36792899E+00
 B        201      0.28653      0.00000      0.28653       4.36239090E+00
 B        202      0.28797      0.00000      0.28797       4.35683976E+00
 B        203      0.28940      0.00000      0.28940       4.35127961E+00
 B        204      0.29083      0.00000      0.29083       4.34570287E+00
 B        205      0.29226      0.00000      0.29226       4.34011359E+00
 B        206      0.29370      0.00000      0.29370       4.33451586E+00
 B        207      0.29513      0.00000      0.29513       4.32890203E+00
 B        208      0.29656      0.00000      0.29656       4.32327617E+00
 B        209      0.29799      0.00000      0.29799       4.31764241E+00
 B        210      0.29943      0.00000      0.29943       4.31199303E+00
 B        211      0.30086      0.00000      0.30086       4.30633215E+00
 B        212      0.30229      0.00000      0.30229       4.30066390E+00
 B        213      0.30373      0.00000      0.30373       4.29498052E+00
 B        214      0.30516      0.00000      0.30516       4.28928616E+00
 B        215      0.30659      0.00000      0.30659       4.28358495E+00
 B        216      0.30802      0.00000      0.30802       4.27786912E+00
 B        217      0.30946      0.00000      0.30946       4.27214280E+00
 B        218      0.31089      0.00000      0.31089       4.26641018E+00
 B        219      0.31232      0.00000      0.31232       4.26066341E+00
 B        220      0.31375      0.00000      0.31375       4.25490668E+00
 B        221      0.31519      0.00000      0.31519       4.24914416E+00
 B        222      0.31662      0.00000      0.31662       4.24336799E+00
 B        223      0.31805      0.00000      0.31805       4.23758235E+00
 B        224      0.31948      0.00000      0.31948       4.23179146E+00
 B        225      0.32092      0.00000      0.32092       4.22598739E+00
 B        226      0.32235      0.00000      0.32235       4.22017436E+00
 B        227      0.32378      0.00000      0.32378       4.21435660E+00
 B        228      0.32521      0.00000      0.32521       4.20852614E+00
 B        229      0.32665      0.00000      0.32665       4.20268722E+00
 B        230      0.32808      0.00000      0.32808       4.19684409E+00
 B        231      0.32951      0.00000      0.32951       4.19098874E+00
 B        232      0.33095      0.00000      0.33095       4.18512542E+00
 B        233      0.33238      0.00000      0.33238       4.17925840E+00
 B        234      0.33381      0.00000      0.33381       4.17337965E+00
 B        235      0.33524      0.00000      0.33524       4.16749341E+00
 B        236      0.33668      0.00000      0.33668       4.16160398E+00
 B        237      0.33811      0.00000      0.33811       4.15570329E+00
 B        238      0.33954      0.00000      0.33954       4.14979561E+00
 B        239      0.34097      0.00000      0.34097       4.14388523E+00
 B        240      0.34241      0.00000      0.34241       4.13796406E+00
 B        241      0.34384      0.00000      0.34384       4.13203639E+00
 B        242      0.34527      0.00000      0.34527       4.12610652E+00
 B        243      0.34670      0.00000      0.34670       4.12016632E+00
 B        244      0.34814      0.00000      0.34814       4.11422011E+00
 B        245      0.34957      0.00000      0.34957       4.10827218E+00
 B        246      0.35100      0.00000      0.35100       4.10231439E+00
 B        247      0.35244      0.00000      0.35244       4.09635106E+00
 B        248      0.35387      0.00000      0.35387       4.09038650E+00
 B        249      0.35530      0.00000      0.35530       4.08441255E+00
 B        250      0.35673      0.00000      0.35673       4.07843351E+00
 B        251      0.35817      0.00000      0.35817       4.07245374E+00
 B        252      0.35960      0.00000      0.35960       4.06646502E+00
 B        253      0.36103      0.00000      0.36103       4.06047169E+00
 B        254      0.36246      0.00000      0.36246       4.05447809E+00
 B        255      0.36390      0.00000      0.36390       4.04847600E+00
 B        256      0.36533      0.00000      0.36533       4.04246977E+00
 B        257      0.36676      0.00000      0.36676       4.03646373E+00
 B        258      0.36819      0.00000      0.36819       4.03044965E+00
 B        259      0.36963      0.00000      0.36963       4.02443187E+00
 B        260      0.37106      0.00000      0.37106       4.01841476E+00
 B        261      0.37249      0.00000      0.37249       4.01239005E+00
 B        262      0.37393      0.00000      0.37393       4.00636209E+00
 B        263      0.37536      0.00000      0.37536       4.00033525E+00
 B        264      0.37679      0.00000      0.37679       3.99430126E+00
 B        265      0.37822      0.00000      0.37822       3.98826868E+00
 B        266      0.37966      0.00000      0.37966       3.98222923E+00
 B        267      0.38109      0.00000      0.38109       3.97618728E+00
 B        268      0.38252      0.00000      0.38252       3.97014718E+00
 B        269      0.38395      0.00000      0.38395       3.96410066E+00
 B        270      0.38539      0.00000      0.38539       3.95805206E+00
 B        271      0.38682      0.00000      0.38682       3.95200575E+00
 B        272      0.38825      0.00000      0.38825       3.94595344E+00
 B        273      0.38969      0.00000      0.38969       3.93989949E+00
 B        274      0.39112      0.00000      0.39112       3.93384827E+00
 B        275      0.39255      0.00000      0.39255       3.92779146E+00
 B        276      0.39398      0.00000      0.39398       3.92173343E+00
 B        277      0.39542      0.00000      0.39542       3.91567855E+00
 B        278      0.39685      0.00000      0.39685       3.90961850E+00
 B        279      0.39828      0.00000      0.39828       3.90355765E+00
 B        280      0.39971      0.00000      0.39971       3.89750037E+00
 B        281      0.40115      0.00000      0.40115       3.89143833E+00
 B        282      0.40258      0.00000      0.40258       3.88537590E+00
 B        283      0.40401      0.00000      0.40401       3.87931745E+00
 B        284      0.40544      0.00000      0.40544       3.87325465E+00
 B        285      0.40688      0.00000      0.40688       3.86719185E+00
 B        286      0.40831      0.00000      0.40831       3.86113344E+00
 B        287      0.40974      0.00000      0.40974       3.85507108E+00
 B        288      0.41118      0.00000      0.41118       3.84900912E+00
 B        289      0.41261      0.00000      0.41261       3.84295194E+00
 B        290      0.41404      0.00000      0.41404       3.83689120E+00
 B        291      0.41547      0.00000      0.41547       3.83083127E+00
 B        292      0.41691      0.00000      0.41691       3.82477650E+00
 B        293      0.41834      0.00000      0.41834       3.81871855E+00
 B        294      0.41977      0.00000      0.41977       3.81266180E+00
 B        295      0.42120      0.00000      0.42120       3.80661058E+00
 B        296      0.42264      0.00000      0.42264       3.80055658E+00
 B        297      0.42407      0.00000      0.42407       3.79450414E+00
 B        298      0.42550      0.00000      0.42550       3.78845762E+00
 B        299      0.42693      0.00000      0.42693       3.78240868E+00
 B        300      0.42837      0.00000      0.42837       3.77636168E+00
 B        301      0.42980      0.00000      0.42980       3.77032096E+00
 B        302      0.43123      0.00000      0.43123       3.76427820E+00
 B        303      0.43267      0.00000      0.43267       3.75823774E+00
 B        304      0.43410      0.00000      0.43410       3.75220391E+00
 B        305      0.43553      0.00000      0.43553       3.74616841E+00
 B        306      0.43696      0.00000      0.43696       3.74013557E+00
 B        307      0.43839      0.00000      0.43839       3.73410970E+00
 B        308      0.43983      0.00000      0.43983       3.72808252E+00
 B        309      0.44126      0.00000      0.44126       3.72205835E+00
 B        310      0.44269      0.00000      0.44269       3.71604150E+00
 B        311      0.44413      0.00000      0.44413       3.71002369E+00
 B        312      0.44556      0.00000      0.44556       3.70400923E+00
 B        313      0.44699      0.00000      0.44699       3.69800242E+00
 B        314      0.44842      0.00000      0.44842       3.69199499E+00
 B        315      0.44986      0.00000      0.44986       3.68599125E+00
 B        316      0.45129      0.00000      0.45129       3.67999550E+00
 B        317      0.45272      0.00000      0.45272       3.67399946E+00
 B        318      0.45415      0.00000      0.45415       3.66800743E+00
 B        319      0.45559      0.00000      0.45559       3.66202371E+00
 B        320      0.45702      0.00000      0.45702       3.65604004E+00
 B        321      0.45845      0.00000      0.45845       3.65006070E+00
 B        322      0.45988      0.00000      0.45988       3.64408998E+00
 B        323      0.46132      0.00000      0.46132       3.63811963E+00
 B        324      0.46275      0.00000      0.46275       3.63215393E+00
 B        325      0.46418      0.00000      0.46418       3.62619715E+00
 B        326      0.46562      0.00000      0.46562       3.62024106E+00
 B        327      0.46705      0.00000      0.46705       3.61428992E+00
 B        328      0.46848      0.00000      0.46848       3.60834800E+00
 B        329      0.46991      0.00000      0.46991       3.60240708E+00
 B        330      0.47135      0.00000      0.47135       3.59647142E+00
 B        331      0.47278      0.00000      0.47278       3.59054525E+00
 B        332      0.47421      0.00000      0.47421       3.58462040E+00
 B        333      0.47564      0.00000      0.47564       3.57870110E+00
 B        334      0.47708      0.00000      0.47708       3.57279156E+00
 B        335      0.47851      0.00000      0.47851       3.56688365E+00
 B        336      0.47994      0.00000      0.47994       3.56098156E+00
 B        337      0.48137      0.00000      0.48137       3.55508952E+00
 B        338      0.48281      0.00000      0.48281       3.54919938E+00
 B        339      0.48424      0.00000      0.48424       3.54331536E+00
 B        340      0.48567      0.00000      0.48567       3.53744164E+00
 B        341      0.48711      0.00000      0.48711       3.53157011E+00
 B        342      0.48854      0.00000      0.48854       3.52570496E+00
 B        343      0.48997      0.00000      0.48997       3.51985038E+00
 B        344      0.49140      0.00000      0.49140       3.51399826E+00
 B        345      0.49284      0.00000      0.49284       3.50815279E+00
 B        346      0.49427      0.00000      0.49427       3.50231813E+00
 B        347      0.49570      0.00000      0.49570       3.49648621E+00
 B        348      0.49713      0.00000      0.49713       3.49066119E+00
 B        349      0.49857      0.00000      0.49857       3.48484722E+00
 B        350      0.50000      0.00000      0.50000       3.47903626E+00
 B        351      0.50101      0.00202      0.50101       3.47902802E+00
 B        352      0.50202      0.00403      0.50202       3.47900332E+00
 B        353      0.50302      0.00605      0.50302       3.47896214E+00
 B        354      0.50403      0.00806      0.50403       3.47890649E+00
 B        355      0.50504      0.01008      0.50504       3.47883237E+00
 B        356      0.50605      0.01210      0.50605       3.47874179E+00
 B        357      0.50706      0.01411      0.50706       3.47863475E+00
 B        358      0.50806      0.01613      0.50806       3.47850720E+00
 B        359      0.50907      0.01815      0.50907       3.47836725E+00
 B        360      0.51008      0.02016      0.51008       3.47821085E+00
 B        361      0.51109      0.02218      0.51109       3.47803801E+00
 B        362      0.51210      0.02419      0.51210       3.47785066E+00
 B        363      0.51311      0.02621      0.51311       3.47764494E+00
 B        364      0.51411      0.02823      0.51411       3.47742280E+00
 B        365      0.51512      0.03024      0.51512       3.47718425E+00
 B        366      0.51613      0.03226      0.51613       3.47692929E+00
 B        367      0.51714      0.03427      0.51714       3.47665794E+00
 B        368      0.51814      0.03629      0.51814       3.47637019E+00
 B        369      0.51915      0.03831      0.51915       3.47606607E+00
 B        370      0.52016      0.04032      0.52016       3.47574744E+00
 B        371      0.52117      0.04234      0.52117       3.47541059E+00
 B        372      0.52218      0.04435      0.52218       3.47505739E+00
 B        373      0.52319      0.04637      0.52319       3.47468786E+00
 B        374      0.52419      0.04839      0.52419       3.47429797E+00
 B        375      0.52520      0.05040      0.52520       3.47389581E+00
 B        376      0.52621      0.05242      0.52621       3.47347737E+00
 B        377      0.52722      0.05443      0.52722       3.47304264E+00
 B        378      0.52823      0.05645      0.52823       3.47259344E+00
 B        379      0.52923      0.05847      0.52923       3.47212620E+00
 B        380      0.53024      0.06048      0.53024       3.47164273E+00
 B        381      0.53125      0.06250      0.53125       3.47114304E+00
 B        382      0.53226      0.06452      0.53226       3.47062716E+00
 B        383      0.53327      0.06653      0.53327       3.47009510E+00
 B        384      0.53427      0.06855      0.53427       3.46954688E+00
 B        385      0.53528      0.07057      0.53528       3.46898424E+00
 B        386      0.53629      0.07258      0.53629       3.46840375E+00
 B        387      0.53730      0.07460      0.53730       3.46780715E+00
 B        388      0.53831      0.07661      0.53831       3.46719447E+00
 B        389      0.53931      0.07863      0.53931       3.46656172E+00
 B        390      0.54032      0.08064      0.54032       3.46591695E+00
 B        391      0.54133      0.08266      0.54133       3.46525616E+00
 B        392      0.54234      0.08468      0.54234       3.46457938E+00
 B        393      0.54335      0.08669      0.54335       3.46388829E+00
 B        394      0.54436      0.08871      0.54436       3.46317958E+00
 B        395      0.54536      0.09073      0.54536       3.46245495E+00
 B        396      0.54637      0.09274      0.54637       3.46171443E+00
 B        397      0.54738      0.09476      0.54738       3.46095804E+00
 B        398      0.54839      0.09677      0.54839       3.46018580E+00
 B        399      0.54939      0.09879      0.54939       3.45939774E+00
 B        400      0.55040      0.10081      0.55040       3.45859389E+00
 B        401      0.55141      0.10282      0.55141       3.45777586E+00
 B        402      0.55242      0.10484      0.55242       3.45694050E+00
 B        403      0.55343      0.10686      0.55343       3.45608944E+00
 B        404      0.55444      0.10887      0.55444       3.45522270E+00
 B        405      0.55544      0.11089      0.55544       3.45433632E+00
 B        406      0.55645      0.11290      0.55645       3.45343832E+00
 B        407      0.55746      0.11492      0.55746       3.45252473E+00
 B        408      0.55847      0.11693      0.55847       3.45159558E+00
 B        409      0.55948      0.11895      0.55948       3.45065242E+00
 B        410      0.56048      0.12097      0.56048       3.44969224E+00
 B        411      0.56149      0.12298      0.56149       3.44871661E+00
 B        412      0.56250      0.12500      0.56250       3.44772555E+00
 B        413      0.56351      0.12702      0.56351       3.44671909E+00
 B        414      0.56452      0.12903      0.56452       3.44569728E+00
 B        415      0.56552      0.13105      0.56552       3.44466015E+00
 B        416      0.56653      0.13306      0.56653       3.44360917E+00
 B        417      0.56754      0.13508      0.56754       3.44254149E+00
 B        418      0.56855      0.13710      0.56855       3.44145859E+00
 B        419      0.56956      0.13911      0.56956       3.44036051E+00
 B        420      0.57056      0.14113      0.57056       3.43924334E+00
 B        421      0.57157      0.14314      0.57157       3.43811502E+00
 B        422      0.57258      0.14516      0.57258       3.43697163E+00
 B        423      0.57359      0.14718      0.57359       3.43581321E+00
 B        424      0.57460      0.14919      0.57460       3.43464117E+00
 B        425      0.57561      0.15121      0.57561       3.43345280E+00
 B        426      0.57661      0.15323      0.57661       3.43224953E+00
 B        427      0.57762      0.15524      0.57762       3.43103138E+00
 B        428      0.57863      0.15726      0.57863       3.42979840E+00
 B        429      0.57964      0.15927      0.57964       3.42855064E+00
 B        430      0.58064      0.16129      0.58064       3.42728813E+00
 B        431      0.58165      0.16331      0.58165       3.42601092E+00
 B        432      0.58266      0.16532      0.58266       3.42472035E+00
 B        433      0.58367      0.16734      0.58367       3.42341386E+00
 B        434      0.58468      0.16936      0.58468       3.42209278E+00
 B        435      0.58569      0.17137      0.58569       3.42075718E+00
 B        436      0.58669      0.17339      0.58669       3.41940322E+00
 B        437      0.58770      0.17540      0.58770       3.41803869E+00
 B        438      0.58871      0.17742      0.58871       3.41665978E+00
 B        439      0.58972      0.17944      0.58972       3.41526651E+00
 B        440      0.59073      0.18145      0.59073       3.41386018E+00
 B        441      0.59173      0.18347      0.59173       3.41243834E+00
 B        442      0.59274      0.18548      0.59274       3.41100230E+00
 B        443      0.59375      0.18750      0.59375       3.40955209E+00
 B        444      0.59476      0.18952      0.59476       3.40808778E+00
 B        445      0.59577      0.19153      0.59577       3.40660939E+00
 B        446      0.59677      0.19355      0.59677       3.40511699E+00
 B        447      0.59778      0.19556      0.59778       3.40361179E+00
 B        448      0.59879      0.19758      0.59879       3.40209150E+00
 B        449      0.59980      0.19960      0.59980       3.40055733E+00
 B        450      0.60081      0.20161      0.60081       3.39900935E+00
 B        451      0.60181      0.20363      0.60181       3.39744378E+00
 B        452      0.60282      0.20564      0.60282       3.39586831E+00
 B        453      0.60383      0.20766      0.60383       3.39427919E+00
 B        454      0.60484      0.20968      0.60484       3.39267645E+00
 B        455      0.60585      0.21169      0.60585       3.39106124E+00
 B        456      0.60686      0.21371      0.60686       3.38943142E+00
 B        457      0.60786      0.21573      0.60786       3.38778814E+00
 B        458      0.60887      0.21774      0.60887       3.38613146E+00
 B        459      0.60988      0.21976      0.60988       3.38446143E+00
 B        460      0.61089      0.22177      0.61089       3.38277811E+00
 B        461      0.61189      0.22379      0.61189       3.38108155E+00
 B        462      0.61290      0.22581      0.61290       3.37937179E+00
 B        463      0.61391      0.22782      0.61391       3.37764994E+00
 B        464      0.61492      0.22984      0.61492       3.37591397E+00
 B        465      0.61593      0.23186      0.61593       3.37416498E+00
 B        466      0.61694      0.23387      0.61694       3.37240303E+00
 B        467      0.61794      0.23589      0.61794       3.37062443E+00
 B        468      0.61895      0.23790      0.61895       3.36883672E+00
 B        469      0.61996      0.23992      0.61996       3.36703622E+00
 B        470      0.62097      0.24194      0.62097       3.36522299E+00
 B        471      0.62198      0.24395      0.62198       3.36339803E+00
 B        472      0.62298      0.24597      0.62298       3.36155948E+00
 B        473      0.62399      0.24798      0.62399       3.35970837E+00
 B        474      0.62500      0.25000      0.62500       3.35784476E+00
 B        475      0.37500      0.37500      0.75000       3.35784476E+00
 B        476      0.37399      0.37399      0.74797       3.36348925E+00
 B        477      0.37297      0.37297      0.74595       3.36914238E+00
 B        478      0.37196      0.37196      0.74392       3.37480409E+00
 B        479      0.37095      0.37095      0.74189       3.38047432E+00
 B        480      0.36993      0.36993      0.73986       3.38615299E+00
 B        481      0.36892      0.36892      0.73784       3.39184003E+00
 B        482      0.36790      0.36790      0.73581       3.39753538E+00
 B        483      0.36689      0.36689      0.73378       3.40323896E+00
 B        484      0.36588      0.36588      0.73176       3.40895070E+00
 B        485      0.36486      0.36486      0.72973       3.41467054E+00
 B        486      0.36385      0.36385      0.72770       3.42039840E+00
 B        487      0.36284      0.36284      0.72568       3.42613421E+00
 B        488      0.36182      0.36182      0.72365       3.43187788E+00
 B        489      0.36081      0.36081      0.72162       3.43762936E+00
 B        490      0.35980      0.35980      0.71959       3.44338855E+00
 B        491      0.35878      0.35878      0.71757       3.44915539E+00
 B        492      0.35777      0.35777      0.71554       3.45492980E+00
 B        493      0.35676      0.35676      0.71351       3.46071170E+00
 B        494      0.35574      0.35574      0.71149       3.46650386E+00
 B        495      0.35473      0.35473      0.70946       3.47230050E+00
 B        496      0.35372      0.35372      0.70743       3.47810439E+00
 B        497      0.35270      0.35270      0.70540       3.48391545E+00
 B        498      0.35169      0.35169      0.70338       3.48973360E+00
 B        499      0.35068      0.35068      0.70135       3.49555875E+00
 B        500      0.34966      0.34966      0.69932       3.50139082E+00
 B        501      0.34865      0.34865      0.69730       3.50722973E+00
 B        502      0.34764      0.34764      0.69527       3.51307539E+00
 B        503      0.34662      0.34662      0.69324       3.51892771E+00
 B        504      0.34561      0.34561      0.69122       3.52478660E+00
 B        505      0.34459      0.34459      0.68919       3.53065199E+00
 B        506      0.34358      0.34358      0.68716       3.53652378E+00
 B        507      0.34257      0.34257      0.68514       3.54240188E+00
 B        508      0.34155      0.34155      0.68311       3.54828620E+00
 B        509      0.34054      0.34054      0.68108       3.55417665E+00
 B        510      0.33953      0.33953      0.67905       3.56007314E+00
 B        511      0.33851      0.33851      0.67703       3.56597557E+00
 B        512      0.33750      0.33750      0.67500       3.57188386E+00
 B        513      0.33649      0.33649      0.67297       3.57779791E+00
 B        514      0.33547      0.33547      0.67095       3.58371762E+00
 B        515      0.33446      0.33446      0.66892       3.58964290E+00
 B        516      0.33345      0.33345      0.66689       3.59557364E+00
 B        517      0.33243      0.33243      0.66487       3.60150976E+00
 B        518      0.33142      0.33142      0.66284       3.60745116E+00
 B        519      0.33041      0.33041      0.66081       3.61339773E+00
 B        520      0.32939      0.32939      0.65878       3.61934938E+00
 B        521      0.32838      0.32838      0.65676       3.62530601E+00
 B        522      0.32737      0.32737      0.65473       3.63126750E+00
 B        523      0.32635      0.32635      0.65270       3.63723377E+00
 B        524      0.32534      0.32534      0.65068       3.64320471E+00
 B        525      0.32432      0.32432      0.64865       3.64918021E+00
 B        526      0.32331      0.32331      0.64662       3.65516018E+00
 B        527      0.32230      0.32230      0.64460       3.66114449E+00
 B        528      0.32128      0.32128      0.64257       3.66713306E+00
 B        529      0.32027      0.32027      0.64054       3.67312576E+00
 B        530      0.31926      0.31926      0.63851       3.67912250E+00
 B        531      0.31824      0.31824      0.63649       3.68512613E+00
 B        532      0.31723      0.31723      0.63446       3.69113061E+00
 B        533      0.31622      0.31622      0.63243       3.69713879E+00
 B        534      0.31520      0.31520      0.63040       3.70315057E+00
 B        535      0.31419      0.31419      0.62838       3.70916582E+00
 B        536      0.31318      0.31318      0.62635       3.71518445E+00
 B        537      0.31216      0.31216      0.62432       3.72120633E+00
 B        538      0.31115      0.31115      0.62230       3.72723135E+00
 B        539      0.31013      0.31013      0.62027       3.73325940E+00
 B        540      0.30912      0.30912      0.61824       3.73929035E+00
 B        541      0.30811      0.30811      0.61622       3.74532410E+00
 B        542      0.30710      0.30710      0.61419       3.75136053E+00
 B        543      0.30608      0.30608      0.61216       3.75739951E+00
 B        544      0.30507      0.30507      0.61013       3.76344093E+00
 B        545      0.30405      0.30405      0.60811       3.76948467E+00
 B        546      0.30304      0.30304      0.60608       3.77553060E+00
 B        547      0.30203      0.30203      0.60405       3.78157861E+00
 B        548      0.30101      0.30101      0.60203       3.78762858E+00
 B        549      0.30000      0.30000      0.60000       3.79368037E+00
 B        550      0.29899      0.29899      0.59797       3.79973388E+00
 B        551      0.29797      0.29797      0.59595       3.80578897E+00
 B        552      0.29696      0.29696      0.59392       3.81184551E+00
 B        553      0.29595      0.29595      0.59189       3.81790339E+00
 B        554      0.29493      0.29493      0.58986       3.82396247E+00
 B        555      0.29392      0.29392      0.58784       3.83002263E+00
 B        556      0.29291      0.29291      0.58581       3.83608374E+00
 B        557      0.29189      0.29189      0.58378       3.84214567E+00
 B        558      0.29088      0.29088      0.58176       3.84820829E+00
 B        559      0.28986      0.28986      0.57973       3.85427147E+00
 B        560      0.28885      0.28885      0.57770       3.86033508E+00
 B        561      0.28784      0.28784      0.57568       3.86639899E+00
 B        562      0.28682      0.28682      0.57365       3.87246306E+00
 B        563      0.28581      0.28581      0.57162       3.87852716E+00
 B        564      0.28480      0.28480      0.56959       3.88459116E+00
 B        565      0.28378      0.28378      0.56757       3.89065493E+00
 B        566      0.28277      0.28277      0.56554       3.89671832E+00
 B        567      0.28176      0.28176      0.56351       3.90278119E+00
 B        568      0.28074      0.28074      0.56149       3.90884642E+00
 B        569      0.27973      0.27973      0.55946       3.91490787E+00
 B        570      0.27872      0.27872      0.55743       3.92096839E+00
 B        571      0.27770      0.27770      0.55541       3.92702785E+00
 B        572      0.27669      0.27669      0.55338       3.93308612E+00
 B        573      0.27568      0.27568      0.55135       3.93914304E+00
 B        574      0.27466      0.27466      0.54932       3.94519847E+00
 B        575      0.27365      0.27365      0.54730       3.95125229E+00
 B        576      0.27264      0.27264      0.54527       3.95730433E+00
 B        577      0.27162      0.27162      0.54324       3.96335446E+00
 B        578      0.27061      0.27061      0.54122       3.96940254E+00
 B        579      0.26959      0.26959      0.53919       3.97544843E+00
 B        580      0.26858      0.26858      0.53716       3.98149196E+00
 B        581      0.26757      0.26757      0.53514       3.98753301E+00
 B        582      0.26655      0.26655      0.53311       3.99357142E+00
 B        583      0.26554      0.26554      0.53108       3.99960705E+00
 B        584      0.26453      0.26453      0.52905       4.00563975E+00
 B        585      0.26351      0.26351      0.52703       4.01166936E+00
 B        586      0.26250      0.26250      0.52500       4.01769575E+00
 B        587      0.26149      0.26149      0.52297       4.02371876E+00
 B        588      0.26047      0.26047      0.52095       4.02973825E+00
 B        589      0.25946      0.25946      0.51892       4.03575405E+00
 B        590      0.25845      0.25845      0.51689       4.04176603E+00
 B        591      0.25743      0.25743      0.51487       4.04777402E+00
 B        592      0.25642      0.25642      0.51284       4.05377788E+00
 B        593      0.25540      0.25540      0.51081       4.05977745E+00
 B        594      0.25439      0.25439      0.50878       4.06577258E+00
 B        595      0.25338      0.25338      0.50676       4.07176312E+00
 B        596      0.25237      0.25237      0.50473       4.07774890E+00
 B        597      0.25135      0.25135      0.50270       4.08372978E+00
 B        598      0.25034      0.25034      0.50068       4.08970559E+00
 B        599      0.24932      0.24932      0.49865       4.09567619E+00
 B        600      0.24831      0.24831      0.49662       4.10164141E+00
 B        601      0.24730      0.24730      0.49460       4.10760110E+00
 B        602      0.24628      0.24628      0.49257       4.11355510E+00
 B        603      0.24527      0.24527      0.49054       4.11950325E+00
 B        604      0.24426      0.24426      0.48851       4.12544539E+00
 B        605      0.24324      0.24324      0.48649       4.13138429E+00
 B        606      0.24223      0.24223      0.48446       4.13731393E+00
 B        607      0.24122      0.24122      0.48243       4.14323708E+00
 B        608      0.24020      0.24020      0.48041       4.14915358E+00
 B        609      0.23919      0.23919      0.47838       4.15506327E+00
 B        610      0.23818      0.23818      0.47635       4.16096598E+00
 B        611      0.23716      0.23716      0.47432       4.16686156E+00
 B        612      0.23615      0.23615      0.47230       4.17274984E+00
 B        613      0.23514      0.23514      0.47027       4.17863066E+00
 B        614      0.23412      0.23412      0.46824       4.18450385E+00
 B        615      0.23311      0.23311      0.46622       4.19036925E+00
 B        616      0.23209      0.23209      0.46419       4.19622670E+00
 B        617      0.23108      0.23108      0.46216       4.20207602E+00
 B        618      0.23007      0.23007      0.46014       4.20791706E+00
 B        619      0.22905      0.22905      0.45811       4.21374965E+00
 B        620      0.22804      0.22804      0.45608       4.21957362E+00
 B        621      0.22703      0.22703      0.45405       4.22538880E+00
 B        622      0.22601      0.22601      0.45203       4.23119504E+00
 B        623      0.22500      0.22500      0.45000       4.23699215E+00
 B        624      0.22399      0.22399      0.44797       4.24277998E+00
 B        625      0.22297      0.22297      0.44595       4.24855835E+00
 B        626      0.22196      0.22196      0.44392       4.25432710E+00
 B        627      0.22095      0.22095      0.44189       4.26008606E+00
 B        628      0.21993      0.21993      0.43987       4.26583506E+00
 B        629      0.21892      0.21892      0.43784       4.27157393E+00
 B        630      0.21790      0.21790      0.43581       4.27730249E+00
 B        631      0.21689      0.21689      0.43378       4.28302059E+00
 B        632      0.21588      0.21588      0.43176       4.28872805E+00
 B        633      0.21487      0.21487      0.42973       4.29442469E+00
 B        634      0.21385      0.21385      0.42770       4.30011036E+00
 B        635      0.21284      0.21284      0.42568       4.30578487E+00
 B        636      0.21182      0.21182      0.42365       4.31144806E+00
 B        637      0.21081      0.21081      0.42162       4.31709976E+00
 B        638      0.20980      0.20980      0.41959       4.32273978E+00
 B        639      0.20878      0.20878      0.41757       4.32836797E+00
 B        640      0.20777      0.20777      0.41554       4.33398415E+00
 B        641      0.20676      0.20676      0.41351       4.33958814E+00
 B        642      0.20574      0.20574      0.41149       4.34518253E+00
 B        643      0.20473      0.20473      0.40946       4.35076163E+00
 B        644      0.20372      0.20372      0.40743       4.35632803E+00
 B        645      0.20270      0.20270      0.40541       4.36188156E+00
 B        646      0.20169      0.20169      0.40338       4.36742204E+00
 B        647      0.20068      0.20068      0.40135       4.37294929E+00
 B        648      0.19966      0.19966      0.39932       4.37846315E+00
 B        649      0.19865      0.19865      0.39730       4.38396344E+00
 B        650      0.19764      0.19764      0.39527       4.38944999E+00
 B        651      0.19662      0.19662      0.39324       4.39492262E+00
 B        652      0.19561      0.19561      0.39122       4.40038116E+00
 B        653      0.19459      0.19459      0.38919       4.40582544E+00
 B        654      0.19358      0.19358      0.38716       4.41125528E+00
 B        655      0.19257      0.19257      0.38514       4.41667050E+00
 B        656      0.19155      0.19155      0.38311       4.42207094E+00
 B        657      0.19054      0.19054      0.38108       4.42745642E+00
 B        658      0.18953      0.18953      0.37905       4.43282676E+00
 B        659      0.18851      0.18851      0.37703       4.43818179E+00
 B        660      0.18750      0.18750      0.37500       4.44352134E+00
 B        661      0.18649      0.18649      0.37297       4.44884523E+00
 B        662      0.18547      0.18547      0.37095       4.45415328E+00
 B        663      0.18446      0.18446      0.36892       4.45944533E+00
 B        664      0.18345      0.18345      0.36689       4.46472120E+00
 B        665      0.18243      0.18243      0.36486       4.46998072E+00
 B        666      0.18142      0.18142      0.36284       4.47522370E+00
 B        667      0.18041      0.18041      0.36081       4.48044998E+00
 B        668      0.17939      0.17939      0.35878       4.48565938E+00
 B        669      0.17838      0.17838      0.35676       4.49085173E+00
 B        670      0.17736      0.17736      0.35473       4.49602686E+00
 B        671      0.17635      0.17635      0.35270       4.50118459E+00
 B        672      0.17534      0.17534      0.35068       4.50632474E+00
 B        673      0.17432      0.17432      0.34865       4.51144715E+00
 B        674      0.17331      0.17331      0.34662       4.51655164E+00
 B        675      0.17230      0.17230      0.34459       4.52163803E+00
 B        676      0.17128      0.17128      0.34257       4.52670616E+00
 B        677      0.17027      0.17027      0.34054       4.53175586E+00
 B        678      0.16926      0.16926      0.33851       4.53678694E+00
 B        679      0.16824      0.16824      0.33649       4.54180171E+00
 B        680      0.16723      0.16723      0.33446       4.54679504E+00
 B        681      0.16622      0.16622      0.33243       4.55176925E+00
 B        682      0.16520      0.16520      0.33041       4.55672415E+00
 B        683      0.16419      0.16419      0.32838       4.56165959E+00
 B        684      0.16318      0.16318      0.32635       4.56657539E+00
 B        685      0.16216      0.16216      0.32432       4.57147137E+00
 B        686      0.16115      0.16115      0.32230       4.57634737E+00
 B        687      0.16013      0.16013      0.32027       4.58120321E+00
 B        688      0.15912      0.15912      0.31824       4.58603873E+00
 B        689      0.15811      0.15811      0.31622       4.59085375E+00
 B        690      0.15710      0.15710      0.31419       4.59564812E+00
 B        691      0.15608      0.15608      0.31216       4.60042165E+00
 B        692      0.15507      0.15507      0.31013       4.60517418E+00
 B        693      0.15405      0.15405      0.30811       4.60990553E+00
 B        694      0.15304      0.15304      0.30608       4.61461555E+00
 B        695      0.15203      0.15203      0.30405       4.61930407E+00
 B        696      0.15101      0.15101      0.30203       4.62397091E+00
 B        697      0.15000      0.15000      0.30000       4.62861591E+00
 B        698      0.14899      0.14899      0.29797       4.63323891E+00
 B        699      0.14797      0.14797      0.29595       4.63783973E+00
 B        700      0.14696      0.14696      0.29392       4.64241822E+00
 B        701      0.14595      0.14595      0.29189       4.64697420E+00
 B        702      0.14493      0.14493      0.28986       4.65150752E+00
 B        703      0.14392      0.14392      0.28784       4.65601800E+00
 B        704      0.14291      0.14291      0.28581       4.66050549E+00
 B        705      0.14189      0.14189      0.28378       4.66496982E+00
 B        706      0.14088      0.14088      0.28176       4.66941083E+00
 B        707      0.13986      0.13986      0.27973       4.67382835E+00
 B        708      0.13885      0.13885      0.27770       4.67822223E+00
 B        709      0.13784      0.13784      0.27568       4.68259230E+00
 B        710      0.13682      0.13682      0.27365       4.68693841E+00
 B        711      0.13581      0.13581      0.27162       4.69126038E+00
 B        712      0.13480      0.13480      0.26959       4.69555807E+00
 B        713      0.13378      0.13378      0.26757       4.69983132E+00
 B        714      0.13277      0.13277      0.26554       4.70407996E+00
 B        715      0.13176      0.13176      0.26351       4.70830384E+00
 B        716      0.13074      0.13074      0.26149       4.71250487E+00
 B        717      0.12973      0.12973      0.25946       4.71667874E+00
 B        718      0.12872      0.12872      0.25743       4.72082739E+00
 B        719      0.12770      0.12770      0.25540       4.72495065E+00
 B        720      0.12669      0.12669      0.25338       4.72904836E+00
 B        721      0.12568      0.12568      0.25135       4.73312039E+00
 B        722      0.12466      0.12466      0.24932       4.73716656E+00
 B        723      0.12365      0.12365      0.24730       4.74118674E+00
 B        724      0.12263      0.12263      0.24527       4.74518077E+00
 B        725      0.12162      0.12162      0.24324       4.74914849E+00
 B        726      0.12061      0.12061      0.24122       4.75308977E+00
 B        727      0.11960      0.11960      0.23919       4.75700444E+00
 B        728      0.11858      0.11858      0.23716       4.76089236E+00
 B        729      0.11757      0.11757      0.23514       4.76475338E+00
 B        730      0.11655      0.11655      0.23311       4.76858736E+00
 B        731      0.11554      0.11554      0.23108       4.77239415E+00
 B        732      0.11453      0.11453      0.22905       4.77617360E+00
 B        733      0.11351      0.11351      0.22703       4.77992557E+00
 B        734      0.11250      0.11250      0.22500       4.78364991E+00
 B        735      0.11149      0.11149      0.22297       4.78734648E+00
 B        736      0.11047      0.11047      0.22095       4.79101514E+00
 B        737      0.10946      0.10946      0.21892       4.79465575E+00
 B        738      0.10845      0.10845      0.21689       4.79826817E+00
 B        739      0.10743      0.10743      0.21487       4.80185226E+00
 B        740      0.10642      0.10642      0.21284       4.80540787E+00
 B        741      0.10540      0.10540      0.21081       4.80893487E+00
 B        742      0.10439      0.10439      0.20878       4.81243313E+00
 B        743      0.10338      0.10338      0.20676       4.81590250E+00
 B        744      0.10236      0.10236      0.20473       4.81934286E+00
 B        745      0.10135      0.10135      0.20270       4.82275407E+00
 B        746      0.10034      0.10034      0.20068       4.82613599E+00
 B        747      0.09932      0.09932      0.19865       4.82948849E+00
 B        748      0.09831      0.09831      0.19662       4.83281145E+00
 B        749      0.09730      0.09730      0.19459       4.83610473E+00
 B        750      0.09628      0.09628      0.19257       4.83936820E+00
 B        751      0.09527      0.09527      0.19054       4.84260173E+00
 B        752      0.09426      0.09426      0.18851       4.84580520E+00
 B        753      0.09324      0.09324      0.18649       4.84898004E+00
 B        754      0.09223      0.09223      0.18446       4.85212299E+00
 B        755      0.09122      0.09122      0.18243       4.85523550E+00
 B        756      0.09020      0.09020      0.18041       4.85831745E+00
 B        757      0.08919      0.08919      0.17838       4.86136871E+00
 B        758      0.08818      0.08818      0.17635       4.86438916E+00
 B        759      0.08716      0.08716      0.17432       4.86737870E+00
 B        760      0.08615      0.08615      0.17230       4.87033718E+00
 B        761      0.08514      0.08514      0.17027       4.87326450E+00
 B        762      0.08412      0.08412      0.16824       4.87616055E+00
 B        763      0.08311      0.08311      0.16622       4.87902520E+00
 B        764      0.08210      0.08210      0.16419       4.88185833E+00
 B        765      0.08108      0.08108      0.16216       4.88465985E+00
 B        766      0.08007      0.08007      0.16013       4.88742963E+00
 B        767      0.07905      0.07905      0.15811       4.89016757E+00
 B        768      0.07804      0.07804      0.15608       4.89287354E+00
 B        769      0.07703      0.07703      0.15405       4.89554746E+00
 B        770      0.07601      0.07601      0.15203       4.89818920E+00
 B        771      0.07500      0.07500      0.15000       4.90079866E+00
 B        772      0.07399      0.07399      0.14797       4.90337574E+00
 B        773      0.07297      0.07297      0.14595       4.90592033E+00
 B        774      0.07196      0.07196      0.14392       4.90843233E+00
 B        775      0.07095      0.07095      0.14189       4.91091164E+00
 B        776      0.06993      0.06993      0.13986       4.91335816E+00
 B        777      0.06892      0.06892      0.13784       4.91577178E+00
 B        778      0.06790      0.06790      0.13581       4.91815241E+00
 B        779      0.06689      0.06689      0.13378       4.92049996E+00
 B        780      0.06588      0.06588      0.13176       4.92281433E+00
 B        781      0.06487      0.06487      0.12973       4.92509542E+00
 B        782      0.06385      0.06385      0.12770       4.92734314E+00
 B        783      0.06284      0.06284      0.12568       4.92955740E+00
 B        784      0.06182      0.06182      0.12365       4.93173811E+00
 B        785      0.06081      0.06081      0.12162       4.93388518E+00
 B        786      0.05980      0.05980      0.11960       4.93599852E+00
 B        787      0.05878      0.05878      0.11757       4.93807805E+00
 B        788      0.05777      0.05777      0.11554       4.94012369E+00
 B        789      0.05676      0.05676      0.11351       4.94213534E+00
 B        790      0.05574      0.05574      0.11149       4.94411389E+00
 B        791      0.05473      0.05473      0.10946       4.94605731E+00
 B        792      0.05372      0.05372      0.10743       4.94796651E+00
 B        793      0.05270      0.05270      0.10540       4.94984140E+00
 B        794      0.05169      0.05169      0.10338       4.95168191E+00
 B        795      0.05068      0.05068      0.10135       4.95348796E+00
 B        796      0.04966      0.04966      0.09932       4.95525949E+00
 B        797      0.04865      0.04865      0.09730       4.95699641E+00
 B        798      0.04763      0.04763      0.09527       4.95869865E+00
 B        799      0.04662      0.04662      0.09324       4.96036615E+00
 B        800      0.04561      0.04561      0.09122       4.96199883E+00
 B        801      0.04460      0.04460      0.08919       4.96359663E+00
 B        802      0.04358      0.04358      0.08716       4.96515948E+00
 B        803      0.04257      0.04257      0.08514       4.96668732E+00
 B        804      0.04155      0.04155      0.08311       4.96818009E+00
 B        805      0.04054      0.04054      0.08108       4.96963771E+00
 B        806      0.03953      0.03953      0.07905       4.97106014E+00
 B        807      0.03851      0.03851      0.07703       4.97244731E+00
 B        808      0.03750      0.03750      0.07500       4.97379917E+00
 B        809      0.03649      0.03649      0.07297       4.97511566E+00
 B        810      0.03547      0.03547      0.07095       4.97639672E+00
 B        811      0.03446      0.03446      0.06892       4.97764230E+00
 B        812      0.03345      0.03345      0.06689       4.97885235E+00
 B        813      0.03243      0.03243      0.06487       4.98002683E+00
 B        814      0.03142      0.03142      0.06284       4.98116567E+00
 B        815      0.03041      0.03041      0.06081       4.98226884E+00
 B        816      0.02939      0.02939      0.05878       4.98333628E+00
 B        817      0.02838      0.02838      0.05676       4.98436796E+00
 B        818      0.02737      0.02737      0.05473       4.98536383E+00
 B        819      0.02635      0.02635      0.05270       4.98632384E+00
 B        820      0.02534      0.02534      0.05068       4.98724797E+00
 B        821      0.02432      0.02432      0.04865       4.98813616E+00
 B        822      0.02331      0.02331      0.04662       4.98898839E+00
 B        823      0.02230      0.02230      0.04460       4.98980462E+00
 B        824      0.02128      0.02128      0.04257       4.99058481E+00
 B        825      0.02027      0.02027      0.04054       4.99132893E+00
 B        826      0.01926      0.01926      0.03851       4.99203695E+00
 B        827      0.01824      0.01824      0.03649       4.99270916E+00
 B        828      0.01723      0.01723      0.03446       4.99334488E+00
 B        829      0.01622      0.01622      0.03243       4.99394441E+00
 B        830      0.01520      0.01520      0.03041       4.99450773E+00
 B        831      0.01419      0.01419      0.02838       4.99503481E+00
 B        832      0.01318      0.01318      0.02635       4.99552565E+00
 B        833      0.01216      0.01216      0.02432       4.99598021E+00
 B        834      0.01115      0.01115      0.02230       4.99639847E+00
 B        835      0.01013      0.01013      0.02027       4.99678042E+00
 B        836      0.00912      0.00912      0.01824       4.99712604E+00
 B        837      0.00811      0.00811      0.01622       4.99743532E+00
 B        838      0.00709      0.00709      0.01419       4.99770825E+00
 B        839      0.00608      0.00608      0.01216       4.99794480E+00
 B        840      0.00507      0.00507      0.01013       4.99814499E+00
 B        841      0.00405      0.00405      0.00811       4.99830878E+00
 B        842      0.00304      0.00304      0.00608       4.99843619E+00
 B        843      0.00203      0.00203      0.00405       4.99852719E+00
 B        844      0.00101      0.00101      0.00203       4.99858180E+00
 B        845      0.00000      0.00000      0.00000       4.99860000E+00
 B        846      0.00166      0.00166      0.00166       4.99858178E+00
 B        847      0.00331      0.00331      0.00331       4.99852715E+00
 B        848      0.00497      0.00497      0.00497       4.99843606E+00
 B        849      0.00662      0.00662      0.00662       4.99830853E+00
 B        850      0.00828      0.00828      0.00828       4.99814468E+00
 B        851      0.00993      0.00993      0.00993       4.99794431E+00
 B        852      0.01159      0.01159      0.01159       4.99770767E+00
 B        853      0.01324      0.01324      0.01324       4.99743450E+00
 B        854      0.01490      0.01490      0.01490       4.99712492E+00
 B        855      0.01656      0.01656      0.01656       4.99677918E+00
 B        856      0.01821      0.01821      0.01821       4.99639688E+00
 B        857      0.01987      0.01987      0.01987       4.99597822E+00
 B        858      0.02152      0.02152      0.02152       4.99552351E+00
 B        859      0.02318      0.02318      0.02318       4.99503221E+00
 B        860      0.02483      0.02483      0.02483       4.99450495E+00
 B        861      0.02649      0.02649      0.02649       4.99394111E+00
 B        862      0.02815      0.02815      0.02815       4.99334101E+00
 B        863      0.02980      0.02980      0.02980       4.99270509E+00
 B        864      0.03146      0.03146      0.03146       4.99203259E+00
 B        865      0.03311      0.03311      0.03311       4.99132392E+00
 B        866      0.03477      0.03477      0.03477       4.99057957E+00
 B        867      0.03642      0.03642      0.03642       4.98979867E+00
 B        868      0.03808      0.03808      0.03808       4.98898219E+00
 B        869      0.03973      0.03973      0.03973       4.98812919E+00
 B        870      0.04139      0.04139      0.04139       4.98724018E+00
 B        871      0.04305      0.04305      0.04305       4.98631577E+00
 B        872      0.04470      0.04470      0.04470       4.98535488E+00
 B        873      0.04636      0.04636      0.04636       4.98435809E+00
 B        874      0.04801      0.04801      0.04801       4.98332609E+00
 B        875      0.04967      0.04967      0.04967       4.98225767E+00
 B        876      0.05133      0.05133      0.05133       4.98115348E+00
 B        877      0.05298      0.05298      0.05298       4.98001428E+00
 B        878      0.05464      0.05464      0.05464       4.97883873E+00
 B        879      0.05629      0.05629      0.05629       4.97762830E+00
 B        880      0.05795      0.05795      0.05795       4.97638158E+00
 B        881      0.05960      0.05960      0.05960       4.97509934E+00
 B        882      0.06126      0.06126      0.06126       4.97378244E+00
 B        883      0.06291      0.06291      0.06291       4.97242934E+00
 B        884      0.06457      0.06457      0.06457       4.97104089E+00
 B        885      0.06623      0.06623      0.06623       4.96961801E+00
 B        886      0.06788      0.06788      0.06788       4.96815905E+00
 B        887      0.06954      0.06954      0.06954       4.96666582E+00
 B        888      0.07119      0.07119      0.07119       4.96513658E+00
 B        889      0.07285      0.07285      0.07285       4.96357229E+00
 B        890      0.07450      0.07450      0.07450       4.96197399E+00
 B        891      0.07616      0.07616      0.07616       4.96033981E+00
 B        892      0.07781      0.07781      0.07781       4.95867078E+00
 B        893      0.07947      0.07947      0.07947       4.95696800E+00
 B        894      0.08113      0.08113      0.08113       4.95522949E+00
 B        895      0.08278      0.08278      0.08278       4.95345742E+00
 B        896      0.08444      0.08444      0.08444       4.95164972E+00
 B        897      0.08609      0.08609      0.08609       4.94980752E+00
 B        898      0.08775      0.08775      0.08775       4.94793204E+00
 B        899      0.08940      0.08940      0.08940       4.94602111E+00
 B        900      0.09106      0.09106      0.09106       4.94407590E+00
 B        901      0.09272      0.09272      0.09272       4.94209772E+00
 B        902      0.09437      0.09437      0.09437       4.94008425E+00
 B        903      0.09603      0.09603      0.09603       4.93803801E+00
 B        904      0.09768      0.09768      0.09768       4.93595660E+00
 B        905      0.09934      0.09934      0.09934       4.93384134E+00
 B        906      0.10099      0.10099      0.10099       4.93169363E+00
 B        907      0.10265      0.10265      0.10265       4.92951095E+00
 B        908      0.10430      0.10430      0.10430       4.92729469E+00
 B        909      0.10596      0.10596      0.10596       4.92504629E+00
 B        910      0.10762      0.10762      0.10762       4.92276314E+00
 B        911      0.10927      0.10927      0.10927       4.92044668E+00
 B        912      0.11093      0.11093      0.11093       4.91809843E+00
 B        913      0.11258      0.11258      0.11258       4.91571565E+00
 B        914      0.11424      0.11424      0.11424       4.91330132E+00
 B        915      0.11589      0.11589      0.11589       4.91085260E+00
 B        916      0.11755      0.11755      0.11755       4.90837106E+00
 B        917      0.11921      0.11921      0.11921       4.90585832E+00
 B        918      0.12086      0.12086      0.12086       4.90331144E+00
 B        919      0.12252      0.12252      0.12252       4.90073204E+00
 B        920      0.12417      0.12417      0.12417       4.89812181E+00
 B        921      0.12583      0.12583      0.12583       4.89547769E+00
 B        922      0.12748      0.12748      0.12748       4.89280300E+00
 B        923      0.12914      0.12914      0.12914       4.89009460E+00
 B        924      0.13079      0.13079      0.13079       4.88735421E+00
 B        925      0.13245      0.13245      0.13245       4.88458362E+00
 B        926      0.13411      0.13411      0.13411       4.88177960E+00
 B        927      0.13576      0.13576      0.13576       4.87894393E+00
 B        928      0.13742      0.13742      0.13742       4.87607845E+00
 B        929      0.13907      0.13907      0.13907       4.87317982E+00
 B        930      0.14073      0.14073      0.14073       4.87025166E+00
 B        931      0.14238      0.14238      0.14238       4.86729054E+00
 B        932      0.14404      0.14404      0.14404       4.86429835E+00
 B        933      0.14569      0.14569      0.14569       4.86127703E+00
 B        934      0.14735      0.14735      0.14735       4.85822306E+00
 B        935      0.14901      0.14901      0.14901       4.85513837E+00
 B        936      0.15066      0.15066      0.15066       4.85202497E+00
 B        937      0.15232      0.15232      0.15232       4.84887924E+00
 B        938      0.15397      0.15397      0.15397       4.84570315E+00
 B        939      0.15563      0.15563      0.15563       4.84249879E+00
 B        940      0.15729      0.15729      0.15729       4.83926241E+00
 B        941      0.15894      0.15894      0.15894       4.83599805E+00
 B        942      0.16060      0.16060      0.16060       4.83270188E+00
 B        943      0.16225      0.16225      0.16225       4.82937600E+00
 B        944      0.16391      0.16391      0.16391       4.82602258E+00
 B        945      0.16556      0.16556      0.16556       4.82263770E+00
 B        946      0.16722      0.16722      0.16722       4.81922350E+00
 B        947      0.16887      0.16887      0.16887       4.81578221E+00
 B        948      0.17053      0.17053      0.17053       4.81230981E+00
 B        949      0.17219      0.17219      0.17219       4.80881061E+00
 B        950      0.17384      0.17384      0.17384       4.80528053E+00
 B        951      0.17550      0.17550      0.17550       4.80172182E+00
 B        952      0.17715      0.17715      0.17715       4.79813678E+00
 B        953      0.17881      0.17881      0.17881       4.79452123E+00
 B        954      0.18046      0.18046      0.18046       4.79087745E+00
 B        955      0.18212      0.18212      0.18212       4.78720782E+00
 B        956      0.18377      0.18377      0.18377       4.78350804E+00
 B        957      0.18543      0.18543      0.18543       4.77978273E+00
 B        958      0.18709      0.18709      0.18709       4.77602752E+00
 B        959      0.18874      0.18874      0.18874       4.77224480E+00
 B        960      0.19040      0.19040      0.19040       4.76843703E+00
 B        961      0.19205      0.19205      0.19205       4.76459975E+00
 B        962      0.19371      0.19371      0.19371       4.76073540E+00
 B        963      0.19536      0.19536      0.19536       4.75684648E+00
 B        964      0.19702      0.19702      0.19702       4.75292845E+00
 B        965      0.19867      0.19867      0.19867       4.74898618E+00
 B        966      0.20033      0.20033      0.20033       4.74501506E+00
 B        967      0.20199      0.20199      0.20199       4.74101761E+00
 B        968      0.20364      0.20364      0.20364       4.73699643E+00
 B        969      0.20530      0.20530      0.20530       4.73294680E+00
 B        970      0.20695      0.20695      0.20695       4.72887130E+00
 B        971      0.20861      0.20861      0.20861       4.72477257E+00
 B        972      0.21027      0.21027      0.21027       4.72064580E+00
 B        973      0.21192      0.21192      0.21192       4.71649363E+00
 B        974      0.21358      0.21358      0.21358       4.71231873E+00
 B        975      0.21523      0.21523      0.21523       4.70811623E+00
 B        976      0.21689      0.21689      0.21689       4.70389134E+00
 B        977      0.21854      0.21854      0.21854       4.69963912E+00
 B        978      0.22020      0.22020      0.22020       4.69536228E+00
 B        979      0.22185      0.22185      0.22185       4.69106358E+00
 B        980      0.22351      0.22351      0.22351       4.68673798E+00
 B        981      0.22517      0.22517      0.22517       4.68238823E+00
 B        982      0.22682      0.22682      0.22682       4.67801714E+00
 B        983      0.22848      0.22848      0.22848       4.67361959E+00
 B        984      0.23013      0.23013      0.23013       4.66920106E+00
 B        985      0.23179      0.23179      0.23179       4.66475635E+00
 B        986      0.23344      0.23344      0.23344       4.66028831E+00
 B        987      0.23510      0.23510      0.23510       4.65579981E+00
 B        988      0.23675      0.23675      0.23675       4.65128559E+00
 B        989      0.23841      0.23841      0.23841       4.64674851E+00
 B        990      0.24007      0.24007      0.24007       4.64219151E+00
 B        991      0.24172      0.24172      0.24172       4.63760925E+00
 B        992      0.24338      0.24338      0.24338       4.63300742E+00
 B        993      0.24503      0.24503      0.24503       4.62838062E+00
 B        994      0.24669      0.24669      0.24669       4.62373180E+00
 B        995      0.24834      0.24834      0.24834       4.61906395E+00
 B        996      0.25000      0.25000      0.25000       4.61437159E+00
 B        997      0.25166      0.25166      0.25166       4.60965772E+00
 B        998      0.25331      0.25331      0.25331       4.60492535E+00
 B        999      0.25497      0.25497      0.25497       4.60016895E+00
 B       1000      0.25662      0.25662      0.25662       4.59539153E+00
 B       1001      0.25828      0.25828      0.25828       4.59059617E+00
 B       1002      0.25993      0.25993      0.25993       4.58577724E+00
 B       1003      0.26159      0.26159      0.26159       4.58094073E+00
 B       1004      0.26325      0.26325      0.26325       4.57608096E+00
 B       1005      0.26490      0.26490      0.26490       4.57120102E+00
 B       1006      0.26656      0.26656      0.26656       4.56630406E+00
 B       1007      0.26821      0.26821      0.26821       4.56138431E+00
 B       1008      0.26987      0.26987      0.26987       4.55644491E+00
 B       1009      0.27152      0.27152      0.27152       4.55148902E+00
 B       1010      0.27318      0.27318      0.27318       4.54651083E+00
 B       1011      0.27483      0.27483      0.27483       4.54151653E+00
 B       1012      0.27649      0.27649      0.27649       4.53650025E+00
 B       1013      0.27815      0.27815      0.27815       4.53146517E+00
 B       1014      0.27980      0.27980      0.27980       4.52641453E+00
 B       1015      0.28146      0.28146      0.28146       4.52134239E+00
 B       1016      0.28311      0.28311      0.28311       4.51625197E+00
 B       1017      0.28477      0.28477      0.28477       4.51114655E+00
 B       1018      0.28642      0.28642      0.28642       4.50602011E+00
 B       1019      0.28808      0.28808      0.28808       4.50087903E+00
 B       1020      0.28974      0.28974      0.28974       4.49571726E+00
 B       1021      0.29139      0.29139      0.29139       4.49053809E+00
 B       1022      0.29305      0.29305      0.29305       4.48534482E+00
 B       1023      0.29470      0.29470      0.29470       4.48013136E+00
 B       1024      0.29636      0.29636      0.29636       4.47490101E+00
 B       1025      0.29801      0.29801      0.29801       4.46965713E+00
 B       1026      0.29967      0.29967      0.29967       4.46439354E+00
 B       1027      0.30133      0.30133      0.30133       4.45911359E+00
 B       1028      0.30298      0.30298      0.30298       4.45382065E+00
 B       1029      0.30464      0.30464      0.30464       4.44850851E+00
 B       1030      0.30629      0.30629      0.30629       4.44318375E+00
 B       1031      0.30795      0.30795      0.30795       4.43784011E+00
 B       1032      0.30960      0.30960      0.30960       4.43248098E+00
 B       1033      0.31126      0.31126      0.31126       4.42710978E+00
 B       1034      0.31291      0.31291      0.31291       4.42172020E+00
 B       1035      0.31457      0.31457      0.31457       4.41631565E+00
 B       1036      0.31622      0.31622      0.31622       4.41089959E+00
 B       1037      0.31788      0.31788      0.31788       4.40546564E+00
 B       1038      0.31954      0.31954      0.31954       4.40002054E+00
 B       1039      0.32119      0.32119      0.32119       4.39455789E+00
 B       1040      0.32285      0.32285      0.32285       4.38908114E+00
 B       1041      0.32450      0.32450      0.32450       4.38359379E+00
 B       1042      0.32616      0.32616      0.32616       4.37808938E+00
 B       1043      0.32782      0.32782      0.32782       4.37257140E+00
 B       1044      0.32947      0.32947      0.32947       4.36704336E+00
 B       1045      0.33113      0.33113      0.33113       4.36149876E+00
 B       1046      0.33278      0.33278      0.33278       4.35594447E+00
 B       1047      0.33444      0.33444      0.33444       4.35037396E+00
 B       1048      0.33609      0.33609      0.33609       4.34479073E+00
 B       1049      0.33775      0.33775      0.33775       4.33919836E+00
 B       1050      0.33940      0.33940      0.33940       4.33359025E+00
 B       1051      0.34106      0.34106      0.34106       4.32796996E+00
 B       1052      0.34271      0.34271      0.34271       4.32234106E+00
 B       1053      0.34437      0.34437      0.34437       4.31669692E+00
 B       1054      0.34603      0.34603      0.34603       4.31104453E+00
 B       1055      0.34768      0.34768      0.34768       4.30537724E+00
 B       1056      0.34934      0.34934      0.34934       4.29969862E+00
 B       1057      0.35099      0.35099      0.35099       4.29401228E+00
 B       1058      0.35265      0.35265      0.35265       4.28831153E+00
 B       1059      0.35430      0.35430      0.35430       4.28259997E+00
 B       1060      0.35596      0.35596      0.35596       4.27688123E+00
 B       1061      0.35762      0.35762      0.35762       4.27114857E+00
 B       1062      0.35927      0.35927      0.35927       4.26540561E+00
 B       1063      0.36093      0.36093      0.36093       4.25965599E+00
 B       1064      0.36258      0.36258      0.36258       4.25389295E+00
 B       1065      0.36424      0.36424      0.36424       4.24812360E+00
 B       1066      0.36589      0.36589      0.36589       4.24234115E+00
 B       1067      0.36755      0.36755      0.36755       4.23654925E+00
 B       1068      0.36921      0.36921      0.36921       4.23075157E+00
 B       1069      0.37086      0.37086      0.37086       4.22494127E+00
 B       1070      0.37252      0.37252      0.37252       4.21912202E+00
 B       1071      0.37417      0.37417      0.37417       4.21329751E+00
 B       1072      0.37583      0.37583      0.37583       4.20746087E+00
 B       1073      0.37748      0.37748      0.37748       4.20161931E+00
 B       1074      0.37914      0.37914      0.37914       4.19576595E+00
 B       1075      0.38079      0.38079      0.38079       4.18990446E+00
 B       1076      0.38245      0.38245      0.38245       4.18403858E+00
 B       1077      0.38411      0.38411      0.38411       4.17816136E+00
 B       1078      0.38576      0.38576      0.38576       4.17227652E+00
 B       1079      0.38742      0.38742      0.38742       4.16638779E+00
 B       1080      0.38907      0.38907      0.38907       4.16048820E+00
 B       1081      0.39073      0.39073      0.39073       4.15458505E+00
 B       1082      0.39238      0.39238      0.39238       4.14867137E+00
 B       1083      0.39404      0.39404      0.39404       4.14275088E+00
 B       1084      0.39570      0.39570      0.39570       4.13682733E+00
 B       1085      0.39735      0.39735      0.39735       4.13089372E+00
 B       1086      0.39901      0.39901      0.39901       4.12495378E+00
 B       1087      0.40066      0.40066      0.40066       4.11901128E+00
 B       1088      0.40232      0.40232      0.40232       4.11305918E+00
 B       1089      0.40397      0.40397      0.40397       4.10710125E+00
 B       1090      0.40563      0.40563      0.40563       4.10114122E+00
 B       1091      0.40729      0.40729      0.40729       4.09517208E+00
 B       1092      0.40894      0.40894      0.40894       4.08920117E+00
 B       1093      0.41060      0.41060      0.41060       4.08322145E+00
 B       1094      0.41225      0.41225      0.41225       4.07723667E+00
 B       1095      0.41391      0.41391      0.41391       4.07125062E+00
 B       1096      0.41556      0.41556      0.41556       4.06525620E+00
 B       1097      0.41722      0.41722      0.41722       4.05925720E+00
 B       1098      0.41887      0.41887      0.41887       4.05325739E+00
 B       1099      0.42053      0.42053      0.42053       4.04724968E+00
 B       1100      0.42218      0.42218      0.42218       4.04124147E+00
 B       1101      0.42384      0.42384      0.42384       4.03522566E+00
 B       1102      0.42550      0.42550      0.42550       4.02920603E+00
 B       1103      0.42715      0.42715      0.42715       4.02318637E+00
 B       1104      0.42881      0.42881      0.42881       4.01715955E+00
 B       1105      0.43046      0.43046      0.43046       4.01112937E+00
 B       1106      0.43212      0.43212      0.43212       4.00509961E+00
 B       1107      0.43378      0.43378      0.43378       3.99906314E+00
 B       1108      0.43543      0.43543      0.43543       3.99302739E+00
 B       1109      0.43709      0.43709      0.43709       3.98698523E+00
 B       1110      0.43874      0.43874      0.43874       3.98094044E+00
 B       1111      0.44040      0.44040      0.44040       3.97489682E+00
 B       1112      0.44205      0.44205      0.44205       3.96884722E+00
 B       1113      0.44371      0.44371      0.44371       3.96279543E+00
 B       1114      0.44536      0.44536      0.44536       3.95674526E+00
 B       1115      0.44702      0.44702      0.44702       3.95068953E+00
 B       1116      0.44867      0.44867      0.44867       3.94463570E+00
 B       1117      0.45033      0.45033      0.45033       3.93857660E+00
 B       1118      0.45199      0.45199      0.45199       3.93251603E+00
 B       1119      0.45364      0.45364      0.45364       3.92645779E+00
 B       1120      0.45530      0.45530      0.45530       3.92039470E+00
 B       1121      0.45695      0.45695      0.45695       3.91433056E+00
 B       1122      0.45861      0.45861      0.45861       3.90826917E+00
 B       1123      0.46026      0.46026      0.46026       3.90220335E+00
 B       1124      0.46192      0.46192      0.46192       3.89613690E+00
 B       1125      0.46358      0.46358      0.46358       3.89007361E+00
 B       1126      0.46523      0.46523      0.46523       3.88400629E+00
 B       1127      0.46689      0.46689      0.46689       3.87794242E+00
 B       1128      0.46854      0.46854      0.46854       3.87187479E+00
 B       1129      0.47020      0.47020      0.47020       3.86580721E+00
 B       1130      0.47185      0.47185      0.47185       3.85974346E+00
 B       1131      0.47351      0.47351      0.47351       3.85367637E+00
 B       1132      0.47517      0.47517      0.47517       3.84760971E+00
 B       1133      0.47682      0.47682      0.47682       3.84154730E+00
 B       1134      0.47848      0.47848      0.47848       3.83548192E+00
 B       1135      0.48013      0.48013      0.48013       3.82942104E+00
 B       1136      0.48179      0.48179      0.48179       3.82335746E+00
 B       1137      0.48344      0.48344      0.48344       3.81729497E+00
 B       1138      0.48510      0.48510      0.48510       3.81123737E+00
 B       1139      0.48675      0.48675      0.48675       3.80517744E+00
 B       1140      0.48841      0.48841      0.48841       3.79911899E+00
 B       1141      0.49007      0.49007      0.49007       3.79306580E+00
 B       1142      0.49172      0.49172      0.49172       3.78701067E+00
 B       1143      0.49338      0.49338      0.49338       3.78096104E+00
 B       1144      0.49503      0.49503      0.49503       3.77490972E+00
 B       1145      0.49669      0.49669      0.49669       3.76886049E+00
 B       1146      0.49834      0.49834      0.49834       3.76281713E+00
 B       1147      0.50000      0.50000      0.50000       3.75677245E+00
 B       1148      0.50000      0.49899      0.50101       3.75676248E+00
 B       1149      0.50000      0.49798      0.50202       3.75673258E+00
 B       1150      0.50000      0.49696      0.50304       3.75668275E+00
 B       1151      0.50000      0.49595      0.50405       3.75661291E+00
 B       1152      0.50000      0.49494      0.50506       3.75652320E+00
 B       1153      0.50000      0.49393      0.50607       3.75641356E+00
 B       1154      0.50000      0.49291      0.50709       3.75628401E+00
 B       1155      0.50000      0.49190      0.50810       3.75613454E+00
 B       1156      0.50000      0.49089      0.50911       3.75596516E+00
 B       1157      0.50000      0.48988      0.51012       3.75577588E+00
 B       1158      0.50000      0.48887      0.51113       3.75556648E+00
 B       1159      0.50000      0.48785      0.51215       3.75533739E+00
 B       1160      0.50000      0.48684      0.51316       3.75508842E+00
 B       1161      0.50000      0.48583      0.51417       3.75481958E+00
 B       1162      0.50000      0.48482      0.51518       3.75453087E+00
 B       1163      0.50000      0.48381      0.51619       3.75422232E+00
 B       1164      0.50000      0.48279      0.51721       3.75389392E+00
 B       1165      0.50000      0.48178      0.51822       3.75354534E+00
 B       1166      0.50000      0.48077      0.51923       3.75317729E+00
 B       1167      0.50000      0.47976      0.52024       3.75278943E+00
 B       1168      0.50000      0.47874      0.52126       3.75238178E+00
 B       1169      0.50000      0.47773      0.52227       3.75195436E+00
 B       1170      0.50000      0.47672      0.52328       3.75150719E+00
 B       1171      0.50000      0.47571      0.52429       3.75104027E+00
 B       1172      0.50000      0.47470      0.52530       3.75055315E+00
 B       1173      0.50000      0.47368      0.52632       3.75004678E+00
 B       1174      0.50000      0.47267      0.52733       3.74952073E+00
 B       1175      0.50000      0.47166      0.52834       3.74897502E+00
 B       1176      0.50000      0.47065      0.52935       3.74840965E+00
 B       1177      0.50000      0.46964      0.53036       3.74782466E+00
 B       1178      0.50000      0.46862      0.53138       3.74721946E+00
 B       1179      0.50000      0.46761      0.53239       3.74659526E+00
 B       1180      0.50000      0.46660      0.53340       3.74595150E+00
 B       1181      0.50000      0.46559      0.53441       3.74528820E+00
 B       1182      0.50000      0.46458      0.53543       3.74460540E+00
 B       1183      0.50000      0.46356      0.53644       3.74390310E+00
 B       1184      0.50000      0.46255      0.53745       3.74318134E+00
 B       1185      0.50000      0.46154      0.53846       3.74243940E+00
 B       1186      0.50000      0.46053      0.53947       3.74167878E+00
 B       1187      0.50000      0.45951      0.54049       3.74089878E+00
 B       1188      0.50000      0.45850      0.54150       3.74009942E+00
 B       1189      0.50000      0.45749      0.54251       3.73928074E+00
 B       1190      0.50000      0.45648      0.54352       3.73844277E+00
 B       1191      0.50000      0.45547      0.54453       3.73758553E+00
 B       1192      0.50000      0.45445      0.54555       3.73670819E+00
 B       1193      0.50000      0.45344      0.54656       3.73581250E+00
 B       1194      0.50000      0.45243      0.54757       3.73489764E+00
 B       1195      0.50000      0.45142      0.54858       3.73396365E+00
 B       1196      0.50000      0.45040      0.54959       3.73301056E+00
 B       1197      0.50000      0.44939      0.55061       3.73203840E+00
 B       1198      0.50000      0.44838      0.55162       3.73104722E+00
 B       1199      0.50000      0.44737      0.55263       3.73003603E+00
 B       1200      0.50000      0.44636      0.55364       3.72900686E+00
 B       1201      0.50000      0.44534      0.55466       3.72795878E+00
 B       1202      0.50000      0.44433      0.55567       3.72689182E+00
 B       1203      0.50000      0.44332      0.55668       3.72580600E+00
 B       1204      0.50000      0.44231      0.55769       3.72470139E+00
 B       1205      0.50000      0.44130      0.55870       3.72357800E+00
 B       1206      0.50000      0.44028      0.55972       3.72243476E+00
 B       1207      0.50000      0.43927      0.56073       3.72127395E+00
 B       1208      0.50000      0.43826      0.56174       3.72009449E+00
 B       1209      0.50000      0.43725      0.56275       3.71889644E+00
 B       1210      0.50000      0.43623      0.56376       3.71767982E+00
 B       1211      0.50000      0.43522      0.56478       3.71644470E+00
 B       1212      0.50000      0.43421      0.56579       3.71519110E+00
 B       1213      0.50000      0.43320      0.56680       3.71391781E+00
 B       1214      0.50000      0.43219      0.56781       3.71262739E+00
 B       1215      0.50000      0.43117      0.56883       3.71131864E+00
 B       1216      0.50000      0.43016      0.56984       3.70999160E+00
 B       1217      0.50000      0.42915      0.57085       3.70864633E+00
 B       1218      0.50000      0.42814      0.57186       3.70728286E+00
 B       1219      0.50000      0.42713      0.57287       3.70590125E+00
 B       1220      0.50000      0.42611      0.57389       3.70450015E+00
 B       1221      0.50000      0.42510      0.57490       3.70308238E+00
 B       1222      0.50000      0.42409      0.57591       3.70164662E+00
 B       1223      0.50000      0.42308      0.57692       3.70019292E+00
 B       1224      0.50000      0.42207      0.57793       3.69872133E+00
 B       1225      0.50000      0.42105      0.57895       3.69723190E+00
 B       1226      0.50000      0.42004      0.57996       3.69572318E+00
 B       1227      0.50000      0.41903      0.58097       3.69419821E+00
 B       1228      0.50000      0.41802      0.58198       3.69265557E+00
 B       1229      0.50000      0.41700      0.58300       3.69109529E+00
 B       1230      0.50000      0.41599      0.58401       3.68951745E+00
 B       1231      0.50000      0.41498      0.58502       3.68792210E+00
 B       1232      0.50000      0.41397      0.58603       3.68630928E+00
 B       1233      0.50000      0.41296      0.58705       3.68467745E+00
 B       1234      0.50000      0.41194      0.58806       3.68302987E+00
 B       1235      0.50000      0.41093      0.58907       3.68136500E+00
 B       1236      0.50000      0.40992      0.59008       3.67968291E+00
 B       1237      0.50000      0.40891      0.59109       3.67798365E+00
 B       1238      0.50000      0.40790      0.59210       3.67626728E+00
 B       1239      0.50000      0.40688      0.59312       3.67453385E+00
 B       1240      0.50000      0.40587      0.59413       3.67278170E+00
 B       1241      0.50000      0.40486      0.59514       3.67101434E+00
 B       1242      0.50000      0.40385      0.59615       3.66923011E+00
 B       1243      0.50000      0.40283      0.59717       3.66742908E+00
 B       1244      0.50000      0.40182      0.59818       3.66561130E+00
 B       1245      0.50000      0.40081      0.59919       3.66377684E+00
 B       1246      0.50000      0.39980      0.60020       3.66192576E+00
 B       1247      0.50000      0.39879      0.60122       3.66005628E+00
 B       1248      0.50000      0.39777      0.60223       3.65817214E+00
 B       1249      0.50000      0.39676      0.60324       3.65627158E+00
 B       1250      0.50000      0.39575      0.60425       3.65435466E+00
 B       1251      0.50000      0.39474      0.60526       3.65242144E+00
 B       1252      0.50000      0.39372      0.60628       3.65047200E+00
 B       1253      0.50000      0.39271      0.60729       3.64850640E+00
 B       1254      0.50000      0.39170      0.60830       3.64652274E+00
 B       1255      0.50000      0.39069      0.60931       3.64452500E+00
 B       1256      0.50000      0.38968      0.61032       3.64251131E+00
 B       1257      0.50000      0.38866      0.61134       3.64048172E+00
 B       1258      0.50000      0.38765      0.61235       3.63843632E+00
 B       1259      0.50000      0.38664      0.61336       3.63637516E+00
 B       1260      0.50000      0.38563      0.61437       3.63429833E+00
 B       1261      0.50000      0.38461      0.61538       3.63220380E+00
 B       1262      0.50000      0.38360      0.61640       3.63009580E+00
 B       1263      0.50000      0.38259      0.61741       3.62797233E+00
 B       1264      0.50000      0.38158      0.61842       3.62583346E+00
 B       1265      0.50000      0.38057      0.61943       3.62367927E+00
 B       1266      0.50000      0.37955      0.62045       3.62150982E+00
 B       1267      0.50000      0.37854      0.62146       3.61932519E+00
 B       1268      0.50000      0.37753      0.62247       3.61712327E+00
 B       1269      0.50000      0.37652      0.62348       3.61490848E+00
 B       1270      0.50000      0.37551      0.62449       3.61267873E+00
 B       1271      0.50000      0.37449      0.62551       3.61043410E+00
 B       1272      0.50000      0.37348      0.62652       3.60817466E+00
 B       1273      0.50000      0.37247      0.62753       3.60590047E+00
 B       1274      0.50000      0.37146      0.62854       3.60360936E+00
 B       1275      0.50000      0.37045      0.62955       3.60130592E+00
 B       1276      0.50000      0.36943      0.63057       3.59898796E+00
 B       1277      0.50000      0.36842      0.63158       3.59665558E+00
 B       1278      0.50000      0.36741      0.63259       3.59430883E+00
 B       1279      0.50000      0.36640      0.63360       3.59194781E+00
 B       1280      0.50000      0.36539      0.63462       3.58957259E+00
 B       1281      0.50000      0.36437      0.63563       3.58718087E+00
 B       1282      0.50000      0.36336      0.63664       3.58477746E+00
 B       1283      0.50000      0.36235      0.63765       3.58236008E+00
 B       1284      0.50000      0.36134      0.63866       3.57992881E+00
 B       1285      0.50000      0.36032      0.63968       3.57748373E+00
 B       1286      0.50000      0.35931      0.64069       3.57502492E+00
 B       1287      0.50000      0.35830      0.64170       3.57255245E+00
 B       1288      0.50000      0.35729      0.64271       3.57006396E+00
 B       1289      0.50000      0.35628      0.64372       3.56756441E+00
 B       1290      0.50000      0.35526      0.64474       3.56505146E+00
 B       1291      0.50000      0.35425      0.64575       3.56252518E+00
 B       1292      0.50000      0.35324      0.64676       3.55998564E+00
 B       1293      0.50000      0.35223      0.64777       3.55743294E+00
 B       1294      0.50000      0.35121      0.64878       3.55486715E+00
 B       1295      0.50000      0.35020      0.64980       3.55228580E+00
 B       1296      0.50000      0.34919      0.65081       3.54969406E+00
 B       1297      0.50000      0.34818      0.65182       3.54708949E+00
 B       1298      0.50000      0.34717      0.65283       3.54447215E+00
 B       1299      0.50000      0.34615      0.65385       3.54184214E+00
 B       1300      0.50000      0.34514      0.65486       3.53919953E+00
 B       1301      0.50000      0.34413      0.65587       3.53654442E+00
 B       1302      0.50000      0.34312      0.65688       3.53387423E+00
 B       1303      0.50000      0.34210      0.65790       3.53119433E+00
 B       1304      0.50000      0.34109      0.65891       3.52850217E+00
 B       1305      0.50000      0.34008      0.65992       3.52579783E+00
 B       1306      0.50000      0.33907      0.66093       3.52308140E+00
 B       1307      0.50000      0.33806      0.66194       3.52035296E+00
 B       1308      0.50000      0.33704      0.66295       3.51761260E+00
 B       1309      0.50000      0.33603      0.66397       3.51485768E+00
 B       1310      0.50000      0.33502      0.66498       3.51209371E+00
 B       1311      0.50000      0.33401      0.66599       3.50931807E+00
 B       1312      0.50000      0.33300      0.66700       3.50653085E+00
 B       1313      0.50000      0.33198      0.66802       3.50373214E+00
 B       1314      0.50000      0.33097      0.66903       3.50092201E+00
 B       1315      0.50000      0.32996      0.67004       3.49810055E+00
 B       1316      0.50000      0.32895      0.67105       3.49526504E+00
 B       1317      0.50000      0.32793      0.67207       3.49242117E+00
 B       1318      0.50000      0.32692      0.67308       3.48956624E+00
 B       1319      0.50000      0.32591      0.67409       3.48670032E+00
 B       1320      0.50000      0.32490      0.67510       3.48382350E+00
 B       1321      0.50000      0.32389      0.67611       3.48093587E+00
 B       1322      0.50000      0.32287      0.67713       3.47803465E+00
 B       1323      0.50000      0.32186      0.67814       3.47512564E+00
 B       1324      0.50000      0.32085      0.67915       3.47220609E+00
 B       1325      0.50000      0.31984      0.68016       3.46927607E+00
 B       1326      0.50000      0.31883      0.68117       3.46633568E+00
 B       1327      0.50000      0.31781      0.68219       3.46338499E+00
 B       1328      0.50000      0.31680      0.68320       3.46042410E+00
 B       1329      0.50000      0.31579      0.68421       3.45745016E+00
 B       1330      0.50000      0.31478      0.68522       3.45446911E+00
 B       1331      0.50000      0.31377      0.68624       3.45147813E+00
 B       1332      0.50000      0.31275      0.68725       3.44847729E+00
 B       1333      0.50000      0.31174      0.68826       3.44546668E+00
 B       1334      0.50000      0.31073      0.68927       3.44244639E+00
 B       1335      0.50000      0.30972      0.69028       3.43941651E+00
 B       1336      0.50000      0.30870      0.69130       3.43637412E+00
 B       1337      0.50000      0.30769      0.69231       3.43332531E+00
 B       1338      0.50000      0.30668      0.69332       3.43026717E+00
 B       1339      0.50000      0.30567      0.69433       3.42719979E+00
 B       1340      0.50000      0.30466      0.69534       3.42412326E+00
 B       1341      0.50000      0.30364      0.69636       3.42103766E+00
 B       1342      0.50000      0.30263      0.69737       3.41794308E+00
 B       1343      0.50000      0.30162      0.69838       3.41483654E+00
 B       1344      0.50000      0.30061      0.69939       3.41172426E+00
 B       1345      0.50000      0.29960      0.70041       3.40860326E+00
 B       1346      0.50000      0.29858      0.70142       3.40547364E+00
 B       1347      0.50000      0.29757      0.70243       3.40233547E+00
 B       1348      0.50000      0.29656      0.70344       3.39918885E+00
 B       1349      0.50000      0.29555      0.70445       3.39603387E+00
 B       1350      0.50000      0.29453      0.70547       3.39286748E+00
 B       1351      0.50000      0.29352      0.70648       3.38969602E+00
 B       1352      0.50000      0.29251      0.70749       3.38651646E+00
 B       1353      0.50000      0.29150      0.70850       3.38332889E+00
 B       1354      0.50000      0.29049      0.70951       3.38013339E+00
 B       1355      0.50000      0.28947      0.71053       3.37693005E+00
 B       1356      0.50000      0.28846      0.71154       3.37371896E+00
 B       1357      0.50000      0.28745      0.71255       3.37049702E+00
 B       1358      0.50000      0.28644      0.71356       3.36727067E+00
 B       1359      0.50000      0.28542      0.71457       3.36403684E+00
 B       1360      0.50000      0.28441      0.71559       3.36079560E+00
 B       1361      0.50000      0.28340      0.71660       3.35754705E+00
 B       1362      0.50000      0.28239      0.71761       3.35429127E+00
 B       1363      0.50000      0.28138      0.71862       3.35102834E+00
 B       1364      0.50000      0.28036      0.71964       3.34775513E+00
 B       1365      0.50000      0.27935      0.72065       3.34447817E+00
 B       1366      0.50000      0.27834      0.72166       3.34119434E+00
 B       1367      0.50000      0.27733      0.72267       3.33790370E+00
 B       1368      0.50000      0.27632      0.72368       3.33460636E+00
 B       1369      0.50000      0.27530      0.72470       3.33130239E+00
 B       1370      0.50000      0.27429      0.72571       3.32798862E+00
 B       1371      0.50000      0.27328      0.72672       3.32467166E+00
 B       1372      0.50000      0.27227      0.72773       3.32134833E+00
 B       1373      0.50000      0.27126      0.72874       3.31801873E+00
 B       1374      0.50000      0.27024      0.72976       3.31468293E+00
 B       1375      0.50000      0.26923      0.73077       3.31134102E+00
 B       1376      0.50000      0.26822      0.73178       3.30799309E+00
 B       1377      0.50000      0.26721      0.73279       3.30463591E+00
 B       1378      0.50000      0.26619      0.73381       3.30127619E+00
 B       1379      0.50000      0.26518      0.73482       3.29791070E+00
 B       1380      0.50000      0.26417      0.73583       3.29453953E+00
 B       1381      0.50000      0.26316      0.73684       3.29116276E+00
 B       1382      0.50000      0.26215      0.73785       3.28778048E+00
 B       1383      0.50000      0.26113      0.73887       3.28439277E+00
 B       1384      0.50000      0.26012      0.73988       3.28099635E+00
 B       1385      0.50000      0.25911      0.74089       3.27759803E+00
 B       1386      0.50000      0.25810      0.74190       3.27419454E+00
 B       1387      0.50000      0.25709      0.74291       3.27078595E+00
 B       1388      0.50000      0.25607      0.74393       3.26737235E+00
 B       1389      0.50000      0.25506      0.74494       3.26395382E+00
 B       1390      0.50000      0.25405      0.74595       3.26053045E+00
 B       1391      0.50000      0.25304      0.74696       3.25709893E+00
 B       1392      0.50000      0.25202      0.74798       3.25366612E+00
 B       1393      0.50000      0.25101      0.74899       3.25022872E+00
 B       1394      0.50000      0.25000      0.75000       3.24678680E+00
 B       1395      0.50000      0.24857      0.74857       3.24921387E+00
 B       1396      0.50000      0.24714      0.74714       3.25163003E+00
 B       1397      0.50000      0.24571      0.74571       3.25403858E+00
 B       1398      0.50000      0.24429      0.74429       3.25643609E+00
 B       1399      0.50000      0.24286      0.74286       3.25882585E+00
 B       1400      0.50000      0.24143      0.74143       3.26120445E+00
 B       1401      0.50000      0.24000      0.74000       3.26357514E+00
 B       1402      0.50000      0.23857      0.73857       3.26593618E+00
 B       1403      0.50000      0.23714      0.73714       3.26828588E+00
 B       1404      0.50000      0.23571      0.73571       3.27062744E+00
 B       1405      0.50000      0.23429      0.73429       3.27295753E+00
 B       1406      0.50000      0.23286      0.73286       3.27527933E+00
 B       1407      0.50000      0.23143      0.73143       3.27758954E+00
 B       1408      0.50000      0.23000      0.73000       3.27989132E+00
 B       1409      0.50000      0.22857      0.72857       3.28218298E+00
 B       1410      0.50000      0.22714      0.72714       3.28446286E+00
 B       1411      0.50000      0.22571      0.72571       3.28673408E+00
 B       1412      0.50000      0.22429      0.72429       3.28899340E+00
 B       1413      0.50000      0.22286      0.72286       3.29124392E+00
 B       1414      0.50000      0.22143      0.72143       3.29348242E+00
 B       1415      0.50000      0.22000      0.72000       3.29571196E+00
 B       1416      0.50000      0.21857      0.71857       3.29793091E+00
 B       1417      0.50000      0.21714      0.71714       3.30013767E+00
 B       1418      0.50000      0.21571      0.71571       3.30233525E+00
 B       1419      0.50000      0.21429      0.71429       3.30452051E+00
 B       1420      0.50000      0.21286      0.71286       3.30669646E+00
 B       1421      0.50000      0.21143      0.71143       3.30885997E+00
 B       1422      0.50000      0.21000      0.71000       3.31101401E+00
 B       1423      0.50000      0.20857      0.70857       3.31315700E+00
 B       1424      0.50000      0.20714      0.70714       3.31528739E+00
 B       1425      0.50000      0.20571      0.70571       3.31740809E+00
 B       1426      0.50000      0.20429      0.70429       3.31951606E+00
 B       1427      0.50000      0.20286      0.70286       3.32161421E+00
 B       1428      0.50000      0.20143      0.70143       3.32369953E+00
 B       1429      0.50000      0.20000      0.70000       3.32577487E+00
 B       1430      0.50000      0.19857      0.69857       3.32783870E+00
 B       1431      0.50000      0.19714      0.69714       3.32988954E+00
 B       1432      0.50000      0.19571      0.69571       3.33193018E+00
 B       1433      0.50000      0.19429      0.69429       3.33395772E+00
 B       1434      0.50000      0.19286      0.69286       3.33597492E+00
 B       1435      0.50000      0.19143      0.69143       3.33797890E+00
 B       1436      0.50000      0.19000      0.69000       3.33997241E+00
 B       1437      0.50000      0.18857      0.68857       3.34195397E+00
 B       1438      0.50000      0.18714      0.68714       3.34392216E+00
 B       1439      0.50000      0.18571      0.68571       3.34587966E+00
 B       1440      0.50000      0.18429      0.68429       3.34782367E+00
 B       1441      0.50000      0.18286      0.68286       3.34975686E+00
 B       1442      0.50000      0.18143      0.68143       3.35167646E+00
 B       1443      0.50000      0.18000      0.68000       3.35358509E+00
 B       1444      0.50000      0.17857      0.67857       3.35548135E+00
 B       1445      0.50000      0.17714      0.67714       3.35736387E+00
 B       1446      0.50000      0.17571      0.67571       3.35923522E+00
 B       1447      0.50000      0.17429      0.67429       3.36109272E+00
 B       1448      0.50000      0.17286      0.67286       3.36293892E+00
 B       1449      0.50000      0.17143      0.67143       3.36477117E+00
 B       1450      0.50000      0.17000      0.67000       3.36659198E+00
 B       1451      0.50000      0.16857      0.66857       3.36840001E+00
 B       1452      0.50000      0.16714      0.66714       3.37019394E+00
 B       1453      0.50000      0.16571      0.66571       3.37197624E+00
 B       1454      0.50000      0.16429      0.66429       3.37374434E+00
 B       1455      0.50000      0.16286      0.66286       3.37550067E+00
 B       1456      0.50000      0.16143      0.66143       3.37724272E+00
 B       1457      0.50000      0.16000      0.66000       3.37897286E+00
 B       1458      0.50000      0.15857      0.65857       3.38068982E+00
 B       1459      0.50000      0.15714      0.65714       3.38239236E+00
 B       1460      0.50000      0.15571      0.65571       3.38408280E+00
 B       1461      0.50000      0.15429      0.65429       3.38575872E+00
 B       1462      0.50000      0.15286      0.65286       3.38742242E+00
 B       1463      0.50000      0.15143      0.65143       3.38907152E+00
 B       1464      0.50000      0.15000      0.65000       3.39070826E+00
 B       1465      0.50000      0.14857      0.64857       3.39233144E+00
 B       1466      0.50000      0.14714      0.64714       3.39393988E+00
 B       1467      0.50000      0.14571      0.64571       3.39553579E+00
 B       1468      0.50000      0.14429      0.64429       3.39711687E+00
 B       1469      0.50000      0.14286      0.64286       3.39868529E+00
 B       1470      0.50000      0.14143      0.64143       3.40023880E+00
 B       1471      0.50000      0.14000      0.64000       3.40177953E+00
 B       1472      0.50000      0.13857      0.63857       3.40330633E+00
 B       1473      0.50000      0.13714      0.63714       3.40481811E+00
 B       1474      0.50000      0.13571      0.63571       3.40631692E+00
 B       1475      0.50000      0.13429      0.63429       3.40780062E+00
 B       1476      0.50000      0.13286      0.63286       3.40927124E+00
 B       1477      0.50000      0.13143      0.63143       3.41072668E+00
 B       1478      0.50000      0.13000      0.63000       3.41216891E+00
 B       1479      0.50000      0.12857      0.62857       3.41359688E+00
 B       1480      0.50000      0.12714      0.62714       3.41500954E+00
 B       1481      0.50000      0.12571      0.62571       3.41640884E+00
 B       1482      0.50000      0.12429      0.62429       3.41779276E+00
 B       1483      0.50000      0.12286      0.62286       3.41916320E+00
 B       1484      0.50000      0.12143      0.62143       3.42051819E+00
 B       1485      0.50000      0.12000      0.62000       3.42185959E+00
 B       1486      0.50000      0.11857      0.61857       3.42318640E+00
 B       1487      0.50000      0.11714      0.61714       3.42449765E+00
 B       1488      0.50000      0.11571      0.61571       3.42579515E+00
 B       1489      0.50000      0.11429      0.61429       3.42707703E+00
 B       1490      0.50000      0.11286      0.61286       3.42834505E+00
 B       1491      0.50000      0.11143      0.61143       3.42959738E+00
 B       1492      0.50000      0.11000      0.61000       3.43083575E+00
 B       1493      0.50000      0.10857      0.60857       3.43205922E+00
 B       1494      0.50000      0.10714      0.60714       3.43326691E+00
 B       1495      0.50000      0.10571      0.60571       3.43446048E+00
 B       1496      0.50000      0.10429      0.60429       3.43563822E+00
 B       1497      0.50000      0.10286      0.60286       3.43680172E+00
 B       1498      0.50000      0.10143      0.60143       3.43794933E+00
 B       1499      0.50000      0.10000      0.60000       3.43908262E+00
 B       1500      0.50000      0.09857      0.59857       3.44020074E+00
 B       1501      0.50000      0.09714      0.59714       3.44130287E+00
 B       1502      0.50000      0.09571      0.59571       3.44239054E+00
 B       1503      0.50000      0.09429      0.59429       3.44346217E+00
 B       1504      0.50000      0.09286      0.59286       3.44451924E+00
 B       1505      0.50000      0.09143      0.59143       3.44556022E+00
 B       1506      0.50000      0.09000      0.59000       3.44658655E+00
 B       1507      0.50000      0.08857      0.58857       3.44759745E+00
 B       1508      0.50000      0.08714      0.58714       3.44859219E+00
 B       1509      0.50000      0.08571      0.58571       3.44957214E+00
 B       1510      0.50000      0.08429      0.58429       3.45053589E+00
 B       1511      0.50000      0.08286      0.58286       3.45148475E+00
 B       1512      0.50000      0.08143      0.58143       3.45241738E+00
 B       1513      0.50000      0.08000      0.58000       3.45333503E+00
 B       1514      0.50000      0.07857      0.57857       3.45423702E+00
 B       1515      0.50000      0.07714      0.57714       3.45512271E+00
 B       1516      0.50000      0.07571      0.57571       3.45599330E+00
 B       1517      0.50000      0.07429      0.57429       3.45684754E+00
 B       1518      0.50000      0.07286      0.57286       3.45768661E+00
 B       1519      0.50000      0.07143      0.57143       3.45850930E+00
 B       1520      0.50000      0.07000      0.57000       3.45931674E+00
 B       1521      0.50000      0.06857      0.56857       3.46010831E+00
 B       1522      0.50000      0.06714      0.56714       3.46088345E+00
 B       1523      0.50000      0.06571      0.56571       3.46164321E+00
 B       1524      0.50000      0.06429      0.56429       3.46238652E+00
 B       1525      0.50000      0.06286      0.56286       3.46311438E+00
 B       1526      0.50000      0.06143      0.56143       3.46382575E+00
 B       1527      0.50000      0.06000      0.56000       3.46452161E+00
 B       1528      0.50000      0.05857      0.55857       3.46520141E+00
 B       1529      0.50000      0.05714      0.55714       3.46586469E+00
 B       1530      0.50000      0.05571      0.55571       3.46651235E+00
 B       1531      0.50000      0.05429      0.55429       3.46714346E+00
 B       1532      0.50000      0.05286      0.55286       3.46775888E+00
 B       1533      0.50000      0.05143      0.55143       3.46835773E+00
 B       1534      0.50000      0.05000      0.55000       3.46894082E+00
 B       1535      0.50000      0.04857      0.54857       3.46950772E+00
 B       1536      0.50000      0.04714      0.54714       3.47005801E+00
 B       1537      0.50000      0.04571      0.54571       3.47059246E+00
 B       1538      0.50000      0.04429      0.54429       3.47111030E+00
 B       1539      0.50000      0.04286      0.54286       3.47161223E+00
 B       1540      0.50000      0.04143      0.54143       3.47209753E+00
 B       1541      0.50000      0.04000      0.54000       3.47256688E+00
 B       1542      0.50000      0.03857      0.53857       3.47301989E+00
 B       1543      0.50000      0.03714      0.53714       3.47345627E+00
 B       1544      0.50000      0.03571      0.53571       3.47387660E+00
 B       1545      0.50000      0.03429      0.53429       3.47428028E+00
 B       1546      0.50000      0.03286      0.53286       3.47466787E+00
 B       1547      0.50000      0.03143      0.53143       3.47503880E+00
 B       1548      0.50000      0.03000      0.53000       3.47539359E+00
 B       1549      0.50000      0.02857      0.52857       3.47573196E+00
 B       1550      0.50000      0.02714      0.52714       3.47605367E+00
 B       1551      0.50000      0.02571      0.52571       3.47635916E+00
 B       1552      0.50000      0.02429      0.52429       3.47664800E+00
 B       1553      0.50000      0.02286      0.52286       3.47692058E+00
 B       1554      0.50000      0.02143      0.52143       3.47717651E+00
 B       1555      0.50000      0.02000      0.52000       3.47741614E+00
 B       1556      0.50000      0.01857      0.51857       3.47763927E+00
 B       1557      0.50000      0.01714      0.51714       3.47784577E+00
 B       1558      0.50000      0.01571      0.51571       3.47803590E+00
 B       1559      0.50000      0.01429      0.51429       3.47820940E+00
 B       1560      0.50000      0.01286      0.51286       3.47836651E+00
 B       1561      0.50000      0.01143      0.51143       3.47850700E+00
 B       1562      0.50000      0.01000      0.51000       3.47863106E+00
 B       1563      0.50000      0.00857      0.50857       3.47873858E+00
 B       1564      0.50000      0.00714      0.50714       3.47882950E+00
 B       1565      0.50000      0.00571      0.50571       3.47890395E+00
 B       1566      0.50000      0.00429      0.50429       3.47896182E+00
 B       1567      0.50000      0.00286      0.50286       3.47900318E+00
 B       1568      0.50000      0.00143      0.50143       3.47902798E+00
 B       1569      0.50000      0.00000      0.50000       3.47903626E+00
 
 N          1      0.00000      0.00000      0.00000       6.99460000E+00
 N          2      0.00143      0.00000      0.00143       6.99458580E+00
 N          3      0.00286      0.00000      0.00286       6.99454323E+00
 N          4      0.00430      0.00000      0.00430       6.99447224E+00
 N          5      0.00573      0.00000      0.00573       6.99437285E+00
 N          6      0.00716      0.00000      0.00716       6.99424516E+00
 N          7      0.00860      0.00000      0.00860       6.99408899E+00
 N          8      0.01003      0.00000      0.01003       6.99390443E+00
 N          9      0.01146      0.00000      0.01146       6.99369164E+00
 N         10      0.01289      0.00000      0.01289       6.99345032E+00
 N         11      0.01433      0.00000      0.01433       6.99318063E+00
 N         12      0.01576      0.00000      0.01576       6.99288278E+00
 N         13      0.01719      0.00000      0.01719       6.99255636E+00
 N         14      0.01862      0.00000      0.01862       6.99220158E+00
 N         15      0.02006      0.00000      0.02006       6.99181872E+00
 N         16      0.02149      0.00000      0.02149       6.99140726E+00
 N         17      0.02292      0.00000      0.02292       6.99096746E+00
 N         18      0.02436      0.00000      0.02436       6.99049968E+00
 N         19      0.02579      0.00000      0.02579       6.99000325E+00
 N         20      0.02722      0.00000      0.02722       6.98947852E+00
 N         21      0.02865      0.00000      0.02865       6.98892589E+00
 N         22      0.03009      0.00000      0.03009       6.98834459E+00
 N         23      0.03152      0.00000      0.03152       6.98773503E+00
 N         24      0.03295      0.00000      0.03295       6.98709766E+00
 N         25      0.03438      0.00000      0.03438       6.98643160E+00
 N         26      0.03582      0.00000      0.03582       6.98573731E+00
 N         27      0.03725      0.00000      0.03725       6.98501532E+00
 N         28      0.03868      0.00000      0.03868       6.98426463E+00
 N         29      0.04011      0.00000      0.04011       6.98348576E+00
 N         30      0.04155      0.00000      0.04155       6.98267928E+00
 N         31      0.04298      0.00000      0.04298       6.98184410E+00
 N         32      0.04441      0.00000      0.04441       6.98098078E+00
 N         33      0.04584      0.00000      0.04584       6.98008997E+00
 N         34      0.04728      0.00000      0.04728       6.97917045E+00
 N         35      0.04871      0.00000      0.04871       6.97822285E+00
 N         36      0.05014      0.00000      0.05014       6.97724788E+00
 N         37      0.05158      0.00000      0.05158       6.97624420E+00
 N         38      0.05301      0.00000      0.05301       6.97521250E+00
 N         39      0.05444      0.00000      0.05444       6.97415355E+00
 N         40      0.05587      0.00000      0.05587       6.97306589E+00
 N         41      0.05731      0.00000      0.05731       6.97195028E+00
 N         42      0.05874      0.00000      0.05874       6.97080755E+00
 N         43      0.06017      0.00000      0.06017       6.96963612E+00
 N         44      0.06161      0.00000      0.06161       6.96843681E+00
 N         45      0.06304      0.00000      0.06304       6.96721051E+00
 N         46      0.06447      0.00000      0.06447       6.96595553E+00
 N         47      0.06590      0.00000      0.06590       6.96467275E+00
 N         48      0.06734      0.00000      0.06734       6.96336311E+00
 N         49      0.06877      0.00000      0.06877       6.96202482E+00
 N         50      0.07020      0.00000      0.07020       6.96065880E+00
 N         51      0.07163      0.00000      0.07163       6.95926608E+00
 N         52      0.07307      0.00000      0.07307       6.95784472E+00
 N         53      0.07450      0.00000      0.07450       6.95639572E+00
 N         54      0.07593      0.00000      0.07593       6.95492016E+00
 N         55      0.07736      0.00000      0.07736       6.95341601E+00
 N         56      0.07880      0.00000      0.07880       6.95188431E+00
 N         57      0.08023      0.00000      0.08023       6.95032620E+00
 N         58      0.08166      0.00000      0.08166       6.94873952E+00
 N         59      0.08310      0.00000      0.08310       6.94712540E+00
 N         60      0.08453      0.00000      0.08453       6.94548503E+00
 N         61      0.08596      0.00000      0.08596       6.94381613E+00
 N         62      0.08739      0.00000      0.08739       6.94211989E+00
 N         63      0.08883      0.00000      0.08883       6.94039756E+00
 N         64      0.09026      0.00000      0.09026       6.93864676E+00
 N         65      0.09169      0.00000      0.09169       6.93686872E+00
 N         66      0.09312      0.00000      0.09312       6.93506474E+00
 N         67      0.09456      0.00000      0.09456       6.93323236E+00
 N         68      0.09599      0.00000      0.09599       6.93137285E+00
 N         69      0.09742      0.00000      0.09742       6.92948757E+00
 N         70      0.09885      0.00000      0.09885       6.92757395E+00
 N         71      0.10029      0.00000      0.10029       6.92563331E+00
 N         72      0.10172      0.00000      0.10172       6.92366709E+00
 N         73      0.10315      0.00000      0.10315       6.92167257E+00
 N         74      0.10458      0.00000      0.10458       6.91965117E+00
 N         75      0.10602      0.00000      0.10602       6.91760436E+00
 N         76      0.10745      0.00000      0.10745       6.91552933E+00
 N         77      0.10888      0.00000      0.10888       6.91342754E+00
 N         78      0.11031      0.00000      0.11031       6.91130053E+00
 N         79      0.11175      0.00000      0.11175       6.90914537E+00
 N         80      0.11318      0.00000      0.11318       6.90696358E+00
 N         81      0.11461      0.00000      0.11461       6.90475675E+00
 N         82      0.11605      0.00000      0.11605       6.90252186E+00
 N         83      0.11748      0.00000      0.11748       6.90026047E+00
 N         84      0.11891      0.00000      0.11891       6.89797424E+00
 N         85      0.12034      0.00000      0.12034       6.89566002E+00
 N         86      0.12178      0.00000      0.12178       6.89331945E+00
 N         87      0.12321      0.00000      0.12321       6.89095424E+00
 N         88      0.12464      0.00000      0.12464       6.88856113E+00
 N         89      0.12607      0.00000      0.12607       6.88614352E+00
 N         90      0.12751      0.00000      0.12751       6.88369806E+00
 N         91      0.12894      0.00000      0.12894       6.88122650E+00
 N         92      0.13037      0.00000      0.13037       6.87873063E+00
 N         93      0.13181      0.00000      0.13181       6.87620702E+00
 N         94      0.13324      0.00000      0.13324       6.87365746E+00
 N         95      0.13467      0.00000      0.13467       6.87108381E+00
 N         96      0.13610      0.00000      0.13610       6.86848251E+00
 N         97      0.13754      0.00000      0.13754       6.86585542E+00
 N         98      0.13897      0.00000      0.13897       6.86320444E+00
 N         99      0.14040      0.00000      0.14040       6.86052594E+00
 N        100      0.14183      0.00000      0.14183       6.85782179E+00
 N        101      0.14327      0.00000      0.14327       6.85509398E+00
 N        102      0.14470      0.00000      0.14470       6.85233876E+00
 N        103      0.14613      0.00000      0.14613       6.84955806E+00
 N        104      0.14756      0.00000      0.14756       6.84675391E+00
 N        105      0.14900      0.00000      0.14900       6.84392246E+00
 N        106      0.15043      0.00000      0.15043       6.84106572E+00
 N        107      0.15186      0.00000      0.15186       6.83818575E+00
 N        108      0.15329      0.00000      0.15329       6.83527859E+00
 N        109      0.15473      0.00000      0.15473       6.83234632E+00
 N        110      0.15616      0.00000      0.15616       6.82939105E+00
 N        111      0.15759      0.00000      0.15759       6.82640872E+00
 N        112      0.15903      0.00000      0.15903       6.82340144E+00
 N        113      0.16046      0.00000      0.16046       6.82037141E+00
 N        114      0.16189      0.00000      0.16189       6.81731444E+00
 N        115      0.16332      0.00000      0.16332       6.81423272E+00
 N        116      0.16476      0.00000      0.16476       6.81112847E+00
 N        117      0.16619      0.00000      0.16619       6.80799742E+00
 N        118      0.16762      0.00000      0.16762       6.80484180E+00
 N        119      0.16905      0.00000      0.16905       6.80166389E+00
 N        120      0.17049      0.00000      0.17049       6.79845933E+00
 N        121      0.17192      0.00000      0.17192       6.79523038E+00
 N        122      0.17335      0.00000      0.17335       6.79197939E+00
 N        123      0.17478      0.00000      0.17478       6.78870188E+00
 N        124      0.17622      0.00000      0.17622       6.78540019E+00
 N        125      0.17765      0.00000      0.17765       6.78207670E+00
 N        126      0.17908      0.00000      0.17908       6.77872684E+00
 N        127      0.18052      0.00000      0.18052       6.77535300E+00
 N        128      0.18195      0.00000      0.18195       6.77195761E+00
 N        129      0.18338      0.00000      0.18338       6.76853600E+00
 N        130      0.18481      0.00000      0.18481       6.76509060E+00
 N        131      0.18625      0.00000      0.18625       6.76162391E+00
 N        132      0.18768      0.00000      0.18768       6.75813116E+00
 N        133      0.18911      0.00000      0.18911       6.75461483E+00
 N        134      0.19054      0.00000      0.19054       6.75107746E+00
 N        135      0.19198      0.00000      0.19198       6.74751419E+00
 N        136      0.19341      0.00000      0.19341       6.74392755E+00
 N        137      0.19484      0.00000      0.19484       6.74032014E+00
 N        138      0.19628      0.00000      0.19628       6.73668698E+00
 N        139      0.19771      0.00000      0.19771       6.73303067E+00
 N        140      0.19914      0.00000      0.19914       6.72935385E+00
 N        141      0.20057      0.00000      0.20057       6.72565145E+00
 N        142      0.20201      0.00000      0.20201       6.72192611E+00
 N        143      0.20344      0.00000      0.20344       6.71818053E+00
 N        144      0.20487      0.00000      0.20487       6.71440954E+00
 N        145      0.20630      0.00000      0.20630       6.71061584E+00
 N        146      0.20774      0.00000      0.20774       6.70680215E+00
 N        147      0.20917      0.00000      0.20917       6.70296324E+00
 N        148      0.21060      0.00000      0.21060       6.69910184E+00
 N        149      0.21203      0.00000      0.21203       6.69522073E+00
 N        150      0.21347      0.00000      0.21347       6.69131457E+00
 N        151      0.21490      0.00000      0.21490       6.68738614E+00
 N        152      0.21633      0.00000      0.21633       6.68343828E+00
 N        153      0.21776      0.00000      0.21776       6.67946556E+00
 N        154      0.21920      0.00000      0.21920       6.67547079E+00
 N        155      0.22063      0.00000      0.22063       6.67145688E+00
 N        156      0.22206      0.00000      0.22206       6.66741828E+00
 N        157      0.22350      0.00000      0.22350       6.66335787E+00
 N        158      0.22493      0.00000      0.22493       6.65927860E+00
 N        159      0.22636      0.00000      0.22636       6.65517483E+00
 N        160      0.22779      0.00000      0.22779       6.65104949E+00
 N        161      0.22923      0.00000      0.22923       6.64690556E+00
 N        162      0.23066      0.00000      0.23066       6.64273734E+00
 N        163      0.23209      0.00000      0.23209       6.63854778E+00
 N        164      0.23352      0.00000      0.23352       6.63433992E+00
 N        165      0.23496      0.00000      0.23496       6.63010795E+00
 N        166      0.23639      0.00000      0.23639       6.62585490E+00
 N        167      0.23782      0.00000      0.23782       6.62158383E+00
 N        168      0.23925      0.00000      0.23925       6.61728885E+00
 N        169      0.24069      0.00000      0.24069       6.61297303E+00
 N        170      0.24212      0.00000      0.24212       6.60863948E+00
 N        171      0.24355      0.00000      0.24355       6.60428224E+00
 N        172      0.24499      0.00000      0.24499       6.59990439E+00
 N        173      0.24642      0.00000      0.24642       6.59550911E+00
 N        174      0.24785      0.00000      0.24785       6.59109034E+00
 N        175      0.24928      0.00000      0.24928       6.58665121E+00
 N        176      0.25072      0.00000      0.25072       6.58219495E+00
 N        177      0.25215      0.00000      0.25215       6.57771540E+00
 N        178      0.25358      0.00000      0.25358       6.57321576E+00
 N        179      0.25501      0.00000      0.25501       6.56869926E+00
 N        180      0.25645      0.00000      0.25645       6.56415970E+00
 N        181      0.25788      0.00000      0.25788       6.55960029E+00
 N        182      0.25931      0.00000      0.25931       6.55502434E+00
 N        183      0.26075      0.00000      0.26075       6.55042553E+00
 N        184      0.26218      0.00000      0.26218       6.54580714E+00
 N        185      0.26361      0.00000      0.26361       6.54117249E+00
 N        186      0.26504      0.00000      0.26504       6.53651521E+00
 N        187      0.26648      0.00000      0.26648       6.53183860E+00
 N        188      0.26791      0.00000      0.26791       6.52714604E+00
 N        189      0.26934      0.00000      0.26934       6.52243107E+00
 N        190      0.27077      0.00000      0.27077       6.51769703E+00
 N        191      0.27221      0.00000      0.27221       6.51294735E+00
 N        192      0.27364      0.00000      0.27364       6.50817547E+00
 N        193      0.27507      0.00000      0.27507       6.50338480E+00
 N        194      0.27650      0.00000      0.27650       6.49857878E+00
 N        195      0.27794      0.00000      0.27794       6.49375079E+00
 N        196      0.27937      0.00000      0.27937       6.48890427E+00
 N        197      0.28080      0.00000      0.28080       6.48404271E+00
 N        198      0.28224      0.00000      0.28224       6.47915942E+00
 N        199      0.28367      0.00000      0.28367       6.47425786E+00
 N        200      0.28510      0.00000      0.28510       6.46934157E+00
 N        201      0.28653      0.00000      0.28653       6.46440377E+00
 N        202      0.28797      0.00000      0.28797       6.45944797E+00
 N        203      0.28940      0.00000      0.28940       6.45447776E+00
 N        204      0.29083      0.00000      0.29083       6.44948627E+00
 N        205      0.29226      0.00000      0.29226       6.44447705E+00
 N        206      0.29370      0.00000      0.29370       6.43945373E+00
 N        207      0.29513      0.00000      0.29513       6.43440936E+00
 N        208      0.29656      0.00000      0.29656       6.42934754E+00
 N        209      0.29799      0.00000      0.29799       6.42427192E+00
 N        210      0.29943      0.00000      0.29943       6.41917550E+00
 N        211      0.30086      0.00000      0.30086       6.41406191E+00
 N        212      0.30229      0.00000      0.30229       6.40893482E+00
 N        213      0.30373      0.00000      0.30373       6.40378717E+00
 N        214      0.30516      0.00000      0.30516       6.39862262E+00
 N        215      0.30659      0.00000      0.30659       6.39344490E+00
 N        216      0.30802      0.00000      0.30802       6.38824685E+00
 N        217      0.30946      0.00000      0.30946       6.38303219E+00
 N        218      0.31089      0.00000      0.31089       6.37780465E+00
 N        219      0.31232      0.00000      0.31232       6.37255704E+00
 N        220      0.31375      0.00000      0.31375       6.36729310E+00
 N        221      0.31519      0.00000      0.31519       6.36201660E+00
 N        222      0.31662      0.00000      0.31662       6.35672026E+00
 N        223      0.31805      0.00000      0.31805       6.35140787E+00
 N        224      0.31948      0.00000      0.31948       6.34608324E+00
 N        225      0.32092      0.00000      0.32092       6.34073903E+00
 N        226      0.32235      0.00000      0.32235       6.33537904E+00
 N        227      0.32378      0.00000      0.32378       6.33000712E+00
 N        228      0.32521      0.00000      0.32521       6.32461587E+00
 N        229      0.32665      0.00000      0.32665       6.31920913E+00
 N        230      0.32808      0.00000      0.32808       6.31379078E+00
 N        231      0.32951      0.00000      0.32951       6.30835334E+00
 N        232      0.33095      0.00000      0.33095       6.30290070E+00
 N        233      0.33238      0.00000      0.33238       6.29743676E+00
 N        234      0.33381      0.00000      0.33381       6.29195399E+00
 N        235      0.33524      0.00000      0.33524       6.28645629E+00
 N        236      0.33668      0.00000      0.33668       6.28094762E+00
 N        237      0.33811      0.00000      0.33811       6.27542037E+00
 N        238      0.33954      0.00000      0.33954       6.26987848E+00
 N        239      0.34097      0.00000      0.34097       6.26432593E+00
 N        240      0.34241      0.00000      0.34241       6.25875506E+00
 N        241      0.34384      0.00000      0.34384       6.25316983E+00
 N        242      0.34527      0.00000      0.34527       6.24757426E+00
 N        243      0.34670      0.00000      0.34670       6.24196063E+00
 N        244      0.34814      0.00000      0.34814       6.23633293E+00
 N        245      0.34957      0.00000      0.34957       6.23069519E+00
 N        246      0.35100      0.00000      0.35100       6.22503966E+00
 N        247      0.35244      0.00000      0.35244       6.21937034E+00
 N        248      0.35387      0.00000      0.35387       6.21369131E+00
 N        249      0.35530      0.00000      0.35530       6.20799473E+00
 N        250      0.35673      0.00000      0.35673       6.20228466E+00
 N        251      0.35817      0.00000      0.35817       6.19656520E+00
 N        252      0.35960      0.00000      0.35960       6.19082844E+00
 N        253      0.36103      0.00000      0.36103       6.18507849E+00
 N        254      0.36246      0.00000      0.36246       6.17931945E+00
 N        255      0.36390      0.00000      0.36390       6.17354338E+00
 N        256      0.36533      0.00000      0.36533       6.16775440E+00
 N        257      0.36676      0.00000      0.36676       6.16195666E+00
 N        258      0.36819      0.00000      0.36819       6.15614215E+00
 N        259      0.36963      0.00000      0.36963       6.15031502E+00
 N        260      0.37106      0.00000      0.37106       6.14447943E+00
 N        261      0.37249      0.00000      0.37249       6.13862734E+00
 N        262      0.37393      0.00000      0.37393       6.13276292E+00
 N        263      0.37536      0.00000      0.37536       6.12689036E+00
 N        264      0.37679      0.00000      0.37679       6.12100156E+00
 N        265      0.37822      0.00000      0.37822       6.11510484E+00
 N        266      0.37966      0.00000      0.37966       6.10919205E+00
 N        267      0.38109      0.00000      0.38109       6.10326741E+00
 N        268      0.38252      0.00000      0.38252       6.09733516E+00
 N        269      0.38395      0.00000      0.38395       6.09138710E+00
 N        270      0.38539      0.00000      0.38539       6.08542748E+00
 N        271      0.38682      0.00000      0.38682       6.07946057E+00
 N        272      0.38825      0.00000      0.38825       6.07347812E+00
 N        273      0.38969      0.00000      0.38969       6.06748439E+00
 N        274      0.39112      0.00000      0.39112       6.06148367E+00
 N        275      0.39255      0.00000      0.39255       6.05546769E+00
 N        276      0.39398      0.00000      0.39398       6.04944072E+00
 N        277      0.39542      0.00000      0.39542       6.04340707E+00
 N        278      0.39685      0.00000      0.39685       6.03735842E+00
 N        279      0.39828      0.00000      0.39828       6.03129907E+00
 N        280      0.39971      0.00000      0.39971       6.02523336E+00
 N        281      0.40115      0.00000      0.40115       6.01915291E+00
 N        282      0.40258      0.00000      0.40258       6.01306204E+00
 N        283      0.40401      0.00000      0.40401       6.00696513E+00
 N        284      0.40544      0.00000      0.40544       6.00085374E+00
 N        285      0.40688      0.00000      0.40688       5.99473222E+00
 N        286      0.40831      0.00000      0.40831       5.98860497E+00
 N        287      0.40974      0.00000      0.40974       5.98246350E+00
 N        288      0.41118      0.00000      0.41118       5.97631220E+00
 N        289      0.41261      0.00000      0.41261       5.97015546E+00
 N        290      0.41404      0.00000      0.41404       5.96398478E+00
 N        291      0.41547      0.00000      0.41547       5.95780455E+00
 N        292      0.41691      0.00000      0.41691       5.95161919E+00
 N        293      0.41834      0.00000      0.41834       5.94542015E+00
 N        294      0.41977      0.00000      0.41977       5.93921185E+00
 N        295      0.42120      0.00000      0.42120       5.93299873E+00
 N        296      0.42264      0.00000      0.42264       5.92677219E+00
 N        297      0.42407      0.00000      0.42407       5.92053668E+00
 N        298      0.42550      0.00000      0.42550       5.91429664E+00
 N        299      0.42693      0.00000      0.42693       5.90804346E+00
 N        300      0.42837      0.00000      0.42837       5.90178158E+00
 N        301      0.42980      0.00000      0.42980       5.89551549E+00
 N        302      0.43123      0.00000      0.43123       5.88923651E+00
 N        303      0.43267      0.00000      0.43267       5.88294913E+00
 N        304      0.43410      0.00000      0.43410       5.87665782E+00
 N        305      0.43553      0.00000      0.43553       5.87035391E+00
 N        306      0.43696      0.00000      0.43696       5.86404186E+00
 N        307      0.43839      0.00000      0.43839       5.85772619E+00
 N        308      0.43983      0.00000      0.43983       5.85139818E+00
 N        309      0.44126      0.00000      0.44126       5.84506232E+00
 N        310      0.44269      0.00000      0.44269       5.83872313E+00
 N        311      0.44413      0.00000      0.44413       5.83237186E+00
 N        312      0.44556      0.00000      0.44556       5.82601303E+00
 N        313      0.44699      0.00000      0.44699       5.81965116E+00
 N        314      0.44842      0.00000      0.44842       5.81327748E+00
 N        315      0.44986      0.00000      0.44986       5.80689651E+00
 N        316      0.45129      0.00000      0.45129       5.80051280E+00
 N        317      0.45272      0.00000      0.45272       5.79411754E+00
 N        318      0.45415      0.00000      0.45415       5.78771527E+00
 N        319      0.45559      0.00000      0.45559       5.78131055E+00
 N        320      0.45702      0.00000      0.45702       5.77489455E+00
 N        321      0.45845      0.00000      0.45845       5.76847181E+00
 N        322      0.45988      0.00000      0.45988       5.76204691E+00
 N        323      0.46132      0.00000      0.46132       5.75561099E+00
 N        324      0.46275      0.00000      0.46275       5.74916861E+00
 N        325      0.46418      0.00000      0.46418       5.74272436E+00
 N        326      0.46562      0.00000      0.46562       5.73626934E+00
 N        327      0.46705      0.00000      0.46705       5.72980814E+00
 N        328      0.46848      0.00000      0.46848       5.72334536E+00
 N        329      0.46991      0.00000      0.46991       5.71687208E+00
 N        330      0.47135      0.00000      0.47135       5.71039287E+00
 N        331      0.47278      0.00000      0.47278       5.70391238E+00
 N        332      0.47421      0.00000      0.47421       5.69742164E+00
 N        333      0.47564      0.00000      0.47564       5.69092525E+00
 N        334      0.47708      0.00000      0.47708       5.68442785E+00
 N        335      0.47851      0.00000      0.47851       5.67792046E+00
 N        336      0.47994      0.00000      0.47994       5.67140770E+00
 N        337      0.48137      0.00000      0.48137       5.66489421E+00
 N        338      0.48281      0.00000      0.48281       5.65837098E+00
 N        339      0.48424      0.00000      0.48424       5.65184264E+00
 N        340      0.48567      0.00000      0.48567       5.64531386E+00
 N        341      0.48711      0.00000      0.48711       5.63877559E+00
 N        342      0.48854      0.00000      0.48854       5.63223248E+00
 N        343      0.48997      0.00000      0.48997       5.62568920E+00
 N        344      0.49140      0.00000      0.49140       5.61913669E+00
 N        345      0.49284      0.00000      0.49284       5.61257961E+00
 N        346      0.49427      0.00000      0.49427       5.60602262E+00
 N        347      0.49570      0.00000      0.49570       5.59945666E+00
 N        348      0.49713      0.00000      0.49713       5.59288639E+00
 N        349      0.49857      0.00000      0.49857       5.58631649E+00
 N        350      0.50000      0.00000      0.50000       5.57973786E+00
 N        351      0.50101      0.00202      0.50101       5.57972853E+00
 N        352      0.50202      0.00403      0.50202       5.57970054E+00
 N        353      0.50302      0.00605      0.50302       5.57965388E+00
 N        354      0.50403      0.00806      0.50403       5.57959081E+00
 N        355      0.50504      0.01008      0.50504       5.57950682E+00
 N        356      0.50605      0.01210      0.50605       5.57940417E+00
 N        357      0.50706      0.01411      0.50706       5.57928286E+00
 N        358      0.50806      0.01613      0.50806       5.57913831E+00
 N        359      0.50907      0.01815      0.50907       5.57897969E+00
 N        360      0.51008      0.02016      0.51008       5.57880242E+00
 N        361      0.51109      0.02218      0.51109       5.57860651E+00
 N        362      0.51210      0.02419      0.51210       5.57839414E+00
 N        363      0.51311      0.02621      0.51311       5.57816094E+00
 N        364      0.51411      0.02823      0.51411       5.57790910E+00
 N        365      0.51512      0.03024      0.51512       5.57763864E+00
 N        366      0.51613      0.03226      0.51613       5.57734955E+00
 N        367      0.51714      0.03427      0.51714       5.57704184E+00
 N        368      0.51814      0.03629      0.51814       5.57671552E+00
 N        369      0.51915      0.03831      0.51915       5.57637060E+00
 N        370      0.52016      0.04032      0.52016       5.57600918E+00
 N        371      0.52117      0.04234      0.52117       5.57562706E+00
 N        372      0.52218      0.04435      0.52218       5.57522634E+00
 N        373      0.52319      0.04637      0.52319       5.57480705E+00
 N        374      0.52419      0.04839      0.52419       5.57436461E+00
 N        375      0.52520      0.05040      0.52520       5.57390819E+00
 N        376      0.52621      0.05242      0.52621       5.57343322E+00
 N        377      0.52722      0.05443      0.52722       5.57293970E+00
 N        378      0.52823      0.05645      0.52823       5.57242969E+00
 N        379      0.52923      0.05847      0.52923       5.57189910E+00
 N        380      0.53024      0.06048      0.53024       5.57135000E+00
 N        381      0.53125      0.06250      0.53125       5.57078240E+00
 N        382      0.53226      0.06452      0.53226       5.57019631E+00
 N        383      0.53327      0.06653      0.53327       5.56959173E+00
 N        384      0.53427      0.06855      0.53427       5.56896869E+00
 N        385      0.53528      0.07057      0.53528       5.56832915E+00
 N        386      0.53629      0.07258      0.53629       5.56766919E+00
 N        387      0.53730      0.07460      0.53730       5.56699080E+00
 N        388      0.53831      0.07661      0.53831       5.56629399E+00
 N        389      0.53931      0.07863      0.53931       5.56557420E+00
 N        390      0.54032      0.08064      0.54032       5.56484058E+00
 N        391      0.54133      0.08266      0.54133       5.56408859E+00
 N        392      0.54234      0.08468      0.54234       5.56331823E+00
 N        393      0.54335      0.08669      0.54335       5.56253141E+00
 N        394      0.54436      0.08871      0.54436       5.56172436E+00
 N        395      0.54536      0.09073      0.54536       5.56089899E+00
 N        396      0.54637      0.09274      0.54637       5.56005531E+00
 N        397      0.54738      0.09476      0.54738       5.55919335E+00
 N        398      0.54839      0.09677      0.54839       5.55831311E+00
 N        399      0.54939      0.09879      0.54939       5.55741462E+00
 N        400      0.55040      0.10081      0.55040       5.55649789E+00
 N        401      0.55141      0.10282      0.55141       5.55556474E+00
 N        402      0.55242      0.10484      0.55242       5.55461158E+00
 N        403      0.55343      0.10686      0.55343       5.55364023E+00
 N        404      0.55444      0.10887      0.55444       5.55265071E+00
 N        405      0.55544      0.11089      0.55544       5.55163850E+00
 N        406      0.55645      0.11290      0.55645       5.55061271E+00
 N        407      0.55746      0.11492      0.55746       5.54956881E+00
 N        408      0.55847      0.11693      0.55847       5.54850682E+00
 N        409      0.55948      0.11895      0.55948       5.54742849E+00
 N        410      0.56048      0.12097      0.56048       5.54633038E+00
 N        411      0.56149      0.12298      0.56149       5.54521423E+00
 N        412      0.56250      0.12500      0.56250       5.54408008E+00
 N        413      0.56351      0.12702      0.56351       5.54292794E+00
 N        414      0.56452      0.12903      0.56452       5.54175784E+00
 N        415      0.56552      0.13105      0.56552       5.54056980E+00
 N        416      0.56653      0.13306      0.56653       5.53936550E+00
 N        417      0.56754      0.13508      0.56754       5.53814163E+00
 N        418      0.56855      0.13710      0.56855       5.53689989E+00
 N        419      0.56956      0.13911      0.56956       5.53564030E+00
 N        420      0.57056      0.14113      0.57056       5.53435836E+00
 N        421      0.57157      0.14314      0.57157       5.53306315E+00
 N        422      0.57258      0.14516      0.57258       5.53175015E+00
 N        423      0.57359      0.14718      0.57359       5.53041940E+00
 N        424      0.57460      0.14919      0.57460       5.52907251E+00
 N        425      0.57561      0.15121      0.57561       5.52770632E+00
 N        426      0.57661      0.15323      0.57661       5.52632246E+00
 N        427      0.57762      0.15524      0.57762       5.52492094E+00
 N        428      0.57863      0.15726      0.57863       5.52350180E+00
 N        429      0.57964      0.15927      0.57964       5.52206507E+00
 N        430      0.58064      0.16129      0.58064       5.52061076E+00
 N        431      0.58165      0.16331      0.58165       5.51913891E+00
 N        432      0.58266      0.16532      0.58266       5.51765104E+00
 N        433      0.58367      0.16734      0.58367       5.51614418E+00
 N        434      0.58468      0.16936      0.58468       5.51461985E+00
 N        435      0.58569      0.17137      0.58569       5.51307809E+00
 N        436      0.58669      0.17339      0.58669       5.51151445E+00
 N        437      0.58770      0.17540      0.58770       5.50993791E+00
 N        438      0.58871      0.17742      0.58871       5.50834404E+00
 N        439      0.58972      0.17944      0.58972       5.50673285E+00
 N        440      0.59073      0.18145      0.59073       5.50510580E+00
 N        441      0.59173      0.18347      0.59173       5.50346007E+00
 N        442      0.59274      0.18548      0.59274       5.50179711E+00
 N        443      0.59375      0.18750      0.59375       5.50011695E+00
 N        444      0.59476      0.18952      0.59476       5.49841964E+00
 N        445      0.59577      0.19153      0.59577       5.49670520E+00
 N        446      0.59677      0.19355      0.59677       5.49497366E+00
 N        447      0.59778      0.19556      0.59778       5.49322641E+00
 N        448      0.59879      0.19758      0.59879       5.49146076E+00
 N        449      0.59980      0.19960      0.59980       5.48967811E+00
 N        450      0.60081      0.20161      0.60081       5.48787850E+00
 N        451      0.60181      0.20363      0.60181       5.48605750E+00
 N        452      0.60282      0.20564      0.60282       5.48422406E+00
 N        453      0.60383      0.20766      0.60383       5.48237374E+00
 N        454      0.60484      0.20968      0.60484       5.48050660E+00
 N        455      0.60585      0.21169      0.60585       5.47862394E+00
 N        456      0.60686      0.21371      0.60686       5.47672322E+00
 N        457      0.60786      0.21573      0.60786       5.47480578E+00
 N        458      0.60887      0.21774      0.60887       5.47287165E+00
 N        459      0.60988      0.21976      0.60988       5.47092086E+00
 N        460      0.61089      0.22177      0.61089       5.46895345E+00
 N        461      0.61189      0.22379      0.61189       5.46696945E+00
 N        462      0.61290      0.22581      0.61290       5.46496891E+00
 N        463      0.61391      0.22782      0.61391       5.46295305E+00
 N        464      0.61492      0.22984      0.61492       5.46091952E+00
 N        465      0.61593      0.23186      0.61593       5.45886954E+00
 N        466      0.61694      0.23387      0.61694       5.45680317E+00
 N        467      0.61794      0.23589      0.61794       5.45471603E+00
 N        468      0.61895      0.23790      0.61895       5.45261698E+00
 N        469      0.61996      0.23992      0.61996       5.45050163E+00
 N        470      0.62097      0.24194      0.62097       5.44837005E+00
 N        471      0.62198      0.24395      0.62198       5.44622337E+00
 N        472      0.62298      0.24597      0.62298       5.44405940E+00
 N        473      0.62399      0.24798      0.62399       5.44187930E+00
 N        474      0.62500      0.25000      0.62500       5.43968311E+00
 N        475      0.37500      0.37500      0.75000       5.43968311E+00
 N        476      0.37399      0.37399      0.74797       5.44633071E+00
 N        477      0.37297      0.37297      0.74595       5.45297596E+00
 N        478      0.37196      0.37196      0.74392       5.45961878E+00
 N        479      0.37095      0.37095      0.74189       5.46625908E+00
 N        480      0.36993      0.36993      0.73986       5.47289678E+00
 N        481      0.36892      0.36892      0.73784       5.47953181E+00
 N        482      0.36790      0.36790      0.73581       5.48616407E+00
 N        483      0.36689      0.36689      0.73378       5.49279349E+00
 N        484      0.36588      0.36588      0.73176       5.49941997E+00
 N        485      0.36486      0.36486      0.72973       5.50604344E+00
 N        486      0.36385      0.36385      0.72770       5.51266382E+00
 N        487      0.36284      0.36284      0.72568       5.51928101E+00
 N        488      0.36182      0.36182      0.72365       5.52589493E+00
 N        489      0.36081      0.36081      0.72162       5.53250550E+00
 N        490      0.35980      0.35980      0.71959       5.53911264E+00
 N        491      0.35878      0.35878      0.71757       5.54571626E+00
 N        492      0.35777      0.35777      0.71554       5.55231626E+00
 N        493      0.35676      0.35676      0.71351       5.55891258E+00
 N        494      0.35574      0.35574      0.71149       5.56550837E+00
 N        495      0.35473      0.35473      0.70946       5.57209704E+00
 N        496      0.35372      0.35372      0.70743       5.57868176E+00
 N        497      0.35270      0.35270      0.70540       5.58526245E+00
 N        498      0.35169      0.35169      0.70338       5.59183901E+00
 N        499      0.35068      0.35068      0.70135       5.59841135E+00
 N        500      0.34966      0.34966      0.69932       5.60497941E+00
 N        501      0.34865      0.34865      0.69730       5.61154307E+00
 N        502      0.34764      0.34764      0.69527       5.61810227E+00
 N        503      0.34662      0.34662      0.69324       5.62465690E+00
 N        504      0.34561      0.34561      0.69122       5.63120689E+00
 N        505      0.34459      0.34459      0.68919       5.63775213E+00
 N        506      0.34358      0.34358      0.68716       5.64429256E+00
 N        507      0.34257      0.34257      0.68514       5.65082807E+00
 N        508      0.34155      0.34155      0.68311       5.65735858E+00
 N        509      0.34054      0.34054      0.68108       5.66388400E+00
 N        510      0.33953      0.33953      0.67905       5.67040424E+00
 N        511      0.33851      0.33851      0.67703       5.67691920E+00
 N        512      0.33750      0.33750      0.67500       5.68342881E+00
 N        513      0.33649      0.33649      0.67297       5.68993298E+00
 N        514      0.33547      0.33547      0.67095       5.69643160E+00
 N        515      0.33446      0.33446      0.66892       5.70292459E+00
 N        516      0.33345      0.33345      0.66689       5.70941187E+00
 N        517      0.33243      0.33243      0.66487       5.71589334E+00
 N        518      0.33142      0.33142      0.66284       5.72236891E+00
 N        519      0.33041      0.33041      0.66081       5.72883848E+00
 N        520      0.32939      0.32939      0.65878       5.73530198E+00
 N        521      0.32838      0.32838      0.65676       5.74175931E+00
 N        522      0.32737      0.32737      0.65473       5.74821037E+00
 N        523      0.32635      0.32635      0.65270       5.75465507E+00
 N        524      0.32534      0.32534      0.65068       5.76109333E+00
 N        525      0.32432      0.32432      0.64865       5.76752506E+00
 N        526      0.32331      0.32331      0.64662       5.77395015E+00
 N        527      0.32230      0.32230      0.64460       5.78036852E+00
 N        528      0.32128      0.32128      0.64257       5.78678008E+00
 N        529      0.32027      0.32027      0.64054       5.79318473E+00
 N        530      0.31926      0.31926      0.63851       5.79958238E+00
 N        531      0.31824      0.31824      0.63649       5.80597609E+00
 N        532      0.31723      0.31723      0.63446       5.81235947E+00
 N        533      0.31622      0.31622      0.63243       5.81873556E+00
 N        534      0.31520      0.31520      0.63040       5.82510429E+00
 N        535      0.31419      0.31419      0.62838       5.83146556E+00
 N        536      0.31318      0.31318      0.62635       5.83781926E+00
 N        537      0.31216      0.31216      0.62432       5.84416532E+00
 N        538      0.31115      0.31115      0.62230       5.85050363E+00
 N        539      0.31013      0.31013      0.62027       5.85683411E+00
 N        540      0.30912      0.30912      0.61824       5.86315666E+00
 N        541      0.30811      0.30811      0.61622       5.86947118E+00
 N        542      0.30710      0.30710      0.61419       5.87577758E+00
 N        543      0.30608      0.30608      0.61216       5.88207578E+00
 N        544      0.30507      0.30507      0.61013       5.88836566E+00
 N        545      0.30405      0.30405      0.60811       5.89464714E+00
 N        546      0.30304      0.30304      0.60608       5.90092013E+00
 N        547      0.30203      0.30203      0.60405       5.90718453E+00
 N        548      0.30101      0.30101      0.60203       5.91344024E+00
 N        549      0.30000      0.30000      0.60000       5.91968717E+00
 N        550      0.29899      0.29899      0.59797       5.92592523E+00
 N        551      0.29797      0.29797      0.59595       5.93215432E+00
 N        552      0.29696      0.29696      0.59392       5.93837434E+00
 N        553      0.29595      0.29595      0.59189       5.94458520E+00
 N        554      0.29493      0.29493      0.58986       5.95078681E+00
 N        555      0.29392      0.29392      0.58784       5.95697907E+00
 N        556      0.29291      0.29291      0.58581       5.96316188E+00
 N        557      0.29189      0.29189      0.58378       5.96933516E+00
 N        558      0.29088      0.29088      0.58176       5.97549879E+00
 N        559      0.28986      0.28986      0.57973       5.98165270E+00
 N        560      0.28885      0.28885      0.57770       5.98779677E+00
 N        561      0.28784      0.28784      0.57568       5.99393093E+00
 N        562      0.28682      0.28682      0.57365       6.00005506E+00
 N        563      0.28581      0.28581      0.57162       6.00616908E+00
 N        564      0.28480      0.28480      0.56959       6.01227289E+00
 N        565      0.28378      0.28378      0.56757       6.01836639E+00
 N        566      0.28277      0.28277      0.56554       6.02444949E+00
 N        567      0.28176      0.28176      0.56351       6.03052209E+00
 N        568      0.28074      0.28074      0.56149       6.03658708E+00
 N        569      0.27973      0.27973      0.55946       6.04263839E+00
 N        570      0.27872      0.27872      0.55743       6.04867890E+00
 N        571      0.27770      0.27770      0.55541       6.05470854E+00
 N        572      0.27669      0.27669      0.55338       6.06072720E+00
 N        573      0.27568      0.27568      0.55135       6.06673478E+00
 N        574      0.27466      0.27466      0.54932       6.07273118E+00
 N        575      0.27365      0.27365      0.54730       6.07871632E+00
 N        576      0.27264      0.27264      0.54527       6.08469009E+00
 N        577      0.27162      0.27162      0.54324       6.09065241E+00
 N        578      0.27061      0.27061      0.54122       6.09660316E+00
 N        579      0.26959      0.26959      0.53919       6.10254226E+00
 N        580      0.26858      0.26858      0.53716       6.10846960E+00
 N        581      0.26757      0.26757      0.53514       6.11438510E+00
 N        582      0.26655      0.26655      0.53311       6.12028866E+00
 N        583      0.26554      0.26554      0.53108       6.12618017E+00
 N        584      0.26453      0.26453      0.52905       6.13205955E+00
 N        585      0.26351      0.26351      0.52703       6.13792669E+00
 N        586      0.26250      0.26250      0.52500       6.14378151E+00
 N        587      0.26149      0.26149      0.52297       6.14962390E+00
 N        588      0.26047      0.26047      0.52095       6.15545376E+00
 N        589      0.25946      0.25946      0.51892       6.16127101E+00
 N        590      0.25845      0.25845      0.51689       6.16707554E+00
 N        591      0.25743      0.25743      0.51487       6.17286725E+00
 N        592      0.25642      0.25642      0.51284       6.17864606E+00
 N        593      0.25540      0.25540      0.51081       6.18441187E+00
 N        594      0.25439      0.25439      0.50878       6.19016457E+00
 N        595      0.25338      0.25338      0.50676       6.19590408E+00
 N        596      0.25237      0.25237      0.50473       6.20163029E+00
 N        597      0.25135      0.25135      0.50270       6.20734312E+00
 N        598      0.25034      0.25034      0.50068       6.21304245E+00
 N        599      0.24932      0.24932      0.49865       6.21872821E+00
 N        600      0.24831      0.24831      0.49662       6.22440029E+00
 N        601      0.24730      0.24730      0.49460       6.23005859E+00
 N        602      0.24628      0.24628      0.49257       6.23570302E+00
 N        603      0.24527      0.24527      0.49054       6.24133349E+00
 N        604      0.24426      0.24426      0.48851       6.24694989E+00
 N        605      0.24324      0.24324      0.48649       6.25255490E+00
 N        606      0.24223      0.24223      0.48446       6.25814289E+00
 N        607      0.24122      0.24122      0.48243       6.26371653E+00
 N        608      0.24020      0.24020      0.48041       6.26927572E+00
 N        609      0.23919      0.23919      0.47838       6.27482037E+00
 N        610      0.23818      0.23818      0.47635       6.28035039E+00
 N        611      0.23716      0.23716      0.47432       6.28586568E+00
 N        612      0.23615      0.23615      0.47230       6.29136614E+00
 N        613      0.23514      0.23514      0.47027       6.29685168E+00
 N        614      0.23412      0.23412      0.46824       6.30232220E+00
 N        615      0.23311      0.23311      0.46622       6.30777761E+00
 N        616      0.23209      0.23209      0.46419       6.31321782E+00
 N        617      0.23108      0.23108      0.46216       6.31864272E+00
 N        618      0.23007      0.23007      0.46014       6.32405223E+00
 N        619      0.22905      0.22905      0.45811       6.32944625E+00
 N        620      0.22804      0.22804      0.45608       6.33482468E+00
 N        621      0.22703      0.22703      0.45405       6.34018744E+00
 N        622      0.22601      0.22601      0.45203       6.34553442E+00
 N        623      0.22500      0.22500      0.45000       6.35086553E+00
 N        624      0.22399      0.22399      0.44797       6.35618069E+00
 N        625      0.22297      0.22297      0.44595       6.36147978E+00
 N        626      0.22196      0.22196      0.44392       6.36676273E+00
 N        627      0.22095      0.22095      0.44189       6.37202944E+00
 N        628      0.21993      0.21993      0.43987       6.37727981E+00
 N        629      0.21892      0.21892      0.43784       6.38251375E+00
 N        630      0.21790      0.21790      0.43581       6.38773117E+00
 N        631      0.21689      0.21689      0.43378       6.39293197E+00
 N        632      0.21588      0.21588      0.43176       6.39811607E+00
 N        633      0.21487      0.21487      0.42973       6.40328336E+00
 N        634      0.21385      0.21385      0.42770       6.40843376E+00
 N        635      0.21284      0.21284      0.42568       6.41356718E+00
 N        636      0.21182      0.21182      0.42365       6.41868351E+00
 N        637      0.21081      0.21081      0.42162       6.42378268E+00
 N        638      0.20980      0.20980      0.41959       6.42886458E+00
 N        639      0.20878      0.20878      0.41757       6.43392913E+00
 N        640      0.20777      0.20777      0.41554       6.43897623E+00
 N        641      0.20676      0.20676      0.41351       6.44400580E+00
 N        642      0.20574      0.20574      0.41149       6.44902021E+00
 N        643      0.20473      0.20473      0.40946       6.45401442E+00
 N        644      0.20372      0.20372      0.40743       6.45899082E+00
 N        645      0.20270      0.20270      0.40541       6.46394931E+00
 N        646      0.20169      0.20169      0.40338       6.46888982E+00
 N        647      0.20068      0.20068      0.40135       6.47381225E+00
 N        648      0.19966      0.19966      0.39932       6.47871650E+00
 N        649      0.19865      0.19865      0.39730       6.48360249E+00
 N        650      0.19764      0.19764      0.39527       6.48847014E+00
 N        651      0.19662      0.19662      0.39324       6.49331934E+00
 N        652      0.19561      0.19561      0.39122       6.49815001E+00
 N        653      0.19459      0.19459      0.38919       6.50296206E+00
 N        654      0.19358      0.19358      0.38716       6.50775541E+00
 N        655      0.19257      0.19257      0.38514       6.51252995E+00
 N        656      0.19155      0.19155      0.38311       6.51728562E+00
 N        657      0.19054      0.19054      0.38108       6.52202231E+00
 N        658      0.18953      0.18953      0.37905       6.52673994E+00
 N        659      0.18851      0.18851      0.37703       6.53143842E+00
 N        660      0.18750      0.18750      0.37500       6.53611767E+00
 N        661      0.18649      0.18649      0.37297       6.54077759E+00
 N        662      0.18547      0.18547      0.37095       6.54541811E+00
 N        663      0.18446      0.18446      0.36892       6.55003913E+00
 N        664      0.18345      0.18345      0.36689       6.55464056E+00
 N        665      0.18243      0.18243      0.36486       6.55922233E+00
 N        666      0.18142      0.18142      0.36284       6.56378434E+00
 N        667      0.18041      0.18041      0.36081       6.56832651E+00
 N        668      0.17939      0.17939      0.35878       6.57284875E+00
 N        669      0.17838      0.17838      0.35676       6.57735098E+00
 N        670      0.17736      0.17736      0.35473       6.58183312E+00
 N        671      0.17635      0.17635      0.35270       6.58629507E+00
 N        672      0.17534      0.17534      0.35068       6.59073677E+00
 N        673      0.17432      0.17432      0.34865       6.59515811E+00
 N        674      0.17331      0.17331      0.34662       6.59955902E+00
 N        675      0.17230      0.17230      0.34459       6.60393941E+00
 N        676      0.17128      0.17128      0.34257       6.60829920E+00
 N        677      0.17027      0.17027      0.34054       6.61263831E+00
 N        678      0.16926      0.16926      0.33851       6.61695666E+00
 N        679      0.16824      0.16824      0.33649       6.62125627E+00
 N        680      0.16723      0.16723      0.33446       6.62553283E+00
 N        681      0.16622      0.16622      0.33243       6.62978838E+00
 N        682      0.16520      0.16520      0.33041       6.63402284E+00
 N        683      0.16419      0.16419      0.32838       6.63823612E+00
 N        684      0.16318      0.16318      0.32635       6.64242815E+00
 N        685      0.16216      0.16216      0.32432       6.64659884E+00
 N        686      0.16115      0.16115      0.32230       6.65074812E+00
 N        687      0.16013      0.16013      0.32027       6.65487590E+00
 N        688      0.15912      0.15912      0.31824       6.65898211E+00
 N        689      0.15811      0.15811      0.31622       6.66306667E+00
 N        690      0.15710      0.15710      0.31419       6.66712949E+00
 N        691      0.15608      0.15608      0.31216       6.67117051E+00
 N        692      0.15507      0.15507      0.31013       6.67518963E+00
 N        693      0.15405      0.15405      0.30811       6.67918679E+00
 N        694      0.15304      0.15304      0.30608       6.68316190E+00
 N        695      0.15203      0.15203      0.30405       6.68711490E+00
 N        696      0.15101      0.15101      0.30203       6.69104569E+00
 N        697      0.15000      0.15000      0.30000       6.69495421E+00
 N        698      0.14899      0.14899      0.29797       6.69884038E+00
 N        699      0.14797      0.14797      0.29595       6.70270412E+00
 N        700      0.14696      0.14696      0.29392       6.70654537E+00
 N        701      0.14595      0.14595      0.29189       6.71036403E+00
 N        702      0.14493      0.14493      0.28986       6.71416004E+00
 N        703      0.14392      0.14392      0.28784       6.71793333E+00
 N        704      0.14291      0.14291      0.28581       6.72168382E+00
 N        705      0.14189      0.14189      0.28378       6.72541143E+00
 N        706      0.14088      0.14088      0.28176       6.72911610E+00
 N        707      0.13986      0.13986      0.27973       6.73279775E+00
 N        708      0.13885      0.13885      0.27770       6.73645631E+00
 N        709      0.13784      0.13784      0.27568       6.74009171E+00
 N        710      0.13682      0.13682      0.27365       6.74370387E+00
 N        711      0.13581      0.13581      0.27162       6.74729272E+00
 N        712      0.13480      0.13480      0.26959       6.75085820E+00
 N        713      0.13378      0.13378      0.26757       6.75440023E+00
 N        714      0.13277      0.13277      0.26554       6.75791874E+00
 N        715      0.13176      0.13176      0.26351       6.76141366E+00
 N        716      0.13074      0.13074      0.26149       6.76488663E+00
 N        717      0.12973      0.12973      0.25946       6.76833417E+00
 N        718      0.12872      0.12872      0.25743       6.77175790E+00
 N        719      0.12770      0.12770      0.25540       6.77515778E+00
 N        720      0.12669      0.12669      0.25338       6.77853372E+00
 N        721      0.12568      0.12568      0.25135       6.78188567E+00
 N        722      0.12466      0.12466      0.24932       6.78521356E+00
 N        723      0.12365      0.12365      0.24730       6.78851731E+00
 N        724      0.12263      0.12263      0.24527       6.79179687E+00
 N        725      0.12162      0.12162      0.24324       6.79505217E+00
 N        726      0.12061      0.12061      0.24122       6.79828314E+00
 N        727      0.11960      0.11960      0.23919       6.80148973E+00
 N        728      0.11858      0.11858      0.23716       6.80467185E+00
 N        729      0.11757      0.11757      0.23514       6.80782946E+00
 N        730      0.11655      0.11655      0.23311       6.81096249E+00
 N        731      0.11554      0.11554      0.23108       6.81407087E+00
 N        732      0.11453      0.11453      0.22905       6.81715455E+00
 N        733      0.11351      0.11351      0.22703       6.82021345E+00
 N        734      0.11250      0.11250      0.22500       6.82324753E+00
 N        735      0.11149      0.11149      0.22297       6.82625671E+00
 N        736      0.11047      0.11047      0.22095       6.82924094E+00
 N        737      0.10946      0.10946      0.21892       6.83220016E+00
 N        738      0.10845      0.10845      0.21689       6.83513430E+00
 N        739      0.10743      0.10743      0.21487       6.83804331E+00
 N        740      0.10642      0.10642      0.21284       6.84092714E+00
 N        741      0.10540      0.10540      0.21081       6.84378571E+00
 N        742      0.10439      0.10439      0.20878       6.84661898E+00
 N        743      0.10338      0.10338      0.20676       6.84942688E+00
 N        744      0.10236      0.10236      0.20473       6.85220937E+00
 N        745      0.10135      0.10135      0.20270       6.85496637E+00
 N        746      0.10034      0.10034      0.20068       6.85769785E+00
 N        747      0.09932      0.09932      0.19865       6.86040373E+00
 N        748      0.09831      0.09831      0.19662       6.86308397E+00
 N        749      0.09730      0.09730      0.19459       6.86573851E+00
 N        750      0.09628      0.09628      0.19257       6.86836730E+00
 N        751      0.09527      0.09527      0.19054       6.87097029E+00
 N        752      0.09426      0.09426      0.18851       6.87354741E+00
 N        753      0.09324      0.09324      0.18649       6.87609988E+00
 N        754      0.09223      0.09223      0.18446       6.87862512E+00
 N        755      0.09122      0.09122      0.18243       6.88112435E+00
 N        756      0.09020      0.09020      0.18041       6.88359750E+00
 N        757      0.08919      0.08919      0.17838       6.88604455E+00
 N        758      0.08818      0.08818      0.17635       6.88846542E+00
 N        759      0.08716      0.08716      0.17432       6.89086008E+00
 N        760      0.08615      0.08615      0.17230       6.89322848E+00
 N        761      0.08514      0.08514      0.17027       6.89557056E+00
 N        762      0.08412      0.08412      0.16824       6.89788628E+00
 N        763      0.08311      0.08311      0.16622       6.90017559E+00
 N        764      0.08210      0.08210      0.16419       6.90243844E+00
 N        765      0.08108      0.08108      0.16216       6.90467480E+00
 N        766      0.08007      0.08007      0.16013       6.90688460E+00
 N        767      0.07905      0.07905      0.15811       6.90906781E+00
 N        768      0.07804      0.07804      0.15608       6.91122438E+00
 N        769      0.07703      0.07703      0.15405       6.91335427E+00
 N        770      0.07601      0.07601      0.15203       6.91545744E+00
 N        771      0.07500      0.07500      0.15000       6.91753383E+00
 N        772      0.07399      0.07399      0.14797       6.91958341E+00
 N        773      0.07297      0.07297      0.14595       6.92160613E+00
 N        774      0.07196      0.07196      0.14392       6.92360196E+00
 N        775      0.07095      0.07095      0.14189       6.92557085E+00
 N        776      0.06993      0.06993      0.13986       6.92751276E+00
 N        777      0.06892      0.06892      0.13784       6.92942765E+00
 N        778      0.06790      0.06790      0.13581       6.93131548E+00
 N        779      0.06689      0.06689      0.13378       6.93317621E+00
 N        780      0.06588      0.06588      0.13176       6.93500981E+00
 N        781      0.06487      0.06487      0.12973       6.93681624E+00
 N        782      0.06385      0.06385      0.12770       6.93859545E+00
 N        783      0.06284      0.06284      0.12568       6.94034742E+00
 N        784      0.06182      0.06182      0.12365       6.94207210E+00
 N        785      0.06081      0.06081      0.12162       6.94376946E+00
 N        786      0.05980      0.05980      0.11960       6.94543946E+00
 N        787      0.05878      0.05878      0.11757       6.94708208E+00
 N        788      0.05777      0.05777      0.11554       6.94869727E+00
 N        789      0.05676      0.05676      0.11351       6.95028500E+00
 N        790      0.05574      0.05574      0.11149       6.95184601E+00
 N        791      0.05473      0.05473      0.10946       6.95337871E+00
 N        792      0.05372      0.05372      0.10743       6.95488386E+00
 N        793      0.05270      0.05270      0.10540       6.95636143E+00
 N        794      0.05169      0.05169      0.10338       6.95781137E+00
 N        795      0.05068      0.05068      0.10135       6.95923367E+00
 N        796      0.04966      0.04966      0.09932       6.96062830E+00
 N        797      0.04865      0.04865      0.09730       6.96199521E+00
 N        798      0.04763      0.04763      0.09527       6.96333440E+00
 N        799      0.04662      0.04662      0.09324       6.96464582E+00
 N        800      0.04561      0.04561      0.09122       6.96592945E+00
 N        801      0.04460      0.04460      0.08919       6.96718526E+00
 N        802      0.04358      0.04358      0.08716       6.96841323E+00
 N        803      0.04257      0.04257      0.08514       6.96961334E+00
 N        804      0.04155      0.04155      0.08311       6.97078555E+00
 N        805      0.04054      0.04054      0.08108       6.97192984E+00
 N        806      0.03953      0.03953      0.07905       6.97304619E+00
 N        807      0.03851      0.03851      0.07703       6.97413458E+00
 N        808      0.03750      0.03750      0.07500       6.97519498E+00
 N        809      0.03649      0.03649      0.07297       6.97622736E+00
 N        810      0.03547      0.03547      0.07095       6.97723172E+00
 N        811      0.03446      0.03446      0.06892       6.97820803E+00
 N        812      0.03345      0.03345      0.06689       6.97915626E+00
 N        813      0.03243      0.03243      0.06487       6.98007640E+00
 N        814      0.03142      0.03142      0.06284       6.98096842E+00
 N        815      0.03041      0.03041      0.06081       6.98183232E+00
 N        816      0.02939      0.02939      0.05878       6.98266807E+00
 N        817      0.02838      0.02838      0.05676       6.98347565E+00
 N        818      0.02737      0.02737      0.05473       6.98425505E+00
 N        819      0.02635      0.02635      0.05270       6.98500625E+00
 N        820      0.02534      0.02534      0.05068       6.98572923E+00
 N        821      0.02432      0.02432      0.04865       6.98642399E+00
 N        822      0.02331      0.02331      0.04662       6.98709050E+00
 N        823      0.02230      0.02230      0.04460       6.98772875E+00
 N        824      0.02128      0.02128      0.04257       6.98833873E+00
 N        825      0.02027      0.02027      0.04054       6.98892042E+00
 N        826      0.01926      0.01926      0.03851       6.98947382E+00
 N        827      0.01824      0.01824      0.03649       6.98999915E+00
 N        828      0.01723      0.01723      0.03446       6.99049591E+00
 N        829      0.01622      0.01622      0.03243       6.99096433E+00
 N        830      0.01520      0.01520      0.03041       6.99140442E+00
 N        831      0.01419      0.01419      0.02838       6.99181615E+00
 N        832      0.01318      0.01318      0.02635       6.99219953E+00
 N        833      0.01216      0.01216      0.02432       6.99255454E+00
 N        834      0.01115      0.01115      0.02230       6.99288117E+00
 N        835      0.01013      0.01013      0.02027       6.99317943E+00
 N        836      0.00912      0.00912      0.01824       6.99344930E+00
 N        837      0.00811      0.00811      0.01622       6.99369078E+00
 N        838      0.00709      0.00709      0.01419       6.99390386E+00
 N        839      0.00608      0.00608      0.01216       6.99408854E+00
 N        840      0.00507      0.00507      0.01013       6.99424481E+00
 N        841      0.00405      0.00405      0.00811       6.99437268E+00
 N        842      0.00304      0.00304      0.00608       6.99447213E+00
 N        843      0.00203      0.00203      0.00405       6.99454317E+00
 N        844      0.00101      0.00101      0.00203       6.99458579E+00
 N        845      0.00000      0.00000      0.00000       6.99460000E+00
 N        846      0.00166      0.00166      0.00166       6.99458578E+00
 N        847      0.00331      0.00331      0.00331       6.99454314E+00
 N        848      0.00497      0.00497      0.00497       6.99447203E+00
 N        849      0.00662      0.00662      0.00662       6.99437248E+00
 N        850      0.00828      0.00828      0.00828       6.99424457E+00
 N        851      0.00993      0.00993      0.00993       6.99408815E+00
 N        852      0.01159      0.01159      0.01159       6.99390341E+00
 N        853      0.01324      0.01324      0.01324       6.99369013E+00
 N        854      0.01490      0.01490      0.01490       6.99344843E+00
 N        855      0.01656      0.01656      0.01656       6.99317847E+00
 N        856      0.01821      0.01821      0.01821       6.99287993E+00
 N        857      0.01987      0.01987      0.01987       6.99255298E+00
 N        858      0.02152      0.02152      0.02152       6.99219785E+00
 N        859      0.02318      0.02318      0.02318       6.99181412E+00
 N        860      0.02483      0.02483      0.02483       6.99140225E+00
 N        861      0.02649      0.02649      0.02649       6.99096176E+00
 N        862      0.02815      0.02815      0.02815       6.99049289E+00
 N        863      0.02980      0.02980      0.02980       6.98999597E+00
 N        864      0.03146      0.03146      0.03146       6.98947041E+00
 N        865      0.03311      0.03311      0.03311       6.98891651E+00
 N        866      0.03477      0.03477      0.03477       6.98833463E+00
 N        867      0.03642      0.03642      0.03642       6.98772410E+00
 N        868      0.03808      0.03808      0.03808       6.98708565E+00
 N        869      0.03973      0.03973      0.03973       6.98641853E+00
 N        870      0.04139      0.04139      0.04139       6.98572314E+00
 N        871      0.04305      0.04305      0.04305       6.98499993E+00
 N        872      0.04470      0.04470      0.04470       6.98424805E+00
 N        873      0.04636      0.04636      0.04636       6.98346793E+00
 N        874      0.04801      0.04801      0.04801       6.98266009E+00
 N        875      0.04967      0.04967      0.04967       6.98182358E+00
 N        876      0.05133      0.05133      0.05133       6.98095888E+00
 N        877      0.05298      0.05298      0.05298       6.98006657E+00
 N        878      0.05464      0.05464      0.05464       6.97914558E+00
 N        879      0.05629      0.05629      0.05629       6.97819705E+00
 N        880      0.05795      0.05795      0.05795       6.97721985E+00
 N        881      0.05960      0.05960      0.05960       6.97621457E+00
 N        882      0.06126      0.06126      0.06126       6.97518185E+00
 N        883      0.06291      0.06291      0.06291       6.97412048E+00
 N        884      0.06457      0.06457      0.06457       6.97303108E+00
 N        885      0.06623      0.06623      0.06623       6.97191438E+00
 N        886      0.06788      0.06788      0.06788       6.97076903E+00
 N        887      0.06954      0.06954      0.06954       6.96959645E+00
 N        888      0.07119      0.07119      0.07119       6.96839524E+00
 N        889      0.07285      0.07285      0.07285       6.96716613E+00
 N        890      0.07450      0.07450      0.07450       6.96590992E+00
 N        891      0.07616      0.07616      0.07616       6.96462511E+00
 N        892      0.07781      0.07781      0.07781       6.96331248E+00
 N        893      0.07947      0.07947      0.07947       6.96197287E+00
 N        894      0.08113      0.08113      0.08113       6.96060469E+00
 N        895      0.08278      0.08278      0.08278       6.95920963E+00
 N        896      0.08444      0.08444      0.08444       6.95778602E+00
 N        897      0.08609      0.08609      0.08609       6.95633473E+00
 N        898      0.08775      0.08775      0.08775       6.95485670E+00
 N        899      0.08940      0.08940      0.08940       6.95335017E+00
 N        900      0.09106      0.09106      0.09106       6.95181604E+00
 N        901      0.09272      0.09272      0.09272       6.95025532E+00
 N        902      0.09437      0.09437      0.09437       6.94866614E+00
 N        903      0.09603      0.09603      0.09603       6.94705045E+00
 N        904      0.09768      0.09768      0.09768       6.94540634E+00
 N        905      0.09934      0.09934      0.09934       6.94373481E+00
 N        906      0.10099      0.10099      0.10099       6.94203693E+00
 N        907      0.10265      0.10265      0.10265       6.94031068E+00
 N        908      0.10430      0.10430      0.10430       6.93855711E+00
 N        909      0.10596      0.10596      0.10596       6.93677734E+00
 N        910      0.10762      0.10762      0.10762       6.93496927E+00
 N        911      0.10927      0.10927      0.10927       6.93313400E+00
 N        912      0.11093      0.11093      0.11093       6.93127268E+00
 N        913      0.11258      0.11258      0.11258       6.92938313E+00
 N        914      0.11424      0.11424      0.11424       6.92746765E+00
 N        915      0.11589      0.11589      0.11589       6.92552397E+00
 N        916      0.11755      0.11755      0.11755       6.92355329E+00
 N        917      0.11921      0.11921      0.11921       6.92155684E+00
 N        918      0.12086      0.12086      0.12086       6.91953228E+00
 N        919      0.12252      0.12252      0.12252       6.91748083E+00
 N        920      0.12417      0.12417      0.12417       6.91540380E+00
 N        921      0.12583      0.12583      0.12583       6.91329872E+00
 N        922      0.12748      0.12748      0.12748       6.91116818E+00
 N        923      0.12914      0.12914      0.12914       6.90900965E+00
 N        924      0.13079      0.13079      0.13079       6.90682444E+00
 N        925      0.13245      0.13245      0.13245       6.90461396E+00
 N        926      0.13411      0.13411      0.13411       6.90237558E+00
 N        927      0.13576      0.13576      0.13576       6.90011066E+00
 N        928      0.13742      0.13742      0.13742       6.89782065E+00
 N        929      0.13907      0.13907      0.13907       6.89550282E+00
 N        930      0.14073      0.14073      0.14073       6.89316003E+00
 N        931      0.14238      0.14238      0.14238       6.89078949E+00
 N        932      0.14404      0.14404      0.14404       6.88839265E+00
 N        933      0.14569      0.14569      0.14569       6.88597104E+00
 N        934      0.14735      0.14735      0.14735       6.88352178E+00
 N        935      0.14901      0.14901      0.14901       6.88104637E+00
 N        936      0.15066      0.15066      0.15066       6.87854639E+00
 N        937      0.15232      0.15232      0.15232       6.87601886E+00
 N        938      0.15397      0.15397      0.15397       6.87346534E+00
 N        939      0.15563      0.15563      0.15563       6.87088745E+00
 N        940      0.15729      0.15729      0.15729       6.86828212E+00
 N        941      0.15894      0.15894      0.15894       6.86565255E+00
 N        942      0.16060      0.16060      0.16060       6.86299562E+00
 N        943      0.16225      0.16225      0.16225       6.86031296E+00
 N        944      0.16391      0.16391      0.16391       6.85760628E+00
 N        945      0.16556      0.16556      0.16556       6.85487235E+00
 N        946      0.16722      0.16722      0.16722       6.85211286E+00
 N        947      0.16887      0.16887      0.16887       6.84932956E+00
 N        948      0.17053      0.17053      0.17053       6.84651913E+00
 N        949      0.17219      0.17219      0.17219       6.84368503E+00
 N        950      0.17384      0.17384      0.17384       6.84082390E+00
 N        951      0.17550      0.17550      0.17550       6.83793748E+00
 N        952      0.17715      0.17715      0.17715       6.83502762E+00
 N        953      0.17881      0.17881      0.17881       6.83209085E+00
 N        954      0.18046      0.18046      0.18046       6.82912897E+00
 N        955      0.18212      0.18212      0.18212       6.82614387E+00
 N        956      0.18377      0.18377      0.18377       6.82313200E+00
 N        957      0.18543      0.18543      0.18543       6.82009704E+00
 N        958      0.18709      0.18709      0.18709       6.81703540E+00
 N        959      0.18874      0.18874      0.18874       6.81394897E+00
 N        960      0.19040      0.19040      0.19040       6.81083969E+00
 N        961      0.19205      0.19205      0.19205       6.80770387E+00
 N        962      0.19371      0.19371      0.19371       6.80454344E+00
 N        963      0.19536      0.19536      0.19536       6.80136039E+00
 N        964      0.19702      0.19702      0.19702       6.79815095E+00
 N        965      0.19867      0.19867      0.19867       6.79491905E+00
 N        966      0.20033      0.20033      0.20033       6.79166086E+00
 N        967      0.20199      0.20199      0.20199       6.78837838E+00
 N        968      0.20364      0.20364      0.20364       6.78507368E+00
 N        969      0.20530      0.20530      0.20530       6.78174284E+00
 N        970      0.20695      0.20695      0.20695       6.77838791E+00
 N        971      0.20861      0.20861      0.20861       6.77501100E+00
 N        972      0.21027      0.21027      0.21027       6.77160811E+00
 N        973      0.21192      0.21192      0.21192       6.76818133E+00
 N        974      0.21358      0.21358      0.21358       6.76473282E+00
 N        975      0.21523      0.21523      0.21523       6.76125849E+00
 N        976      0.21689      0.21689      0.21689       6.75776260E+00
 N        977      0.21854      0.21854      0.21854       6.75424098E+00
 N        978      0.22020      0.22020      0.22020       6.75069583E+00
 N        979      0.22185      0.22185      0.22185       6.74712937E+00
 N        980      0.22351      0.22351      0.22351       6.74353736E+00
 N        981      0.22517      0.22517      0.22517       6.73992202E+00
 N        982      0.22682      0.22682      0.22682       6.73628562E+00
 N        983      0.22848      0.22848      0.22848       6.73262385E+00
 N        984      0.23013      0.23013      0.23013       6.72894119E+00
 N        985      0.23179      0.23179      0.23179       6.72523327E+00
 N        986      0.23344      0.23344      0.23344       6.72150239E+00
 N        987      0.23510      0.23510      0.23510       6.71775088E+00
 N        988      0.23675      0.23675      0.23675       6.71397429E+00
 N        989      0.23841      0.23841      0.23841       6.71017495E+00
 N        990      0.24007      0.24007      0.24007       6.70635525E+00
 N        991      0.24172      0.24172      0.24172       6.70251065E+00
 N        992      0.24338      0.24338      0.24338       6.69864587E+00
 N        993      0.24503      0.24503      0.24503       6.69475632E+00
 N        994      0.24669      0.24669      0.24669       6.69084438E+00
 N        995      0.24834      0.24834      0.24834       6.68691254E+00
 N        996      0.25000      0.25000      0.25000       6.68295611E+00
 N        997      0.25166      0.25166      0.25166       6.67897753E+00
 N        998      0.25331      0.25331      0.25331       6.67497931E+00
 N        999      0.25497      0.25497      0.25497       6.67095669E+00
 N       1000      0.25662      0.25662      0.25662       6.66691217E+00
 N       1001      0.25828      0.25828      0.25828       6.66284827E+00
 N       1002      0.25993      0.25993      0.25993       6.65876017E+00
 N       1003      0.26159      0.26159      0.26159       6.65465289E+00
 N       1004      0.26325      0.26325      0.26325       6.65052153E+00
 N       1005      0.26490      0.26490      0.26490       6.64636866E+00
 N       1006      0.26656      0.26656      0.26656       6.64219688E+00
 N       1007      0.26821      0.26821      0.26821       6.63800124E+00
 N       1008      0.26987      0.26987      0.26987       6.63378431E+00
 N       1009      0.27152      0.27152      0.27152       6.62954876E+00
 N       1010      0.27318      0.27318      0.27318       6.62528955E+00
 N       1011      0.27483      0.27483      0.27483       6.62101189E+00
 N       1012      0.27649      0.27649      0.27649       6.61671071E+00
 N       1013      0.27815      0.27815      0.27815       6.61238866E+00
 N       1014      0.27980      0.27980      0.27980       6.60804846E+00
 N       1015      0.28146      0.28146      0.28146       6.60368494E+00
 N       1016      0.28311      0.28311      0.28311       6.59930079E+00
 N       1017      0.28477      0.28477      0.28477       6.59489878E+00
 N       1018      0.28642      0.28642      0.28642       6.59047367E+00
 N       1019      0.28808      0.28808      0.28808       6.58603088E+00
 N       1020      0.28974      0.28974      0.28974       6.58156512E+00
 N       1021      0.29139      0.29139      0.29139       6.57707917E+00
 N       1022      0.29305      0.29305      0.29305       6.57257583E+00
 N       1023      0.29470      0.29470      0.29470       6.56804974E+00
 N       1024      0.29636      0.29636      0.29636       6.56350371E+00
 N       1025      0.29801      0.29801      0.29801       6.55894059E+00
 N       1026      0.29967      0.29967      0.29967       6.55435494E+00
 N       1027      0.30133      0.30133      0.30133       6.54974961E+00
 N       1028      0.30298      0.30298      0.30298       6.54512747E+00
 N       1029      0.30464      0.30464      0.30464       6.54048304E+00
 N       1030      0.30629      0.30629      0.30629       6.53582199E+00
 N       1031      0.30795      0.30795      0.30795       6.53113880E+00
 N       1032      0.30960      0.30960      0.30960       6.52643636E+00
 N       1033      0.31126      0.31126      0.31126       6.52171761E+00
 N       1034      0.31291      0.31291      0.31291       6.51697693E+00
 N       1035      0.31457      0.31457      0.31457       6.51221727E+00
 N       1036      0.31622      0.31622      0.31622       6.50744159E+00
 N       1037      0.31788      0.31788      0.31788       6.50264423E+00
 N       1038      0.31954      0.31954      0.31954       6.49783106E+00
 N       1039      0.32119      0.32119      0.32119       6.49299634E+00
 N       1040      0.32285      0.32285      0.32285       6.48814309E+00
 N       1041      0.32450      0.32450      0.32450       6.48327432E+00
 N       1042      0.32616      0.32616      0.32616       6.47838425E+00
 N       1043      0.32782      0.32782      0.32782       6.47347591E+00
 N       1044      0.32947      0.32947      0.32947       6.46855235E+00
 N       1045      0.33113      0.33113      0.33113       6.46360774E+00
 N       1046      0.33278      0.33278      0.33278       6.45864812E+00
 N       1047      0.33444      0.33444      0.33444       6.45366759E+00
 N       1048      0.33609      0.33609      0.33609       6.44866924E+00
 N       1049      0.33775      0.33775      0.33775       6.44365618E+00
 N       1050      0.33940      0.33940      0.33940       6.43862247E+00
 N       1051      0.34106      0.34106      0.34106       6.43357120E+00
 N       1052      0.34271      0.34271      0.34271       6.42850553E+00
 N       1053      0.34437      0.34437      0.34437       6.42341945E+00
 N       1054      0.34603      0.34603      0.34603       6.41831917E+00
 N       1055      0.34768      0.34768      0.34768       6.41319864E+00
 N       1056      0.34934      0.34934      0.34934       6.40806101E+00
 N       1057      0.35099      0.35099      0.35099       6.40290951E+00
 N       1058      0.35265      0.35265      0.35265       6.39773798E+00
 N       1059      0.35430      0.35430      0.35430       6.39254965E+00
 N       1060      0.35596      0.35596      0.35596       6.38734774E+00
 N       1061      0.35762      0.35762      0.35762       6.38212607E+00
 N       1062      0.35927      0.35927      0.35927       6.37688786E+00
 N       1063      0.36093      0.36093      0.36093       6.37163639E+00
 N       1064      0.36258      0.36258      0.36258       6.36636540E+00
 N       1065      0.36424      0.36424      0.36424       6.36108135E+00
 N       1066      0.36589      0.36589      0.36589       6.35577796E+00
 N       1067      0.36755      0.36755      0.36755       6.35045850E+00
 N       1068      0.36921      0.36921      0.36921       6.34512629E+00
 N       1069      0.37086      0.37086      0.37086       6.33977499E+00
 N       1070      0.37252      0.37252      0.37252       6.33440790E+00
 N       1071      0.37417      0.37417      0.37417       6.32902838E+00
 N       1072      0.37583      0.37583      0.37583       6.32363002E+00
 N       1073      0.37748      0.37748      0.37748       6.31821943E+00
 N       1074      0.37914      0.37914      0.37914       6.31279017E+00
 N       1075      0.38079      0.38079      0.38079       6.30734560E+00
 N       1076      0.38245      0.38245      0.38245       6.30188911E+00
 N       1077      0.38411      0.38411      0.38411       6.29641421E+00
 N       1078      0.38576      0.38576      0.38576       6.29092429E+00
 N       1079      0.38742      0.38742      0.38742       6.28542276E+00
 N       1080      0.38907      0.38907      0.38907       6.27990308E+00
 N       1081      0.39073      0.39073      0.39073       6.27437200E+00
 N       1082      0.39238      0.39238      0.39238       6.26882294E+00
 N       1083      0.39404      0.39404      0.39404       6.26325933E+00
 N       1084      0.39570      0.39570      0.39570       6.25768464E+00
 N       1085      0.39735      0.39735      0.39735       6.25209223E+00
 N       1086      0.39901      0.39901      0.39901       6.24648555E+00
 N       1087      0.40066      0.40066      0.40066       6.24086811E+00
 N       1088      0.40232      0.40232      0.40232       6.23523321E+00
 N       1089      0.40397      0.40397      0.40397       6.22958433E+00
 N       1090      0.40563      0.40563      0.40563       6.22392500E+00
 N       1091      0.40729      0.40729      0.40729       6.21824848E+00
 N       1092      0.40894      0.40894      0.40894       6.21256170E+00
 N       1093      0.41060      0.41060      0.41060       6.20685791E+00
 N       1094      0.41225      0.41225      0.41225       6.20114062E+00
 N       1095      0.41391      0.41391      0.41391       6.19541340E+00
 N       1096      0.41556      0.41556      0.41556       6.18966942E+00
 N       1097      0.41722      0.41722      0.41722       6.18391224E+00
 N       1098      0.41887      0.41887      0.41887       6.17814543E+00
 N       1099      0.42053      0.42053      0.42053       6.17236214E+00
 N       1100      0.42218      0.42218      0.42218       6.16656943E+00
 N       1101      0.42384      0.42384      0.42384       6.16076041E+00
 N       1102      0.42550      0.42550      0.42550       6.15493867E+00
 N       1103      0.42715      0.42715      0.42715       6.14910783E+00
 N       1104      0.42881      0.42881      0.42881       6.14326094E+00
 N       1105      0.43046      0.43046      0.43046       6.13740162E+00
 N       1106      0.43212      0.43212      0.43212       6.13153352E+00
 N       1107      0.43378      0.43378      0.43378       6.12564963E+00
 N       1108      0.43543      0.43543      0.43543       6.11975716E+00
 N       1109      0.43709      0.43709      0.43709       6.11384909E+00
 N       1110      0.43874      0.43874      0.43874       6.10792907E+00
 N       1111      0.44040      0.44040      0.44040       6.10200079E+00
 N       1112      0.44205      0.44205      0.44205       6.09605717E+00
 N       1113      0.44371      0.44371      0.44371       6.09010189E+00
 N       1114      0.44536      0.44536      0.44536       6.08413866E+00
 N       1115      0.44702      0.44702      0.44702       6.07816035E+00
 N       1116      0.44867      0.44867      0.44867       6.07217430E+00
 N       1117      0.45033      0.45033      0.45033       6.06617337E+00
 N       1118      0.45199      0.45199      0.45199       6.06016125E+00
 N       1119      0.45364      0.45364      0.45364       6.05414170E+00
 N       1120      0.45530      0.45530      0.45530       6.04810753E+00
 N       1121      0.45695      0.45695      0.45695       6.04206247E+00
 N       1122      0.45861      0.45861      0.45861       6.03601028E+00
 N       1123      0.46026      0.46026      0.46026       6.02994375E+00
 N       1124      0.46192      0.46192      0.46192       6.02386661E+00
 N       1125      0.46358      0.46358      0.46358       6.01778265E+00
 N       1126      0.46523      0.46523      0.46523       6.01168462E+00
 N       1127      0.46689      0.46689      0.46689       6.00557996E+00
 N       1128      0.46854      0.46854      0.46854       5.99946141E+00
 N       1129      0.47020      0.47020      0.47020       5.99333274E+00
 N       1130      0.47185      0.47185      0.47185       5.98719776E+00
 N       1131      0.47351      0.47351      0.47351       5.98104914E+00
 N       1132      0.47517      0.47517      0.47517       5.97489070E+00
 N       1133      0.47682      0.47682      0.47682       5.96872625E+00
 N       1134      0.47848      0.47848      0.47848       5.96254845E+00
 N       1135      0.48013      0.48013      0.48013       5.95636483E+00
 N       1136      0.48179      0.48179      0.48179       5.95016804E+00
 N       1137      0.48344      0.48344      0.48344       5.94396190E+00
 N       1138      0.48510      0.48510      0.48510       5.93775026E+00
 N       1139      0.48675      0.48675      0.48675       5.93152570E+00
 N       1140      0.48841      0.48841      0.48841       5.92529208E+00
 N       1141      0.49007      0.49007      0.49007       5.91905326E+00
 N       1142      0.49172      0.49172      0.49172       5.91280180E+00
 N       1143      0.49338      0.49338      0.49338       5.90654535E+00
 N       1144      0.49503      0.49503      0.49503       5.90027643E+00
 N       1145      0.49669      0.49669      0.49669       5.89399892E+00
 N       1146      0.49834      0.49834      0.49834       5.88771671E+00
 N       1147      0.50000      0.50000      0.50000       5.88142231E+00
 N       1148      0.50000      0.49899      0.50101       5.88141192E+00
 N       1149      0.50000      0.49798      0.50202       5.88138076E+00
 N       1150      0.50000      0.49696      0.50304       5.88132882E+00
 N       1151      0.50000      0.49595      0.50405       5.88125603E+00
 N       1152      0.50000      0.49494      0.50506       5.88116253E+00
 N       1153      0.50000      0.49393      0.50607       5.88104825E+00
 N       1154      0.50000      0.49291      0.50709       5.88091321E+00
 N       1155      0.50000      0.49190      0.50810       5.88075741E+00
 N       1156      0.50000      0.49089      0.50911       5.88058084E+00
 N       1157      0.50000      0.48988      0.51012       5.88038352E+00
 N       1158      0.50000      0.48887      0.51113       5.88016521E+00
 N       1159      0.50000      0.48785      0.51215       5.87992637E+00
 N       1160      0.50000      0.48684      0.51316       5.87966677E+00
 N       1161      0.50000      0.48583      0.51417       5.87938643E+00
 N       1162      0.50000      0.48482      0.51518       5.87908536E+00
 N       1163      0.50000      0.48381      0.51619       5.87876356E+00
 N       1164      0.50000      0.48279      0.51721       5.87842104E+00
 N       1165      0.50000      0.48178      0.51822       5.87805744E+00
 N       1166      0.50000      0.48077      0.51923       5.87767347E+00
 N       1167      0.50000      0.47976      0.52024       5.87726880E+00
 N       1168      0.50000      0.47874      0.52126       5.87684344E+00
 N       1169      0.50000      0.47773      0.52227       5.87639739E+00
 N       1170      0.50000      0.47672      0.52328       5.87593067E+00
 N       1171      0.50000      0.47571      0.52429       5.87544328E+00
 N       1172      0.50000      0.47470      0.52530       5.87493473E+00
 N       1173      0.50000      0.47368      0.52632       5.87440601E+00
 N       1174      0.50000      0.47267      0.52733       5.87385666E+00
 N       1175      0.50000      0.47166      0.52834       5.87328669E+00
 N       1176      0.50000      0.47065      0.52935       5.87269609E+00
 N       1177      0.50000      0.46964      0.53036       5.87208490E+00
 N       1178      0.50000      0.46862      0.53138       5.87145248E+00
 N       1179      0.50000      0.46761      0.53239       5.87080010E+00
 N       1180      0.50000      0.46660      0.53340       5.87012715E+00
 N       1181      0.50000      0.46559      0.53441       5.86943364E+00
 N       1182      0.50000      0.46458      0.53543       5.86871960E+00
 N       1183      0.50000      0.46356      0.53644       5.86798504E+00
 N       1184      0.50000      0.46255      0.53745       5.86722996E+00
 N       1185      0.50000      0.46154      0.53846       5.86645361E+00
 N       1186      0.50000      0.46053      0.53947       5.86565754E+00
 N       1187      0.50000      0.45951      0.54049       5.86484100E+00
 N       1188      0.50000      0.45850      0.54150       5.86400401E+00
 N       1189      0.50000      0.45749      0.54251       5.86314659E+00
 N       1190      0.50000      0.45648      0.54352       5.86226876E+00
 N       1191      0.50000      0.45547      0.54453       5.86137052E+00
 N       1192      0.50000      0.45445      0.54555       5.86045099E+00
 N       1193      0.50000      0.45344      0.54656       5.85951199E+00
 N       1194      0.50000      0.45243      0.54757       5.85855265E+00
 N       1195      0.50000      0.45142      0.54858       5.85757298E+00
 N       1196      0.50000      0.45040      0.54959       5.85657301E+00
 N       1197      0.50000      0.44939      0.55061       5.85555275E+00
 N       1198      0.50000      0.44838      0.55162       5.85451222E+00
 N       1199      0.50000      0.44737      0.55263       5.85345039E+00
 N       1200      0.50000      0.44636      0.55364       5.85236937E+00
 N       1201      0.50000      0.44534      0.55466       5.85126815E+00
 N       1202      0.50000      0.44433      0.55567       5.85014674E+00
 N       1203      0.50000      0.44332      0.55668       5.84900517E+00
 N       1204      0.50000      0.44231      0.55769       5.84784346E+00
 N       1205      0.50000      0.44130      0.55870       5.84666164E+00
 N       1206      0.50000      0.44028      0.55972       5.84545852E+00
 N       1207      0.50000      0.43927      0.56073       5.84423651E+00
 N       1208      0.50000      0.43826      0.56174       5.84299446E+00
 N       1209      0.50000      0.43725      0.56275       5.84173239E+00
 N       1210      0.50000      0.43623      0.56376       5.84045031E+00
 N       1211      0.50000      0.43522      0.56478       5.83914827E+00
 N       1212      0.50000      0.43421      0.56579       5.83782628E+00
 N       1213      0.50000      0.43320      0.56680       5.83648303E+00
 N       1214      0.50000      0.43219      0.56781       5.83512120E+00
 N       1215      0.50000      0.43117      0.56883       5.83373951E+00
 N       1216      0.50000      0.43016      0.56984       5.83233797E+00
 N       1217      0.50000      0.42915      0.57085       5.83091662E+00
 N       1218      0.50000      0.42814      0.57186       5.82947548E+00
 N       1219      0.50000      0.42713      0.57287       5.82801458E+00
 N       1220      0.50000      0.42611      0.57389       5.82653247E+00
 N       1221      0.50000      0.42510      0.57490       5.82503212E+00
 N       1222      0.50000      0.42409      0.57591       5.82351210E+00
 N       1223      0.50000      0.42308      0.57692       5.82197243E+00
 N       1224      0.50000      0.42207      0.57793       5.82041315E+00
 N       1225      0.50000      0.42105      0.57895       5.81883429E+00
 N       1226      0.50000      0.42004      0.57996       5.81723428E+00
 N       1227      0.50000      0.41903      0.58097       5.81561632E+00
 N       1228      0.50000      0.41802      0.58198       5.81397887E+00
 N       1229      0.50000      0.41700      0.58300       5.81232196E+00
 N       1230      0.50000      0.41599      0.58401       5.81064562E+00
 N       1231      0.50000      0.41498      0.58502       5.80894989E+00
 N       1232      0.50000      0.41397      0.58603       5.80723480E+00
 N       1233      0.50000      0.41296      0.58705       5.80549865E+00
 N       1234      0.50000      0.41194      0.58806       5.80374491E+00
 N       1235      0.50000      0.41093      0.58907       5.80197191E+00
 N       1236      0.50000      0.40992      0.59008       5.80017968E+00
 N       1237      0.50000      0.40891      0.59109       5.79836826E+00
 N       1238      0.50000      0.40790      0.59210       5.79653768E+00
 N       1239      0.50000      0.40688      0.59312       5.79468797E+00
 N       1240      0.50000      0.40587      0.59413       5.79281732E+00
 N       1241      0.50000      0.40486      0.59514       5.79092946E+00
 N       1242      0.50000      0.40385      0.59615       5.78902257E+00
 N       1243      0.50000      0.40283      0.59717       5.78709671E+00
 N       1244      0.50000      0.40182      0.59818       5.78515191E+00
 N       1245      0.50000      0.40081      0.59919       5.78318820E+00
 N       1246      0.50000      0.39980      0.60020       5.78120562E+00
 N       1247      0.50000      0.39879      0.60122       5.77920222E+00
 N       1248      0.50000      0.39777      0.60223       5.77718200E+00
 N       1249      0.50000      0.39676      0.60324       5.77514303E+00
 N       1250      0.50000      0.39575      0.60425       5.77308534E+00
 N       1251      0.50000      0.39474      0.60526       5.77100897E+00
 N       1252      0.50000      0.39372      0.60628       5.76891397E+00
 N       1253      0.50000      0.39271      0.60729       5.76680037E+00
 N       1254      0.50000      0.39170      0.60830       5.76466610E+00
 N       1255      0.50000      0.39069      0.60931       5.76251541E+00
 N       1256      0.50000      0.38968      0.61032       5.76034625E+00
 N       1257      0.50000      0.38866      0.61134       5.75815865E+00
 N       1258      0.50000      0.38765      0.61235       5.75595266E+00
 N       1259      0.50000      0.38664      0.61336       5.75372832E+00
 N       1260      0.50000      0.38563      0.61437       5.75148567E+00
 N       1261      0.50000      0.38461      0.61538       5.74922251E+00
 N       1262      0.50000      0.38360      0.61640       5.74694335E+00
 N       1263      0.50000      0.38259      0.61741       5.74464602E+00
 N       1264      0.50000      0.38158      0.61842       5.74233054E+00
 N       1265      0.50000      0.38057      0.61943       5.73999697E+00
 N       1266      0.50000      0.37955      0.62045       5.73764535E+00
 N       1267      0.50000      0.37854      0.62146       5.73527573E+00
 N       1268      0.50000      0.37753      0.62247       5.73288577E+00
 N       1269      0.50000      0.37652      0.62348       5.73048025E+00
 N       1270      0.50000      0.37551      0.62449       5.72805686E+00
 N       1271      0.50000      0.37449      0.62551       5.72561565E+00
 N       1272      0.50000      0.37348      0.62652       5.72315665E+00
 N       1273      0.50000      0.37247      0.62753       5.72067992E+00
 N       1274      0.50000      0.37146      0.62854       5.71818303E+00
 N       1275      0.50000      0.37045      0.62955       5.71567096E+00
 N       1276      0.50000      0.36943      0.63057       5.71314129E+00
 N       1277      0.50000      0.36842      0.63158       5.71059407E+00
 N       1278      0.50000      0.36741      0.63259       5.70802935E+00
 N       1279      0.50000      0.36640      0.63360       5.70544719E+00
 N       1280      0.50000      0.36539      0.63462       5.70284762E+00
 N       1281      0.50000      0.36437      0.63563       5.70022809E+00
 N       1282      0.50000      0.36336      0.63664       5.69759384E+00
 N       1283      0.50000      0.36235      0.63765       5.69494234E+00
 N       1284      0.50000      0.36134      0.63866       5.69227362E+00
 N       1285      0.50000      0.36032      0.63968       5.68958774E+00
 N       1286      0.50000      0.35931      0.64069       5.68688476E+00
 N       1287      0.50000      0.35830      0.64170       5.68416471E+00
 N       1288      0.50000      0.35729      0.64271       5.68142494E+00
 N       1289      0.50000      0.35628      0.64372       5.67867091E+00
 N       1290      0.50000      0.35526      0.64474       5.67589997E+00
 N       1291      0.50000      0.35425      0.64575       5.67311217E+00
 N       1292      0.50000      0.35324      0.64676       5.67030757E+00
 N       1293      0.50000      0.35223      0.64777       5.66748621E+00
 N       1294      0.50000      0.35121      0.64878       5.66464815E+00
 N       1295      0.50000      0.35020      0.64980       5.66179061E+00
 N       1296      0.50000      0.34919      0.65081       5.65891929E+00
 N       1297      0.50000      0.34818      0.65182       5.65603141E+00
 N       1298      0.50000      0.34717      0.65283       5.65312705E+00
 N       1299      0.50000      0.34615      0.65385       5.65020624E+00
 N       1300      0.50000      0.34514      0.65486       5.64726905E+00
 N       1301      0.50000      0.34413      0.65587       5.64431553E+00
 N       1302      0.50000      0.34312      0.65688       5.64134278E+00
 N       1303      0.50000      0.34210      0.65790       5.63835673E+00
 N       1304      0.50000      0.34109      0.65891       5.63535452E+00
 N       1305      0.50000      0.34008      0.65992       5.63233618E+00
 N       1306      0.50000      0.33907      0.66093       5.62930178E+00
 N       1307      0.50000      0.33806      0.66194       5.62625138E+00
 N       1308      0.50000      0.33704      0.66295       5.62318502E+00
 N       1309      0.50000      0.33603      0.66397       5.62009972E+00
 N       1310      0.50000      0.33502      0.66498       5.61700161E+00
 N       1311      0.50000      0.33401      0.66599       5.61388771E+00
 N       1312      0.50000      0.33300      0.66700       5.61075809E+00
 N       1313      0.50000      0.33198      0.66802       5.60761279E+00
 N       1314      0.50000      0.33097      0.66903       5.60445187E+00
 N       1315      0.50000      0.32996      0.67004       5.60127540E+00
 N       1316      0.50000      0.32895      0.67105       5.59808026E+00
 N       1317      0.50000      0.32793      0.67207       5.59487282E+00
 N       1318      0.50000      0.32692      0.67308       5.59164999E+00
 N       1319      0.50000      0.32591      0.67409       5.58841184E+00
 N       1320      0.50000      0.32490      0.67510       5.58515840E+00
 N       1321      0.50000      0.32389      0.67611       5.58188976E+00
 N       1322      0.50000      0.32287      0.67713       5.57860270E+00
 N       1323      0.50000      0.32186      0.67814       5.57530378E+00
 N       1324      0.50000      0.32085      0.67915       5.57198983E+00
 N       1325      0.50000      0.31984      0.68016       5.56866089E+00
 N       1326      0.50000      0.31883      0.68117       5.56531702E+00
 N       1327      0.50000      0.31781      0.68219       5.56195830E+00
 N       1328      0.50000      0.31680      0.68320       5.55858477E+00
 N       1329      0.50000      0.31579      0.68421       5.55519313E+00
 N       1330      0.50000      0.31478      0.68522       5.55179016E+00
 N       1331      0.50000      0.31377      0.68624       5.54837256E+00
 N       1332      0.50000      0.31275      0.68725       5.54494039E+00
 N       1333      0.50000      0.31174      0.68826       5.54149372E+00
 N       1334      0.50000      0.31073      0.68927       5.53803260E+00
 N       1335      0.50000      0.30972      0.69028       5.53455710E+00
 N       1336      0.50000      0.30870      0.69130       5.53106382E+00
 N       1337      0.50000      0.30769      0.69231       5.52755972E+00
 N       1338      0.50000      0.30668      0.69332       5.52404142E+00
 N       1339      0.50000      0.30567      0.69433       5.52050898E+00
 N       1340      0.50000      0.30466      0.69534       5.51696245E+00
 N       1341      0.50000      0.30364      0.69636       5.51340192E+00
 N       1342      0.50000      0.30263      0.69737       5.50982742E+00
 N       1343      0.50000      0.30162      0.69838       5.50623548E+00
 N       1344      0.50000      0.30061      0.69939       5.50263324E+00
 N       1345      0.50000      0.29960      0.70041       5.49901724E+00
 N       1346      0.50000      0.29858      0.70142       5.49538752E+00
 N       1347      0.50000      0.29757      0.70243       5.49174417E+00
 N       1348      0.50000      0.29656      0.70344       5.48808723E+00
 N       1349      0.50000      0.29555      0.70445       5.48441677E+00
 N       1350      0.50000      0.29453      0.70547       5.48072920E+00
 N       1351      0.50000      0.29352      0.70648       5.47703188E+00
 N       1352      0.50000      0.29251      0.70749       5.47332122E+00
 N       1353      0.50000      0.29150      0.70850       5.46959730E+00
 N       1354      0.50000      0.29049      0.70951       5.46586018E+00
 N       1355      0.50000      0.28947      0.71053       5.46210991E+00
 N       1356      0.50000      0.28846      0.71154       5.45834656E+00
 N       1357      0.50000      0.28745      0.71255       5.45456647E+00
 N       1358      0.50000      0.28644      0.71356       5.45077715E+00
 N       1359      0.50000      0.28542      0.71457       5.44697495E+00
 N       1360      0.50000      0.28441      0.71559       5.44315992E+00
 N       1361      0.50000      0.28340      0.71660       5.43933214E+00
 N       1362      0.50000      0.28239      0.71761       5.43549167E+00
 N       1363      0.50000      0.28138      0.71862       5.43163857E+00
 N       1364      0.50000      0.28036      0.71964       5.42776908E+00
 N       1365      0.50000      0.27935      0.72065       5.42389090E+00
 N       1366      0.50000      0.27834      0.72166       5.42000030E+00
 N       1367      0.50000      0.27733      0.72267       5.41609732E+00
 N       1368      0.50000      0.27632      0.72368       5.41218204E+00
 N       1369      0.50000      0.27530      0.72470       5.40825452E+00
 N       1370      0.50000      0.27429      0.72571       5.40431093E+00
 N       1371      0.50000      0.27328      0.72672       5.40035912E+00
 N       1372      0.50000      0.27227      0.72773       5.39639526E+00
 N       1373      0.50000      0.27126      0.72874       5.39241943E+00
 N       1374      0.50000      0.27024      0.72976       5.38843169E+00
 N       1375      0.50000      0.26923      0.73077       5.38443210E+00
 N       1376      0.50000      0.26822      0.73178       5.38042074E+00
 N       1377      0.50000      0.26721      0.73279       5.37639367E+00
 N       1378      0.50000      0.26619      0.73381       5.37235893E+00
 N       1379      0.50000      0.26518      0.73482       5.36831261E+00
 N       1380      0.50000      0.26417      0.73583       5.36425477E+00
 N       1381      0.50000      0.26316      0.73684       5.36018549E+00
 N       1382      0.50000      0.26215      0.73785       5.35610481E+00
 N       1383      0.50000      0.26113      0.73887       5.35201283E+00
 N       1384      0.50000      0.26012      0.73988       5.34790553E+00
 N       1385      0.50000      0.25911      0.74089       5.34379109E+00
 N       1386      0.50000      0.25810      0.74190       5.33966554E+00
 N       1387      0.50000      0.25709      0.74291       5.33552894E+00
 N       1388      0.50000      0.25607      0.74393       5.33138135E+00
 N       1389      0.50000      0.25506      0.74494       5.32722285E+00
 N       1390      0.50000      0.25405      0.74595       5.32305349E+00
 N       1391      0.50000      0.25304      0.74696       5.31886921E+00
 N       1392      0.50000      0.25202      0.74798       5.31467835E+00
 N       1393      0.50000      0.25101      0.74899       5.31047683E+00
 N       1394      0.50000      0.25000      0.75000       5.30626473E+00
 N       1395      0.50000      0.24857      0.74857       5.30923542E+00
 N       1396      0.50000      0.24714      0.74714       5.31219025E+00
 N       1397      0.50000      0.24571      0.74571       5.31513330E+00
 N       1398      0.50000      0.24429      0.74429       5.31806039E+00
 N       1399      0.50000      0.24286      0.74286       5.32097559E+00
 N       1400      0.50000      0.24143      0.74143       5.32387475E+00
 N       1401      0.50000      0.24000      0.74000       5.32676189E+00
 N       1402      0.50000      0.23857      0.73857       5.32963491E+00
 N       1403      0.50000      0.23714      0.73714       5.33249179E+00
 N       1404      0.50000      0.23571      0.73571       5.33533646E+00
 N       1405      0.50000      0.23429      0.73429       5.33816490E+00
 N       1406      0.50000      0.23286      0.73286       5.34098101E+00
 N       1407      0.50000      0.23143      0.73143       5.34378081E+00
 N       1408      0.50000      0.23000      0.73000       5.34656817E+00
 N       1409      0.50000      0.22857      0.72857       5.34934107E+00
 N       1410      0.50000      0.22714      0.72714       5.35209754E+00
 N       1411      0.50000      0.22571      0.72571       5.35484139E+00
 N       1412      0.50000      0.22429      0.72429       5.35756874E+00
 N       1413      0.50000      0.22286      0.72286       5.36028335E+00
 N       1414      0.50000      0.22143      0.72143       5.36298137E+00
 N       1415      0.50000      0.22000      0.72000       5.36566655E+00
 N       1416      0.50000      0.21857      0.71857       5.36833693E+00
 N       1417      0.50000      0.21714      0.71714       5.37099061E+00
 N       1418      0.50000      0.21571      0.71571       5.37363127E+00
 N       1419      0.50000      0.21429      0.71429       5.37625517E+00
 N       1420      0.50000      0.21286      0.71286       5.37886592E+00
 N       1421      0.50000      0.21143      0.71143       5.38145983E+00
 N       1422      0.50000      0.21000      0.71000       5.38404049E+00
 N       1423      0.50000      0.20857      0.70857       5.38660603E+00
 N       1424      0.50000      0.20714      0.70714       5.38915462E+00
 N       1425      0.50000      0.20571      0.70571       5.39168979E+00
 N       1426      0.50000      0.20429      0.70429       5.39420794E+00
 N       1427      0.50000      0.20286      0.70286       5.39671256E+00
 N       1428      0.50000      0.20143      0.70143       5.39920009E+00
 N       1429      0.50000      0.20000      0.70000       5.40167397E+00
 N       1430      0.50000      0.19857      0.69857       5.40413242E+00
 N       1431      0.50000      0.19714      0.69714       5.40657368E+00
 N       1432      0.50000      0.19571      0.69571       5.40900113E+00
 N       1433      0.50000      0.19429      0.69429       5.41141132E+00
 N       1434      0.50000      0.19286      0.69286       5.41380760E+00
 N       1435      0.50000      0.19143      0.69143       5.41618656E+00
 N       1436      0.50000      0.19000      0.69000       5.41855149E+00
 N       1437      0.50000      0.18857      0.68857       5.42090068E+00
 N       1438      0.50000      0.18714      0.68714       5.42323245E+00
 N       1439      0.50000      0.18571      0.68571       5.42555004E+00
 N       1440      0.50000      0.18429      0.68429       5.42785015E+00
 N       1441      0.50000      0.18286      0.68286       5.43013596E+00
 N       1442      0.50000      0.18143      0.68143       5.43240424E+00
 N       1443      0.50000      0.18000      0.68000       5.43465812E+00
 N       1444      0.50000      0.17857      0.67857       5.43689596E+00
 N       1445      0.50000      0.17714      0.67714       5.43911618E+00
 N       1446      0.50000      0.17571      0.67571       5.44132184E+00
 N       1447      0.50000      0.17429      0.67429       5.44350981E+00
 N       1448      0.50000      0.17286      0.67286       5.44568313E+00
 N       1449      0.50000      0.17143      0.67143       5.44783870E+00
 N       1450      0.50000      0.17000      0.67000       5.44997952E+00
 N       1451      0.50000      0.16857      0.66857       5.45210402E+00
 N       1452      0.50000      0.16714      0.66714       5.45421069E+00
 N       1453      0.50000      0.16571      0.66571       5.45630245E+00
 N       1454      0.50000      0.16429      0.66429       5.45837633E+00
 N       1455      0.50000      0.16286      0.66286       5.46043520E+00
 N       1456      0.50000      0.16143      0.66143       5.46247614E+00
 N       1457      0.50000      0.16000      0.66000       5.46450196E+00
 N       1458      0.50000      0.15857      0.65857       5.46651121E+00
 N       1459      0.50000      0.15714      0.65714       5.46850244E+00
 N       1460      0.50000      0.15571      0.65571       5.47047842E+00
 N       1461      0.50000      0.15429      0.65429       5.47243634E+00
 N       1462      0.50000      0.15286      0.65286       5.47437891E+00
 N       1463      0.50000      0.15143      0.65143       5.47630337E+00
 N       1464      0.50000      0.15000      0.65000       5.47821238E+00
 N       1465      0.50000      0.14857      0.64857       5.48010455E+00
 N       1466      0.50000      0.14714      0.64714       5.48197855E+00
 N       1467      0.50000      0.14571      0.64571       5.48383695E+00
 N       1468      0.50000      0.14429      0.64429       5.48567714E+00
 N       1469      0.50000      0.14286      0.64286       5.48750164E+00
 N       1470      0.50000      0.14143      0.64143       5.48930788E+00
 N       1471      0.50000      0.14000      0.64000       5.49109834E+00
 N       1472      0.50000      0.13857      0.63857       5.49287172E+00
 N       1473      0.50000      0.13714      0.63714       5.49462678E+00
 N       1474      0.50000      0.13571      0.63571       5.49636593E+00
 N       1475      0.50000      0.13429      0.63429       5.49808670E+00
 N       1476      0.50000      0.13286      0.63286       5.49979148E+00
 N       1477      0.50000      0.13143      0.63143       5.50147784E+00
 N       1478      0.50000      0.13000      0.63000       5.50314812E+00
 N       1479      0.50000      0.12857      0.62857       5.50480110E+00
 N       1480      0.50000      0.12714      0.62714       5.50643561E+00
 N       1481      0.50000      0.12571      0.62571       5.50805391E+00
 N       1482      0.50000      0.12429      0.62429       5.50965370E+00
 N       1483      0.50000      0.12286      0.62286       5.51123719E+00
 N       1484      0.50000      0.12143      0.62143       5.51280214E+00
 N       1485      0.50000      0.12000      0.62000       5.51435071E+00
 N       1486      0.50000      0.11857      0.61857       5.51588177E+00
 N       1487      0.50000      0.11714      0.61714       5.51739423E+00
 N       1488      0.50000      0.11571      0.61571       5.51889019E+00
 N       1489      0.50000      0.11429      0.61429       5.52036753E+00
 N       1490      0.50000      0.11286      0.61286       5.52182828E+00
 N       1491      0.50000      0.11143      0.61143       5.52327038E+00
 N       1492      0.50000      0.11000      0.61000       5.52469581E+00
 N       1493      0.50000      0.10857      0.60857       5.52610354E+00
 N       1494      0.50000      0.10714      0.60714       5.52749257E+00
 N       1495      0.50000      0.10571      0.60571       5.52886482E+00
 N       1496      0.50000      0.10429      0.60429       5.53021834E+00
 N       1497      0.50000      0.10286      0.60286       5.53155500E+00
 N       1498      0.50000      0.10143      0.60143       5.53287292E+00
 N       1499      0.50000      0.10000      0.60000       5.53417390E+00
 N       1500      0.50000      0.09857      0.59857       5.53545699E+00
 N       1501      0.50000      0.09714      0.59714       5.53672130E+00
 N       1502      0.50000      0.09571      0.59571       5.53796856E+00
 N       1503      0.50000      0.09429      0.59429       5.53919702E+00
 N       1504      0.50000      0.09286      0.59286       5.54040836E+00
 N       1505      0.50000      0.09143      0.59143       5.54160087E+00
 N       1506      0.50000      0.09000      0.59000       5.54277619E+00
 N       1507      0.50000      0.08857      0.58857       5.54393346E+00
 N       1508      0.50000      0.08714      0.58714       5.54507188E+00
 N       1509      0.50000      0.08571      0.58571       5.54619300E+00
 N       1510      0.50000      0.08429      0.58429       5.54729525E+00
 N       1511      0.50000      0.08286      0.58286       5.54838014E+00
 N       1512      0.50000      0.08143      0.58143       5.54944613E+00
 N       1513      0.50000      0.08000      0.58000       5.55049470E+00
 N       1514      0.50000      0.07857      0.57857       5.55152508E+00
 N       1515      0.50000      0.07714      0.57714       5.55253654E+00
 N       1516      0.50000      0.07571      0.57571       5.55353048E+00
 N       1517      0.50000      0.07429      0.57429       5.55450549E+00
 N       1518      0.50000      0.07286      0.57286       5.55546292E+00
 N       1519      0.50000      0.07143      0.57143       5.55640141E+00
 N       1520      0.50000      0.07000      0.57000       5.55732225E+00
 N       1521      0.50000      0.06857      0.56857       5.55822477E+00
 N       1522      0.50000      0.06714      0.56714       5.55910834E+00
 N       1523      0.50000      0.06571      0.56571       5.55997416E+00
 N       1524      0.50000      0.06429      0.56429       5.56082103E+00
 N       1525      0.50000      0.06286      0.56286       5.56165011E+00
 N       1526      0.50000      0.06143      0.56143       5.56246021E+00
 N       1527      0.50000      0.06000      0.56000       5.56325247E+00
 N       1528      0.50000      0.05857      0.55857       5.56402628E+00
 N       1529      0.50000      0.05714      0.55714       5.56478112E+00
 N       1530      0.50000      0.05571      0.55571       5.56551803E+00
 N       1531      0.50000      0.05429      0.55429       5.56623596E+00
 N       1532      0.50000      0.05286      0.55286       5.56693590E+00
 N       1533      0.50000      0.05143      0.55143       5.56761687E+00
 N       1534      0.50000      0.05000      0.55000       5.56827979E+00
 N       1535      0.50000      0.04857      0.54857       5.56892418E+00
 N       1536      0.50000      0.04714      0.54714       5.56954959E+00
 N       1537      0.50000      0.04571      0.54571       5.57015689E+00
 N       1538      0.50000      0.04429      0.54429       5.57074521E+00
 N       1539      0.50000      0.04286      0.54286       5.57131536E+00
 N       1540      0.50000      0.04143      0.54143       5.57186655E+00
 N       1541      0.50000      0.04000      0.54000       5.57239952E+00
 N       1542      0.50000      0.03857      0.53857       5.57291388E+00
 N       1543      0.50000      0.03714      0.53714       5.57340927E+00
 N       1544      0.50000      0.03571      0.53571       5.57388638E+00
 N       1545      0.50000      0.03429      0.53429       5.57434454E+00
 N       1546      0.50000      0.03286      0.53286       5.57478437E+00
 N       1547      0.50000      0.03143      0.53143       5.57520526E+00
 N       1548      0.50000      0.03000      0.53000       5.57560778E+00
 N       1549      0.50000      0.02857      0.52857       5.57599162E+00
 N       1550      0.50000      0.02714      0.52714       5.57635653E+00
 N       1551      0.50000      0.02571      0.52571       5.57670301E+00
 N       1552      0.50000      0.02429      0.52429       5.57703057E+00
 N       1553      0.50000      0.02286      0.52286       5.57733967E+00
 N       1554      0.50000      0.02143      0.52143       5.57762986E+00
 N       1555      0.50000      0.02000      0.52000       5.57790155E+00
 N       1556      0.50000      0.01857      0.51857       5.57815451E+00
 N       1557      0.50000      0.01714      0.51714       5.57838860E+00
 N       1558      0.50000      0.01571      0.51571       5.57860412E+00
 N       1559      0.50000      0.01429      0.51429       5.57880079E+00
 N       1560      0.50000      0.01286      0.51286       5.57897885E+00
 N       1561      0.50000      0.01143      0.51143       5.57913808E+00
 N       1562      0.50000      0.01000      0.51000       5.57927868E+00
 N       1563      0.50000      0.00857      0.50857       5.57940053E+00
 N       1564      0.50000      0.00714      0.50714       5.57950357E+00
 N       1565      0.50000      0.00571      0.50571       5.57958793E+00
 N       1566      0.50000      0.00429      0.50429       5.57965351E+00
 N       1567      0.50000      0.00286      0.50286       5.57970038E+00
 N       1568      0.50000      0.00143      0.50143       5.57972849E+00
 N       1569      0.50000      0.00000      0.50000       5.57973786E+00
 
