 
  Impact-EELS Intensity
 
  All energies in meV
 
  High-symmetry points and/or path breaks detected at the following q_idxs:
    1   350   474   845  1147  1394  1569 

  The path spacings (in inverse Angstrom) between these points are:
    4.9858E-03    4.9633E-03    4.9903E-03    4.9902E-03    4.9830E-03    4.9719E-03
 
 
  q_idx    mode_idx      Energy               I_eels
 
    1         1        -0.004978        0.000000000000E+00
    1         2        -0.004978        0.000000000000E+00
    1         3        -0.004978        0.000000000000E+00
    1         4       129.460988        0.000000000000E+00
    1         5       129.460988        0.000000000000E+00
    1         6       129.460988        0.000000000000E+00
    2         1         0.495001        0.451346270251E+00
    2         2         0.373882        0.196298845369E-20
    2         3         0.373882        0.253790114878E-21
    2         4       129.470054        0.154961561970E+00
    2         5       129.461374        0.308464343585E-24
    2         6       129.461374        0.308464343585E-24
    3         1         0.990028        0.100563853253E+00
    3         2         0.747806        0.960528360442E-23
    3         3         0.747806        0.960528360442E-23
    3         4       129.497236        0.387390862359E-01
    3         5       129.462531        0.000000000000E+00
    3         6       129.462531        0.000000000000E+00
    4         1         1.485023        0.439935819812E-01
    4         2         1.121703        0.200132339868E-23
    4         3         1.121703        0.000000000000E+00
    4         4       129.542486        0.171923912732E-01
    4         5       129.464453        0.000000000000E+00
    4         6       129.464453        0.000000000000E+00
    5         1         1.979980        0.247508050969E-01
    5         2         1.495572        0.169553856748E-24
    5         3         1.495572        0.000000000000E+00
    5         4       129.605724        0.965311104128E-02
    5         5       129.467129        0.000000000000E+00
    5         6       129.467129        0.000000000000E+00
    6         1         2.474889        0.159191948915E-01
    6         2         1.869407        0.000000000000E+00
    6         3         1.869407        0.000000000000E+00
    6         4       129.686841        0.616575624380E-02
    6         5       129.470545        0.000000000000E+00
    6         6       129.470545        0.000000000000E+00
    7         1         2.969738        0.111276801617E-01
    7         2         2.243200        0.000000000000E+00
    7         3         2.243200        0.000000000000E+00
    7         4       129.785693        0.426992942448E-02
    7         5       129.474683        0.000000000000E+00
    7         6       129.474683        0.000000000000E+00
    8         1         3.464516        0.823556281074E-02
    8         2         2.616944        0.000000000000E+00
    8         3         2.616944        0.000000000000E+00
    8         4       129.902110        0.312698187819E-02
    8         5       129.479520        0.000000000000E+00
    8         6       129.479520        0.000000000000E+00
    9         1         3.959212        0.635452368193E-02
    9         2         2.990630        0.000000000000E+00
    9         3         2.990630        0.000000000000E+00
    9         4       130.035887        0.238568777155E-02
    9         5       129.485031        0.000000000000E+00
    9         6       129.485031        0.000000000000E+00
   10         1         4.453813        0.506028155330E-02
   10         2         3.364249        0.000000000000E+00
   10         3         3.364249        0.000000000000E+00
   10         4       130.186795        0.187712048705E-02
   10         5       129.491186        0.000000000000E+00
   10         6       129.491186        0.000000000000E+00
   11         1         4.948310        0.413119893078E-02
   11         2         3.737794        0.000000000000E+00
   11         3         3.737794        0.000000000000E+00
   11         4       130.354573        0.151341419445E-02
   11         5       129.497950        0.000000000000E+00
   11         6       129.497950        0.000000000000E+00
   12         1         5.442689        0.344134113110E-02
   12         2         4.111255        0.000000000000E+00
   12         3         4.111255        0.000000000000E+00
   12         4       130.538933        0.124452970082E-02
   12         5       129.505287        0.000000000000E+00
   12         6       129.505287        0.000000000000E+00
   13         1         5.936941        0.291429942848E-02
   13         2         4.484624        0.000000000000E+00
   13         3         4.484624        0.000000000000E+00
   13         4       130.739562        0.103991374462E-02
   13         5       129.513157        0.000000000000E+00
   13         6       129.513157        0.000000000000E+00
   14         1         6.431054        0.250241911344E-02
   14         2         4.857893        0.000000000000E+00
   14         3         4.857893        0.000000000000E+00
   14         4       130.956121        0.880724143433E-03
   14         5       129.521515        0.000000000000E+00
   14         6       129.521515        0.000000000000E+00
   15         1         6.925017        0.217431354446E-02
   15         2         5.231052        0.000000000000E+00
   15         3         5.231052        0.000000000000E+00
   15         4       131.188244        0.754535035967E-03
   15         5       129.530315        0.000000000000E+00
   15         6       129.530315        0.000000000000E+00
   16         1         7.418820        0.190835259238E-02
   16         2         5.604093        0.000000000000E+00
   16         3         5.604093        0.000000000000E+00
   16         4       131.435546        0.652700176229E-03
   16         5       129.539506        0.000000000000E+00
   16         6       129.539506        0.000000000000E+00
   17         1         7.912453        0.168972282042E-02
   17         2         5.977006        0.000000000000E+00
   17         3         5.977006        0.000000000000E+00
   17         4       131.697616        0.569399343363E-03
   17         5       129.549035        0.000000000000E+00
   17         6       129.549035        0.000000000000E+00
   18         1         8.405904        0.150778277718E-02
   18         2         6.349783        0.000000000000E+00
   18         3         6.349783        0.000000000000E+00
   18         4       131.974024        0.500445817769E-03
   18         5       129.558847        0.000000000000E+00
   18         6       129.558847        0.000000000000E+00
   19         1         8.899165        0.135456729817E-02
   19         2         6.722414        0.000000000000E+00
   19         3         6.722414        0.000000000000E+00
   19         4       132.264322        0.442660915502E-03
   19         5       129.568884        0.000000000000E+00
   19         6       129.568884        0.000000000000E+00
   20         1         9.392225        0.122431381669E-02
   20         2         7.094890        0.000000000000E+00
   20         3         7.094890        0.000000000000E+00
   20         4       132.568041        0.393797786492E-03
   20         5       129.579085        0.000000000000E+00
   20         6       129.579085        0.000000000000E+00
   21         1         9.885074        0.111263796394E-02
   21         2         7.467202        0.000000000000E+00
   21         3         7.467202        0.000000000000E+00
   21         4       132.884696        0.352143891948E-03
   21         5       129.589389        0.000000000000E+00
   21         6       129.589389        0.000000000000E+00
   22         1        10.377703        0.101605244528E-02
   22         2         7.839339        0.000000000000E+00
   22         3         7.839339        0.000000000000E+00
   22         4       133.213789        0.316310570866E-03
   22         5       129.599729        0.000000000000E+00
   22         6       129.599729        0.000000000000E+00
   23         1        10.870103        0.931949651896E-03
   23         2         8.211294        0.000000000000E+00
   23         3         8.211294        0.000000000000E+00
   23         4       133.554805        0.285289332888E-03
   23         5       129.610041        0.000000000000E+00
   23         6       129.610041        0.000000000000E+00
   24         1        11.362264        0.858262674096E-03
   24         2         8.583055        0.000000000000E+00
   24         3         8.583055        0.000000000000E+00
   24         4       133.907218        0.258278910708E-03
   24         5       129.620257        0.000000000000E+00
   24         6       129.620257        0.000000000000E+00
   25         1        11.854179        0.793264910049E-03
   25         2         8.954614        0.000000000000E+00
   25         3         8.954614        0.000000000000E+00
   25         4       134.270490        0.234593531290E-03
   25         5       129.630307        0.000000000000E+00
   25         6       129.630307        0.000000000000E+00
   26         1        12.345837        0.735640704689E-03
   26         2         9.325960        0.000000000000E+00
   26         3         9.325960        0.000000000000E+00
   26         4       134.644074        0.213728473006E-03
   26         5       129.640123        0.000000000000E+00
   26         6       129.640123        0.000000000000E+00
   27         1        12.837231        0.684314591106E-03
   27         2         9.697084        0.000000000000E+00
   27         3         9.697084        0.000000000000E+00
   27         4       135.027414        0.195269921452E-03
   27         5       129.649632        0.000000000000E+00
   27         6       129.649632        0.000000000000E+00
   28         1        13.328353        0.638349209234E-03
   28         2        10.067975        0.000000000000E+00
   28         3        10.067975        0.000000000000E+00
   28         4       135.419949        0.178846705674E-03
   28         5       129.658764        0.000000000000E+00
   28         6       129.658764        0.000000000000E+00
   29         1        13.819195        0.597023962420E-03
   29         2        10.438625        0.000000000000E+00
   29         3        10.438625        0.000000000000E+00
   29         4       135.821109        0.164184527199E-03
   29         5       129.667448        0.000000000000E+00
   29         6       129.667448        0.000000000000E+00
   30         1        14.309750        0.559735467025E-03
   30         2        10.809022        0.000000000000E+00
   30         3        10.809022        0.000000000000E+00
   30         4       136.230322        0.151052860333E-03
   30         5       129.675610        0.000000000000E+00
   30         6       129.675610        0.000000000000E+00
   31         1        14.800008        0.525937028573E-03
   31         2        11.179156        0.000000000000E+00
   31         3        11.179156        0.000000000000E+00
   31         4       136.647011        0.139236001024E-03
   31         5       129.683180        0.000000000000E+00
   31         6       129.683180        0.000000000000E+00
   32         1        15.289965        0.495207851802E-03
   32         2        11.549019        0.000000000000E+00
   32         3        11.549019        0.000000000000E+00
   32         4       137.070601        0.128574924853E-03
   32         5       129.690085        0.000000000000E+00
   32         6       129.690085        0.000000000000E+00
   33         1        15.779612        0.467188707936E-03
   33         2        11.918599        0.000000000000E+00
   33         3        11.918599        0.000000000000E+00
   33         4       137.500512        0.118933276768E-03
   33         5       129.696255        0.000000000000E+00
   33         6       129.696255        0.000000000000E+00
   34         1        16.268943        0.441541861794E-03
   34         2        12.287887        0.000000000000E+00
   34         3        12.287887        0.000000000000E+00
   34         4       137.936166        0.110178380447E-03
   34         5       129.701620        0.000000000000E+00
   34         6       129.701620        0.000000000000E+00
   35         1        16.757950        0.418008683552E-03
   35         2        12.656872        0.000000000000E+00
   35         3        12.656872        0.000000000000E+00
   35         4       138.376989        0.102213111853E-03
   35         5       129.706109        0.000000000000E+00
   35         6       129.706109        0.000000000000E+00
   36         1        17.246629        0.396364812237E-03
   36         2        13.025545        0.000000000000E+00
   36         3        13.025545        0.000000000000E+00
   36         4       138.822407        0.949527930747E-04
   36         5       129.709655        0.000000000000E+00
   36         6       129.709655        0.000000000000E+00
   37         1        17.734973        0.376391505736E-03
   37         2        13.393895        0.000000000000E+00
   37         3        13.393895        0.000000000000E+00
   37         4       139.271851        0.883119526291E-04
   37         5       129.712192        0.000000000000E+00
   37         6       129.712192        0.000000000000E+00
   38         1        18.222975        0.357923002434E-03
   38         2        13.761913        0.000000000000E+00
   38         3        13.761913        0.000000000000E+00
   38         4       139.724757        0.822286712020E-04
   38         5       129.713653        0.000000000000E+00
   38         6       129.713653        0.000000000000E+00
   39         1        18.710631        0.340813544387E-03
   39         2        14.129588        0.000000000000E+00
   39         3        14.129588        0.000000000000E+00
   39         4       140.180565        0.766481970344E-04
   39         5       129.713975        0.000000000000E+00
   39         6       129.713975        0.000000000000E+00
   40         1        19.197934        0.324915752764E-03
   40         2        14.496912        0.000000000000E+00
   40         3        14.496912        0.000000000000E+00
   40         4       140.638726        0.715133165720E-04
   40         5       129.713097        0.000000000000E+00
   40         6       129.713097        0.000000000000E+00
   41         1        19.684879        0.310119616465E-03
   41         2        14.863873        0.000000000000E+00
   41         3        14.863873        0.000000000000E+00
   41         4       141.098693        0.667831083106E-04
   41         5       129.710960        0.000000000000E+00
   41         6       129.710960        0.000000000000E+00
   42         1        20.171462        0.296327297176E-03
   42         2        15.230463        0.000000000000E+00
   42         3        15.230463        0.000000000000E+00
   42         4       141.559931        0.624209456396E-04
   42         5       129.707506        0.000000000000E+00
   42         6       129.707506        0.000000000000E+00
   43         1        20.657676        0.283436088100E-03
   43         2        15.596672        0.000000000000E+00
   43         3        15.596672        0.000000000000E+00
   43         4       142.021914        0.583872782354E-04
   43         5       129.702681        0.000000000000E+00
   43         6       129.702681        0.000000000000E+00
   44         1        21.143518        0.271370821184E-03
   44         2        15.962490        0.000000000000E+00
   44         3        15.962490        0.000000000000E+00
   44         4       142.484124        0.546542205044E-04
   44         5       129.696432        0.000000000000E+00
   44         6       129.696432        0.000000000000E+00
   45         1        21.628983        0.260063958244E-03
   45         2        16.327908        0.000000000000E+00
   45         3        16.327908        0.000000000000E+00
   45         4       142.946056        0.511965490643E-04
   45         5       129.688712        0.000000000000E+00
   45         6       129.688712        0.000000000000E+00
   46         1        22.114066        0.249441835311E-03
   46         2        16.692916        0.000000000000E+00
   46         3        16.692916        0.000000000000E+00
   46         4       143.407212        0.479861671787E-04
   46         5       129.679473        0.000000000000E+00
   46         6       129.679473        0.000000000000E+00
   47         1        22.598763        0.239451789135E-03
   47         2        17.057507        0.000000000000E+00
   47         3        17.057507        0.000000000000E+00
   47         4       143.867111        0.450035650631E-04
   47         5       129.668672        0.000000000000E+00
   47         6       129.668672        0.000000000000E+00
   48         1        23.083069        0.230046090588E-03
   48         2        17.421670        0.000000000000E+00
   48         3        17.421670        0.000000000000E+00
   48         4       144.325280        0.422309307020E-04
   48         5       129.656271        0.000000000000E+00
   48         6       129.656271        0.000000000000E+00
   49         1        23.566981        0.221170547410E-03
   49         2        17.785397        0.000000000000E+00
   49         3        17.785397        0.000000000000E+00
   49         4       144.781260        0.396478332217E-04
   49         5       129.642231        0.000000000000E+00
   49         6       129.642231        0.000000000000E+00
   50         1        24.050494        0.212787470562E-03
   50         2        18.148679        0.000000000000E+00
   50         3        18.148679        0.000000000000E+00
   50         4       145.234606        0.372403059611E-04
   50         5       129.626520        0.000000000000E+00
   50         6       129.626520        0.000000000000E+00
   51         1        24.533605        0.204862436096E-03
   51         2        18.511507        0.000000000000E+00
   51         3        18.511507        0.000000000000E+00
   51         4       145.684885        0.349954922792E-04
   51         5       129.609109        0.000000000000E+00
   51         6       129.609109        0.000000000000E+00
   52         1        25.016311        0.197354682565E-03
   52         2        18.873874        0.000000000000E+00
   52         3        18.873874        0.000000000000E+00
   52         4       146.131679        0.328982345487E-04
   52         5       129.589970        0.000000000000E+00
   52         6       129.589970        0.000000000000E+00
   53         1        25.498606        0.190236738949E-03
   53         2        19.235770        0.000000000000E+00
   53         3        19.235770        0.000000000000E+00
   53         4       146.574583        0.309383308895E-04
   53         5       129.569083        0.000000000000E+00
   53         6       129.569083        0.000000000000E+00
   54         1        25.980488        0.183483335786E-03
   54         2        19.597189        0.000000000000E+00
   54         3        19.597189        0.000000000000E+00
   54         4       147.013208        0.291063207975E-04
   54         5       129.546427        0.000000000000E+00
   54         6       129.546427        0.000000000000E+00
   55         1        26.461954        0.177063204037E-03
   55         2        19.958122        0.000000000000E+00
   55         3        19.958122        0.000000000000E+00
   55         4       147.447177        0.273907622551E-04
   55         5       129.521989        0.000000000000E+00
   55         6       129.521989        0.000000000000E+00
   56         1        26.943000        0.170955998669E-03
   56         2        20.318561        0.000000000000E+00
   56         3        20.318561        0.000000000000E+00
   56         4       147.876132        0.257840691218E-04
   56         5       129.495757        0.000000000000E+00
   56         6       129.495757        0.000000000000E+00
   57         1        27.423622        0.165142885182E-03
   57         2        20.678498        0.000000000000E+00
   57         3        20.678498        0.000000000000E+00
   57         4       148.299726        0.242791597451E-04
   57         5       129.467723        0.000000000000E+00
   57         6       129.467723        0.000000000000E+00
   58         1        27.903817        0.159599453381E-03
   58         2        21.037928        0.000000000000E+00
   58         3        21.037928        0.000000000000E+00
   58         4       148.717629        0.228672660155E-04
   58         5       129.437885        0.000000000000E+00
   58         6       129.437885        0.000000000000E+00
   59         1        28.383582        0.154310425231E-03
   59         2        21.396841        0.000000000000E+00
   59         3        21.396841        0.000000000000E+00
   59         4       149.129526        0.215426561217E-04
   59         5       129.406242        0.000000000000E+00
   59         6       129.406242        0.000000000000E+00
   60         1        28.862914        0.149261573900E-03
   60         2        21.755231        0.000000000000E+00
   60         3        21.755231        0.000000000000E+00
   60         4       149.535118        0.202999472792E-04
   60         5       129.372799        0.000000000000E+00
   60         6       129.372799        0.000000000000E+00
   61         1        29.341809        0.144433539958E-03
   61         2        22.113092        0.000000000000E+00
   61         3        22.113092        0.000000000000E+00
   61         4       149.934121        0.191323317982E-04
   61         5       129.337565        0.000000000000E+00
   61         6       129.337565        0.000000000000E+00
   62         1        29.820265        0.139814715823E-03
   62         2        22.470415        0.000000000000E+00
   62         3        22.470415        0.000000000000E+00
   62         4       150.326266        0.180354162922E-04
   62         5       129.300550        0.000000000000E+00
   62         6       129.300550        0.000000000000E+00
   63         1        30.298277        0.135394226332E-03
   63         2        22.827196        0.000000000000E+00
   63         3        22.827196        0.000000000000E+00
   63         4       150.711299        0.170050521235E-04
   63         5       129.261770        0.000000000000E+00
   63         6       129.261770        0.000000000000E+00
   64         1        30.775844        0.131156502031E-03
   64         2        23.183427        0.000000000000E+00
   64         3        23.183427        0.000000000000E+00
   64         4       151.088983        0.160358930272E-04
   64         5       129.221245        0.000000000000E+00
   64         6       129.221245        0.000000000000E+00
   65         1        31.252961        0.127092625971E-03
   65         2        23.539102        0.000000000000E+00
   65         3        23.539102        0.000000000000E+00
   65         4       151.459095        0.151245270652E-04
   65         5       129.178998        0.000000000000E+00
   65         6       129.178998        0.000000000000E+00
   66         1        31.729626        0.123194205949E-03
   66         2        23.894216        0.000000000000E+00
   66         3        23.894216        0.000000000000E+00
   66         4       151.821428        0.142677161607E-04
   66         5       129.135054        0.000000000000E+00
   66         6       129.135054        0.000000000000E+00
   67         1        32.205835        0.119448555534E-03
   67         2        24.248760        0.000000000000E+00
   67         3        24.248760        0.000000000000E+00
   67         4       152.175791        0.134612195273E-04
   67         5       129.089445        0.000000000000E+00
   67         6       129.089445        0.000000000000E+00
   68         1        32.681585        0.115848764526E-03
   68         2        24.602731        0.000000000000E+00
   68         3        24.602731        0.000000000000E+00
   68         4       152.522004        0.127023553394E-04
   68         5       129.042203        0.000000000000E+00
   68         6       129.042203        0.000000000000E+00
   69         1        33.156873        0.112388298376E-03
   69         2        24.956122        0.000000000000E+00
   69         3        24.956122        0.000000000000E+00
   69         4       152.859908        0.119885665519E-04
   69         5       128.993364        0.000000000000E+00
   69         6       128.993364        0.000000000000E+00
   70         1        33.631695        0.109056698304E-03
   70         2        25.308928        0.000000000000E+00
   70         3        25.308928        0.000000000000E+00
   70         4       153.189353        0.113164597210E-04
   70         5       128.942970        0.000000000000E+00
   70         6       128.942970        0.000000000000E+00
   71         1        34.106047        0.105848569538E-03
   71         2        25.661142        0.000000000000E+00
   71         3        25.661142        0.000000000000E+00
   71         4       153.510208        0.106839030806E-04
   71         5       128.891062        0.000000000000E+00
   71         6       128.891062        0.000000000000E+00
   72         1        34.579928        0.102758782688E-03
   72         2        26.012759        0.000000000000E+00
   72         3        26.012759        0.000000000000E+00
   72         4       153.822353        0.100888553116E-04
   72         5       128.837686        0.000000000000E+00
   72         6       128.837686        0.000000000000E+00
   73         1        35.053332        0.997786253974E-04
   73         2        26.363775        0.000000000000E+00
   73         3        26.363775        0.000000000000E+00
   73         4       154.125685        0.952858002077E-05
   73         5       128.782891        0.000000000000E+00
   73         6       128.782891        0.000000000000E+00
   74         1        35.526256        0.969038569903E-04
   74         2        26.714183        0.000000000000E+00
   74         3        26.714183        0.000000000000E+00
   74         4       154.420113        0.900136470473E-05
   74         5       128.726728        0.000000000000E+00
   74         6       128.726728        0.000000000000E+00
   75         1        35.998697        0.941304257105E-04
   75         2        27.063979        0.000000000000E+00
   75         3        27.063979        0.000000000000E+00
   75         4       154.705560        0.850556284825E-05
   75         5       128.669251        0.000000000000E+00
   75         6       128.669251        0.000000000000E+00
   76         1        36.470651        0.914510031481E-04
   76         2        27.413156        0.000000000000E+00
   76         3        27.413156        0.000000000000E+00
   76         4       154.981964        0.803895297699E-05
   76         5       128.610515        0.000000000000E+00
   76         6       128.610515        0.000000000000E+00
   77         1        36.942114        0.888622357406E-04
   77         2        27.761711        0.000000000000E+00
   77         3        27.761711        0.000000000000E+00
   77         4       155.249274        0.760014538117E-05
   77         5       128.550580        0.000000000000E+00
   77         6       128.550580        0.000000000000E+00
   78         1        37.413082        0.863609067261E-04
   78         2        28.109637        0.000000000000E+00
   78         3        28.109637        0.000000000000E+00
   78         4       155.507452        0.718779884066E-05
   78         5       128.489505        0.000000000000E+00
   78         6       128.489505        0.000000000000E+00
   79         1        37.883551        0.839407956179E-04
   79         2        28.456930        0.000000000000E+00
   79         3        28.456930        0.000000000000E+00
   79         4       155.756476        0.680009914014E-05
   79         5       128.427352        0.000000000000E+00
   79         6       128.427352        0.000000000000E+00
   80         1        38.353517        0.815992394797E-04
   80         2        28.803585        0.000000000000E+00
   80         3        28.803585        0.000000000000E+00
   80         4       155.996332        0.643590744324E-05
   80         5       128.364185        0.000000000000E+00
   80         6       128.364185        0.000000000000E+00
   81         1        38.822976        0.793336718188E-04
   81         2        29.149596        0.000000000000E+00
   81         3        29.149596        0.000000000000E+00
   81         4       156.227020        0.609412067867E-05
   81         5       128.300070        0.000000000000E+00
   81         6       128.300070        0.000000000000E+00
   82         1        39.291923        0.771387702000E-04
   82         2        29.494959        0.000000000000E+00
   82         3        29.494959        0.000000000000E+00
   82         4       156.448552        0.577324946393E-05
   82         5       128.235073        0.000000000000E+00
   82         6       128.235073        0.000000000000E+00
   83         1        39.760355        0.750124118806E-04
   83         2        29.839669        0.000000000000E+00
   83         3        29.839669        0.000000000000E+00
   83         4       156.660950        0.547235150476E-05
   83         5       128.169261        0.000000000000E+00
   83         6       128.169261        0.000000000000E+00
   84         1        40.228266        0.729525409646E-04
   84         2        30.183720        0.000000000000E+00
   84         3        30.183720        0.000000000000E+00
   84         4       156.864249        0.519051105046E-05
   84         5       128.102703        0.000000000000E+00
   84         6       128.102703        0.000000000000E+00
   85         1        40.695652        0.709545697702E-04
   85         2        30.527108        0.000000000000E+00
   85         3        30.527108        0.000000000000E+00
   85         4       157.058494        0.492649967104E-05
   85         5       128.035469        0.000000000000E+00
   85         6       128.035469        0.000000000000E+00
   86         1        41.162508        0.690168019153E-04
   86         2        30.869828        0.000000000000E+00
   86         3        30.869828        0.000000000000E+00
   86         4       157.243738        0.467953024283E-05
   86         5       127.967628        0.000000000000E+00
   86         6       127.967628        0.000000000000E+00
   87         1        41.628830        0.671375847499E-04
   87         2        31.211874        0.000000000000E+00
   87         3        31.211874        0.000000000000E+00
   87         4       157.420048        0.444883538889E-05
   87         5       127.899250        0.000000000000E+00
   87         6       127.899250        0.000000000000E+00
   88         1        42.094612        0.653129369066E-04
   88         2        31.553241        0.000000000000E+00
   88         3        31.553241        0.000000000000E+00
   88         4       157.587498        0.423339771359E-05
   88         5       127.830406        0.000000000000E+00
   88         6       127.830406        0.000000000000E+00
   89         1        42.559850        0.635422679279E-04
   89         2        31.893925        0.000000000000E+00
   89         3        31.893925        0.000000000000E+00
   89         4       157.746171        0.403263677244E-05
   89         5       127.761166        0.000000000000E+00
   89         6       127.761166        0.000000000000E+00
   90         1        43.024538        0.618219426800E-04
   90         2        32.233920        0.000000000000E+00
   90         3        32.233920        0.000000000000E+00
   90         4       157.896160        0.384565342297E-05
   90         5       127.691600        0.000000000000E+00
   90         6       127.691600        0.000000000000E+00
   91         1        43.488671        0.601507883900E-04
   91         2        32.573221        0.000000000000E+00
   91         3        32.573221        0.000000000000E+00
   91         4       158.037566        0.367185198218E-05
   91         5       127.621777        0.000000000000E+00
   91         6       127.621777        0.000000000000E+00
   92         1        43.952243        0.585276514386E-04
   92         2        32.911823        0.000000000000E+00
   92         3        32.911823        0.000000000000E+00
   92         4       158.170499        0.351064891752E-05
   92         5       127.551767        0.000000000000E+00
   92         6       127.551767        0.000000000000E+00
   93         1        44.415250        0.569493452828E-04
   93         2        33.249721        0.000000000000E+00
   93         3        33.249721        0.000000000000E+00
   93         4       158.295076        0.336129504814E-05
   93         5       127.481638        0.000000000000E+00
   93         6       127.481638        0.000000000000E+00
   94         1        44.877686        0.554149286712E-04
   94         2        33.586909        0.000000000000E+00
   94         3        33.586909        0.000000000000E+00
   94         4       158.411421        0.322327993410E-05
   94         5       127.411457        0.000000000000E+00
   94         6       127.411457        0.000000000000E+00
   95         1        45.339545        0.539234702218E-04
   95         2        33.923382        0.000000000000E+00
   95         3        33.923382        0.000000000000E+00
   95         4       158.519665        0.309610225856E-05
   95         5       127.341291        0.000000000000E+00
   95         6       127.341291        0.000000000000E+00
   96         1        45.800821        0.524721609140E-04
   96         2        34.259136        0.000000000000E+00
   96         3        34.259136        0.000000000000E+00
   96         4       158.619946        0.297913578500E-05
   96         5       127.271203        0.000000000000E+00
   96         6       127.271203        0.000000000000E+00
   97         1        46.261509        0.510602457847E-04
   97         2        34.594164        0.000000000000E+00
   97         3        34.594164        0.000000000000E+00
   97         4       158.712409        0.287193888231E-05
   97         5       127.201257        0.000000000000E+00
   97         6       127.201257        0.000000000000E+00
   98         1        46.721602        0.496869718124E-04
   98         2        34.928461        0.000000000000E+00
   98         3        34.928461        0.000000000000E+00
   98         4       158.797202        0.277407683144E-05
   98         5       127.131515        0.000000000000E+00
   98         6       127.131515        0.000000000000E+00
   99         1        47.181095        0.483498503650E-04
   99         2        35.262022        0.000000000000E+00
   99         3        35.262022        0.000000000000E+00
   99         4       158.874483        0.268502457475E-05
   99         5       127.062037        0.000000000000E+00
   99         6       127.062037        0.000000000000E+00
  100         1        47.639981        0.470482764430E-04
  100         2        35.594842        0.000000000000E+00
  100         3        35.594842        0.000000000000E+00
  100         4       158.944410        0.260439634171E-05
  100         5       126.992880        0.000000000000E+00
  100         6       126.992880        0.000000000000E+00
  101         1        48.098254        0.457816405208E-04
  101         2        35.926915        0.000000000000E+00
  101         3        35.926915        0.000000000000E+00
  101         4       159.007148        0.253181165201E-05
  101         5       126.924101        0.000000000000E+00
  101         6       126.924101        0.000000000000E+00
  102         1        48.555908        0.445477286499E-04
  102         2        36.258235        0.000000000000E+00
  102         3        36.258235        0.000000000000E+00
  102         4       159.062868        0.246682900254E-05
  102         5       126.855752        0.000000000000E+00
  102         6       126.855752        0.000000000000E+00
  103         1        49.012937        0.433460554762E-04
  103         2        36.588798        0.000000000000E+00
  103         3        36.588798        0.000000000000E+00
  103         4       159.111741        0.240910823340E-05
  103         5       126.787885        0.000000000000E+00
  103         6       126.787885        0.000000000000E+00
  104         1        49.469333        0.421761279581E-04
  104         2        36.918597        0.000000000000E+00
  104         3        36.918597        0.000000000000E+00
  104         4       159.153945        0.235831330693E-05
  104         5       126.720548        0.000000000000E+00
  104         6       126.720548        0.000000000000E+00
  105         1        49.925092        0.410359678358E-04
  105         2        37.247628        0.000000000000E+00
  105         3        37.247628        0.000000000000E+00
  105         4       159.189659        0.231407191803E-05
  105         5       126.653788        0.000000000000E+00
  105         6       126.653788        0.000000000000E+00
  106         1        50.380205        0.399251868169E-04
  106         2        37.575885        0.000000000000E+00
  106         3        37.575885        0.000000000000E+00
  106         4       159.219065        0.227608137904E-05
  106         5       126.587647        0.000000000000E+00
  106         6       126.587647        0.000000000000E+00
  107         1        50.834667        0.388433854937E-04
  107         2        37.903363        0.000000000000E+00
  107         3        37.903363        0.000000000000E+00
  107         4       159.242348        0.224404230862E-05
  107         5       126.522167        0.000000000000E+00
  107         6       126.522167        0.000000000000E+00
  108         1        51.288471        0.377887894554E-04
  108         2        38.230055        0.000000000000E+00
  108         3        38.230055        0.000000000000E+00
  108         4       159.259694        0.221763986041E-05
  108         5       126.457386        0.000000000000E+00
  108         6       126.457386        0.000000000000E+00
  109         1        51.741610        0.367610884898E-04
  109         2        38.555958        0.000000000000E+00
  109         3        38.555958        0.000000000000E+00
  109         4       159.271293        0.219660235357E-05
  109         5       126.393336        0.000000000000E+00
  109         6       126.393336        0.000000000000E+00
  110         1        52.194077        0.357599587095E-04
  110         2        38.881065        0.000000000000E+00
  110         3        38.881065        0.000000000000E+00
  110         4       159.277333        0.218066087401E-05
  110         5       126.330052        0.000000000000E+00
  110         6       126.330052        0.000000000000E+00
  111         1        52.645866        0.347838032304E-04
  111         2        39.205372        0.000000000000E+00
  111         3        39.205372        0.000000000000E+00
  111         4       159.278004        0.216954839257E-05
  111         5       126.267561        0.000000000000E+00
  111         6       126.267561        0.000000000000E+00
  112         1        53.096969        0.338323742377E-04
  112         2        39.528873        0.000000000000E+00
  112         3        39.528873        0.000000000000E+00
  112         4       159.273499        0.216301910868E-05
  112         5       126.205888        0.000000000000E+00
  112         6       126.205888        0.000000000000E+00
  113         1        53.547380        0.329054084789E-04
  113         2        39.851562        0.000000000000E+00
  113         3        39.851562        0.000000000000E+00
  113         4       159.264009        0.216082966427E-05
  113         5       126.145057        0.000000000000E+00
  113         6       126.145057        0.000000000000E+00
  114         1        53.997091        0.320014645953E-04
  114         2        40.173436        0.000000000000E+00
  114         3        40.173436        0.000000000000E+00
  114         4       159.249724        0.216275290553E-05
  114         5       126.085086        0.000000000000E+00
  114         6       126.085086        0.000000000000E+00
  115         1        54.446097        0.311203443675E-04
  115         2        40.494488        0.000000000000E+00
  115         3        40.494488        0.000000000000E+00
  115         4       159.230837        0.216856486329E-05
  115         5       126.025991        0.000000000000E+00
  115         6       126.025991        0.000000000000E+00
  116         1        54.894389        0.302618332470E-04
  116         2        40.814714        0.000000000000E+00
  116         3        40.814714        0.000000000000E+00
  116         4       159.207536        0.217804384624E-05
  116         5       125.967785        0.000000000000E+00
  116         6       125.967785        0.000000000000E+00
  117         1        55.341961        0.294246263339E-04
  117         2        41.134110        0.000000000000E+00
  117         3        41.134110        0.000000000000E+00
  117         4       159.180012        0.219099603281E-05
  117         5       125.910478        0.000000000000E+00
  117         6       125.910478        0.000000000000E+00
  118         1        55.788806        0.286085647755E-04
  118         2        41.452669        0.000000000000E+00
  118         3        41.452669        0.000000000000E+00
  118         4       159.148452        0.220721609893E-05
  118         5       125.854077        0.000000000000E+00
  118         6       125.854077        0.000000000000E+00
  119         1        56.234917        0.278134726245E-04
  119         2        41.770389        0.000000000000E+00
  119         3        41.770389        0.000000000000E+00
  119         4       159.113043        0.222650096443E-05
  119         5       125.798583        0.000000000000E+00
  119         6       125.798583        0.000000000000E+00
  120         1        56.680286        0.270381654669E-04
  120         2        42.087263        0.000000000000E+00
  120         3        42.087263        0.000000000000E+00
  120         4       159.073969        0.224868473521E-05
  120         5       125.743999        0.000000000000E+00
  120         6       125.743999        0.000000000000E+00
  121         1        57.124907        0.262825153611E-04
  121         2        42.403288        0.000000000000E+00
  121         3        42.403288        0.000000000000E+00
  121         4       159.031414        0.227357825450E-05
  121         5       125.690320        0.000000000000E+00
  121         6       125.690320        0.000000000000E+00
  122         1        57.568773        0.255463766868E-04
  122         2        42.718459        0.000000000000E+00
  122         3        42.718459        0.000000000000E+00
  122         4       158.985557        0.230099467401E-05
  122         5       125.637541        0.000000000000E+00
  122         6       125.637541        0.000000000000E+00
  123         1        58.011877        0.248286720180E-04
  123         2        43.032772        0.000000000000E+00
  123         3        43.032772        0.000000000000E+00
  123         4       158.936576        0.233079156692E-05
  123         5       125.585652        0.000000000000E+00
  123         6       125.585652        0.000000000000E+00
  124         1        58.454211        0.241292970912E-04
  124         2        43.346223        0.000000000000E+00
  124         3        43.346223        0.000000000000E+00
  124         4       158.884646        0.236279403469E-05
  124         5       125.534643        0.000000000000E+00
  124         6       125.534643        0.000000000000E+00
  125         1        58.895768        0.234481296272E-04
  125         2        43.658808        0.000000000000E+00
  125         3        43.658808        0.000000000000E+00
  125         4       158.829940        0.239682964010E-05
  125         5       125.484497        0.000000000000E+00
  125         6       125.484497        0.000000000000E+00
  126         1        59.336543        0.227841876039E-04
  126         2        43.970523        0.000000000000E+00
  126         3        43.970523        0.000000000000E+00
  126         4       158.772625        0.243277573162E-05
  126         5       125.435199        0.000000000000E+00
  126         6       125.435199        0.000000000000E+00
  127         1        59.776526        0.221373846990E-04
  127         2        44.281364        0.000000000000E+00
  127         3        44.281364        0.000000000000E+00
  127         4       158.712867        0.247047023839E-05
  127         5       125.386727        0.000000000000E+00
  127         6       125.386727        0.000000000000E+00
  128         1        60.215713        0.215076162280E-04
  128         2        44.591328        0.000000000000E+00
  128         3        44.591328        0.000000000000E+00
  128         4       158.650827        0.250975374697E-05
  128         5       125.339060        0.000000000000E+00
  128         6       125.339060        0.000000000000E+00
  129         1        60.654095        0.208939853889E-04
  129         2        44.900411        0.000000000000E+00
  129         3        44.900411        0.000000000000E+00
  129         4       158.586665        0.255052035634E-05
  129         5       125.292171        0.000000000000E+00
  129         6       125.292171        0.000000000000E+00
  130         1        61.091665        0.202964188585E-04
  130         2        45.208609        0.000000000000E+00
  130         3        45.208609        0.000000000000E+00
  130         4       158.520533        0.259261975318E-05
  130         5       125.246034        0.000000000000E+00
  130         6       125.246034        0.000000000000E+00
  131         1        61.528418        0.197148249426E-04
  131         2        45.515920        0.000000000000E+00
  131         3        45.515920        0.000000000000E+00
  131         4       158.452582        0.263590453445E-05
  131         5       125.200619        0.000000000000E+00
  131         6       125.200619        0.000000000000E+00
  132         1        61.964345        0.191483834441E-04
  132         2        45.822340        0.000000000000E+00
  132         3        45.822340        0.000000000000E+00
  132         4       158.382958        0.268028304885E-05
  132         5       125.155894        0.000000000000E+00
  132         6       125.155894        0.000000000000E+00
  133         1        62.399441        0.185970297789E-04
  133         2        46.127867        0.000000000000E+00
  133         3        46.127867        0.000000000000E+00
  133         4       158.311802        0.272561598869E-05
  133         5       125.111826        0.000000000000E+00
  133         6       125.111826        0.000000000000E+00
  134         1        62.833698        0.180606813463E-04
  134         2        46.432497        0.000000000000E+00
  134         3        46.432497        0.000000000000E+00
  134         4       158.239252        0.277176722888E-05
  134         5       125.068378        0.000000000000E+00
  134         6       125.068378        0.000000000000E+00
  135         1        63.267109        0.175385868673E-04
  135         2        46.736227        0.000000000000E+00
  135         3        46.736227        0.000000000000E+00
  135         4       158.165440        0.281865731378E-05
  135         5       125.025514        0.000000000000E+00
  135         6       125.025514        0.000000000000E+00
  136         1        63.699668        0.170306872948E-04
  136         2        47.039055        0.000000000000E+00
  136         3        47.039055        0.000000000000E+00
  136         4       158.090495        0.286615743207E-05
  136         5       124.983195        0.000000000000E+00
  136         6       124.983195        0.000000000000E+00
  137         1        64.131367        0.165369058246E-04
  137         2        47.340979        0.000000000000E+00
  137         3        47.340979        0.000000000000E+00
  137         4       158.014539        0.291414222831E-05
  137         5       124.941380        0.000000000000E+00
  137         6       124.941380        0.000000000000E+00
  138         1        64.562201        0.160565533456E-04
  138         2        47.641996        0.000000000000E+00
  138         3        47.641996        0.000000000000E+00
  138         4       157.937693        0.296254276973E-05
  138         5       124.900028        0.000000000000E+00
  138         6       124.900028        0.000000000000E+00
  139         1        64.992163        0.155895737101E-04
  139         2        47.942104        0.000000000000E+00
  139         3        47.942104        0.000000000000E+00
  139         4       157.860069        0.301124039994E-05
  139         5       124.859096        0.000000000000E+00
  139         6       124.859096        0.000000000000E+00
  140         1        65.421246        0.151358929666E-04
  140         2        48.241299        0.000000000000E+00
  140         3        48.241299        0.000000000000E+00
  140         4       157.781777        0.306012020947E-05
  140         5       124.818540        0.000000000000E+00
  140         6       124.818540        0.000000000000E+00
  141         1        65.849443        0.146948785890E-04
  141         2        48.539581        0.000000000000E+00
  141         3        48.539581        0.000000000000E+00
  141         4       157.702922        0.310912240930E-05
  141         5       124.778316        0.000000000000E+00
  141         6       124.778316        0.000000000000E+00
  142         1        66.276748        0.142664747930E-04
  142         2        48.836948        0.000000000000E+00
  142         3        48.836948        0.000000000000E+00
  142         4       157.623604        0.315813831259E-05
  142         5       124.738378        0.000000000000E+00
  142         6       124.738378        0.000000000000E+00
  143         1        66.703154        0.138506084853E-04
  143         2        49.133396        0.000000000000E+00
  143         3        49.133396        0.000000000000E+00
  143         4       157.543916        0.320706325364E-05
  143         5       124.698681        0.000000000000E+00
  143         6       124.698681        0.000000000000E+00
  144         1        67.128655        0.134466984334E-04
  144         2        49.428925        0.000000000000E+00
  144         3        49.428925        0.000000000000E+00
  144         4       157.463950        0.325584545654E-05
  144         5       124.659178        0.000000000000E+00
  144         6       124.659178        0.000000000000E+00
  145         1        67.553245        0.130546874470E-04
  145         2        49.723532        0.000000000000E+00
  145         3        49.723532        0.000000000000E+00
  145         4       157.383790        0.330438610645E-05
  145         5       124.619822        0.000000000000E+00
  145         6       124.619822        0.000000000000E+00
  146         1        67.976917        0.126745013425E-04
  146         2        50.017216        0.000000000000E+00
  146         3        50.017216        0.000000000000E+00
  146         4       157.303518        0.335259068271E-05
  146         5       124.580567        0.000000000000E+00
  146         6       124.580567        0.000000000000E+00
  147         1        68.399665        0.123056057310E-04
  147         2        50.309975        0.000000000000E+00
  147         3        50.309975        0.000000000000E+00
  147         4       157.223208        0.340041448194E-05
  147         5       124.541366        0.000000000000E+00
  147         6       124.541366        0.000000000000E+00
  148         1        68.821482        0.119479404152E-04
  148         2        50.601807        0.000000000000E+00
  148         3        50.601807        0.000000000000E+00
  148         4       157.142932        0.344776853868E-05
  148         5       124.502173        0.000000000000E+00
  148         6       124.502173        0.000000000000E+00
  149         1        69.242362        0.116014288058E-04
  149         2        50.892711        0.000000000000E+00
  149         3        50.892711        0.000000000000E+00
  149         4       157.062757        0.349456842325E-05
  149         5       124.462940        0.000000000000E+00
  149         6       124.462940        0.000000000000E+00
  150         1        69.662300        0.112655792033E-04
  150         2        51.182685        0.000000000000E+00
  150         3        51.182685        0.000000000000E+00
  150         4       156.982745        0.354077573981E-05
  150         5       124.423623        0.000000000000E+00
  150         6       124.423623        0.000000000000E+00
  151         1        70.081288        0.109403272675E-04
  151         2        51.471728        0.000000000000E+00
  151         3        51.471728        0.000000000000E+00
  151         4       156.902953        0.358631137411E-05
  151         5       124.384175        0.000000000000E+00
  151         6       124.384175        0.000000000000E+00
  152         1        70.499321        0.106255927675E-04
  152         2        51.759838        0.000000000000E+00
  152         3        51.759838        0.000000000000E+00
  152         4       156.823433        0.363110096684E-05
  152         5       124.344553        0.000000000000E+00
  152         6       124.344553        0.000000000000E+00
  153         1        70.916393        0.103209231565E-04
  153         2        52.047013        0.000000000000E+00
  153         3        52.047013        0.000000000000E+00
  153         4       156.744236        0.367511178273E-05
  153         5       124.304712        0.000000000000E+00
  153         6       124.304712        0.000000000000E+00
  154         1        71.332498        0.100262490289E-04
  154         2        52.333252        0.000000000000E+00
  154         3        52.333252        0.000000000000E+00
  154         4       156.665406        0.371827457505E-05
  154         5       124.264609        0.000000000000E+00
  154         6       124.264609        0.000000000000E+00
  155         1        71.747629        0.974148565597E-05
  155         2        52.618554        0.000000000000E+00
  155         3        52.618554        0.000000000000E+00
  155         4       156.586983        0.376052503525E-05
  155         5       124.224201        0.000000000000E+00
  155         6       124.224201        0.000000000000E+00
  156         1        72.161781        0.946621640613E-05
  156         2        52.902917        0.000000000000E+00
  156         3        52.902917        0.000000000000E+00
  156         4       156.509003        0.380183554463E-05
  156         5       124.183449        0.000000000000E+00
  156         6       124.183449        0.000000000000E+00
  157         1        72.574947        0.920036614861E-05
  157         2        53.186340        0.000000000000E+00
  157         3        53.186340        0.000000000000E+00
  157         4       156.431500        0.384214673163E-05
  157         5       124.142312        0.000000000000E+00
  157         6       124.142312        0.000000000000E+00
  158         1        72.987123        0.894384497725E-05
  158         2        53.468821        0.000000000000E+00
  158         3        53.468821        0.000000000000E+00
  158         4       156.354502        0.388140431197E-05
  158         5       124.100752        0.000000000000E+00
  158         6       124.100752        0.000000000000E+00
  159         1        73.398301        0.869626931647E-05
  159         2        53.750358        0.000000000000E+00
  159         3        53.750358        0.000000000000E+00
  159         4       156.278035        0.391958530423E-05
  159         5       124.058732        0.000000000000E+00
  159         6       124.058732        0.000000000000E+00
  160         1        73.808476        0.845755784265E-05
  160         2        54.030951        0.000000000000E+00
  160         3        54.030951        0.000000000000E+00
  160         4       156.202119        0.395664020379E-05
  160         5       124.016215        0.000000000000E+00
  160         6       124.016215        0.000000000000E+00
  161         1        74.217644        0.822761503410E-05
  161         2        54.310598        0.000000000000E+00
  161         3        54.310598        0.000000000000E+00
  161         4       156.126774        0.399252467993E-05
  161         5       123.973168        0.000000000000E+00
  161         6       123.973168        0.000000000000E+00
  162         1        74.625796        0.800608781117E-05
  162         2        54.589296        0.000000000000E+00
  162         3        54.589296        0.000000000000E+00
  162         4       156.052014        0.402721998221E-05
  162         5       123.929559        0.000000000000E+00
  162         6       123.929559        0.000000000000E+00
  163         1        75.032929        0.779288836395E-05
  163         2        54.867046        0.000000000000E+00
  163         3        54.867046        0.000000000000E+00
  163         4       155.977851        0.406068640758E-05
  163         5       123.885356        0.000000000000E+00
  163         6       123.885356        0.000000000000E+00
  164         1        75.439036        0.758791535179E-05
  164         2        55.143844        0.000000000000E+00
  164         3        55.143844        0.000000000000E+00
  164         4       155.904294        0.409288948583E-05
  164         5       123.840531        0.000000000000E+00
  164         6       123.840531        0.000000000000E+00
  165         1        75.844112        0.739084380103E-05
  165         2        55.419690        0.000000000000E+00
  165         3        55.419690        0.000000000000E+00
  165         4       155.831349        0.412381433149E-05
  165         5       123.795056        0.000000000000E+00
  165         6       123.795056        0.000000000000E+00
  166         1        76.248151        0.720157929936E-05
  166         2        55.694582        0.000000000000E+00
  166         3        55.694582        0.000000000000E+00
  166         4       155.759019        0.415343094202E-05
  166         5       123.748906        0.000000000000E+00
  166         6       123.748906        0.000000000000E+00
  167         1        76.651148        0.702001465593E-05
  167         2        55.968517        0.000000000000E+00
  167         3        55.968517        0.000000000000E+00
  167         4       155.687304        0.418171454918E-05
  167         5       123.702056        0.000000000000E+00
  167         6       123.702056        0.000000000000E+00
  168         1        77.053098        0.684585086451E-05
  168         2        56.241496        0.000000000000E+00
  168         3        56.241496        0.000000000000E+00
  168         4       155.616203        0.420865380803E-05
  168         5       123.654485        0.000000000000E+00
  168         6       123.654485        0.000000000000E+00
  169         1        77.453994        0.667898702145E-05
  169         2        56.513515        0.000000000000E+00
  169         3        56.513515        0.000000000000E+00
  169         4       155.545712        0.423422825046E-05
  169         5       123.606174        0.000000000000E+00
  169         6       123.606174        0.000000000000E+00
  170         1        77.853831        0.651931005052E-05
  170         2        56.784573        0.000000000000E+00
  170         3        56.784573        0.000000000000E+00
  170         4       155.475823        0.425842262619E-05
  170         5       123.557104        0.000000000000E+00
  170         6       123.557104        0.000000000000E+00
  171         1        78.252605        0.636654508826E-05
  171         2        57.054669        0.000000000000E+00
  171         3        57.054669        0.000000000000E+00
  171         4       155.406530        0.428122880590E-05
  171         5       123.507258        0.000000000000E+00
  171         6       123.507258        0.000000000000E+00
  172         1        78.650309        0.622058483804E-05
  172         2        57.323800        0.000000000000E+00
  172         3        57.323800        0.000000000000E+00
  172         4       155.337820        0.430263566132E-05
  172         5       123.456624        0.000000000000E+00
  172         6       123.456624        0.000000000000E+00
  173         1        79.046939        0.608131061057E-05
  173         2        57.591964        0.000000000000E+00
  173         3        57.591964        0.000000000000E+00
  173         4       155.269683        0.432263719084E-05
  173         5       123.405189        0.000000000000E+00
  173         6       123.405189        0.000000000000E+00
  174         1        79.442489        0.594846989776E-05
  174         2        57.859161        0.000000000000E+00
  174         3        57.859161        0.000000000000E+00
  174         4       155.202104        0.434122819938E-05
  174         5       123.352942        0.000000000000E+00
  174         6       123.352942        0.000000000000E+00
  175         1        79.836954        0.582194931163E-05
  175         2        58.125387        0.000000000000E+00
  175         3        58.125387        0.000000000000E+00
  175         4       155.135067        0.435840662994E-05
  175         5       123.299875        0.000000000000E+00
  175         6       123.299875        0.000000000000E+00
  176         1        80.230330        0.570162488779E-05
  176         2        58.390642        0.000000000000E+00
  176         3        58.390642        0.000000000000E+00
  176         4       155.068557        0.437417542080E-05
  176         5       123.245982        0.000000000000E+00
  176         6       123.245982        0.000000000000E+00
  177         1        80.622610        0.558726486030E-05
  177         2        58.654923        0.000000000000E+00
  177         3        58.654923        0.000000000000E+00
  177         4       155.002555        0.438853204978E-05
  177         5       123.191259        0.000000000000E+00
  177         6       123.191259        0.000000000000E+00
  178         1        81.013790        0.547875017268E-05
  178         2        58.918228        0.000000000000E+00
  178         3        58.918228        0.000000000000E+00
  178         4       154.937041        0.440148319453E-05
  178         5       123.135701        0.000000000000E+00
  178         6       123.135701        0.000000000000E+00
  179         1        81.403865        0.537595198012E-05
  179         2        59.180555        0.000000000000E+00
  179         3        59.180555        0.000000000000E+00
  179         4       154.871995        0.441304037968E-05
  179         5       123.079309        0.000000000000E+00
  179         6       123.079309        0.000000000000E+00
  180         1        81.792830        0.527865780614E-05
  180         2        59.441903        0.000000000000E+00
  180         3        59.441903        0.000000000000E+00
  180         4       154.807396        0.442320349723E-05
  180         5       123.022083        0.000000000000E+00
  180         6       123.022083        0.000000000000E+00
  181         1        82.180680        0.518674342526E-05
  181         2        59.702269        0.000000000000E+00
  181         3        59.702269        0.000000000000E+00
  181         4       154.743223        0.443198758453E-05
  181         5       122.964026        0.000000000000E+00
  181         6       122.964026        0.000000000000E+00
  182         1        82.567410        0.510007560824E-05
  182         2        59.961652        0.000000000000E+00
  182         3        59.961652        0.000000000000E+00
  182         4       154.679451        0.443941234186E-05
  182         5       122.905142        0.000000000000E+00
  182         6       122.905142        0.000000000000E+00
  183         1        82.953016        0.501845984405E-05
  183         2        60.220049        0.000000000000E+00
  183         3        60.220049        0.000000000000E+00
  183         4       154.616058        0.444547982088E-05
  183         5       122.845437        0.000000000000E+00
  183         6       122.845437        0.000000000000E+00
  184         1        83.337492        0.494176729682E-05
  184         2        60.477459        0.000000000000E+00
  184         3        60.477459        0.000000000000E+00
  184         4       154.553019        0.445021301569E-05
  184         5       122.784918        0.000000000000E+00
  184         6       122.784918        0.000000000000E+00
  185         1        83.720835        0.486986094259E-05
  185         2        60.733880        0.000000000000E+00
  185         3        60.733880        0.000000000000E+00
  185         4       154.490310        0.445363931519E-05
  185         5       122.723594        0.000000000000E+00
  185         6       122.723594        0.000000000000E+00
  186         1        84.103038        0.480256300873E-05
  186         2        60.989310        0.000000000000E+00
  186         3        60.989310        0.000000000000E+00
  186         4       154.427906        0.445576272631E-05
  186         5       122.661476        0.000000000000E+00
  186         6       122.661476        0.000000000000E+00
  187         1        84.484099        0.473974066880E-05
  187         2        61.243747        0.000000000000E+00
  187         3        61.243747        0.000000000000E+00
  187         4       154.365783        0.445661370717E-05
  187         5       122.598575        0.000000000000E+00
  187         6       122.598575        0.000000000000E+00
  188         1        84.864012        0.468125376389E-05
  188         2        61.497189        0.000000000000E+00
  188         3        61.497189        0.000000000000E+00
  188         4       154.303914        0.445622684392E-05
  188         5       122.534904        0.000000000000E+00
  188         6       122.534904        0.000000000000E+00
  189         1        85.242772        0.462694012127E-05
  189         2        61.749634        0.000000000000E+00
  189         3        61.749634        0.000000000000E+00
  189         4       154.242274        0.445460787905E-05
  189         5       122.470478        0.000000000000E+00
  189         6       122.470478        0.000000000000E+00
  190         1        85.620376        0.457666363311E-05
  190         2        62.001081        0.000000000000E+00
  190         3        62.001081        0.000000000000E+00
  190         4       154.180839        0.445179421339E-05
  190         5       122.405312        0.000000000000E+00
  190         6       122.405312        0.000000000000E+00
  191         1        85.996819        0.453028167051E-05
  191         2        62.251528        0.000000000000E+00
  191         3        62.251528        0.000000000000E+00
  191         4       154.119582        0.444782708452E-05
  191         5       122.339423        0.000000000000E+00
  191         6       122.339423        0.000000000000E+00
  192         1        86.372096        0.448764663954E-05
  192         2        62.500972        0.000000000000E+00
  192         3        62.500972        0.000000000000E+00
  192         4       154.058478        0.444271377450E-05
  192         5       122.272828        0.000000000000E+00
  192         6       122.272828        0.000000000000E+00
  193         1        86.746204        0.444861988243E-05
  193         2        62.749413        0.000000000000E+00
  193         3        62.749413        0.000000000000E+00
  193         4       153.997502        0.443649807036E-05
  193         5       122.205546        0.000000000000E+00
  193         6       122.205546        0.000000000000E+00
  194         1        87.119137        0.441305705543E-05
  194         2        62.996849        0.000000000000E+00
  194         3        62.996849        0.000000000000E+00
  194         4       153.936629        0.442922727918E-05
  194         5       122.137597        0.000000000000E+00
  194         6       122.137597        0.000000000000E+00
  195         1        87.490893        0.438082415383E-05
  195         2        63.243277        0.000000000000E+00
  195         3        63.243277        0.000000000000E+00
  195         4       153.875834        0.442091002459E-05
  195         5       122.068999        0.000000000000E+00
  195         6       122.068999        0.000000000000E+00
  196         1        87.861466        0.435178076044E-05
  196         2        63.488697        0.000000000000E+00
  196         3        63.488697        0.000000000000E+00
  196         4       153.815093        0.441159589935E-05
  196         5       121.999776        0.000000000000E+00
  196         6       121.999776        0.000000000000E+00
  197         1        88.230853        0.432578158956E-05
  197         2        63.733106        0.000000000000E+00
  197         3        63.733106        0.000000000000E+00
  197         4       153.754381        0.440133765907E-05
  197         5       121.929947        0.000000000000E+00
  197         6       121.929947        0.000000000000E+00
  198         1        88.599049        0.430270532252E-05
  198         2        63.976504        0.000000000000E+00
  198         3        63.976504        0.000000000000E+00
  198         4       153.693675        0.439014509369E-05
  198         5       121.859536        0.000000000000E+00
  198         6       121.859536        0.000000000000E+00
  199         1        88.966051        0.428241059286E-05
  199         2        64.218889        0.000000000000E+00
  199         3        64.218889        0.000000000000E+00
  199         4       153.632952        0.437807297966E-05
  199         5       121.788564        0.000000000000E+00
  199         6       121.788564        0.000000000000E+00
  200         1        89.331854        0.426475196356E-05
  200         2        64.460259        0.000000000000E+00
  200         3        64.460259        0.000000000000E+00
  200         4       153.572188        0.436517887625E-05
  200         5       121.717055        0.000000000000E+00
  200         6       121.717055        0.000000000000E+00
  201         1        89.696455        0.424961998921E-05
  201         2        64.700614        0.000000000000E+00
  201         3        64.700614        0.000000000000E+00
  201         4       153.511362        0.435147357547E-05
  201         5       121.645032        0.000000000000E+00
  201         6       121.645032        0.000000000000E+00
  202         1        90.059850        0.423687315690E-05
  202         2        64.939951        0.000000000000E+00
  202         3        64.939951        0.000000000000E+00
  202         4       153.450450        0.433701638543E-05
  202         5       121.572519        0.000000000000E+00
  202         6       121.572519        0.000000000000E+00
  203         1        90.422034        0.422636670452E-05
  203         2        65.178270        0.000000000000E+00
  203         3        65.178270        0.000000000000E+00
  203         4       153.389432        0.432186900082E-05
  203         5       121.499539        0.000000000000E+00
  203         6       121.499539        0.000000000000E+00
  204         1        90.783004        0.421800227155E-05
  204         2        65.415569        0.000000000000E+00
  204         3        65.415569        0.000000000000E+00
  204         4       153.328287        0.430604306163E-05
  204         5       121.426117        0.000000000000E+00
  204         6       121.426117        0.000000000000E+00
  205         1        91.142757        0.421163905261E-05
  205         2        65.651847        0.000000000000E+00
  205         3        65.651847        0.000000000000E+00
  205         4       153.266995        0.428960173689E-05
  205         5       121.352276        0.000000000000E+00
  205         6       121.352276        0.000000000000E+00
  206         1        91.501288        0.420713376775E-05
  206         2        65.887103        0.000000000000E+00
  206         3        65.887103        0.000000000000E+00
  206         4       153.205535        0.427261016592E-05
  206         5       121.278041        0.000000000000E+00
  206         6       121.278041        0.000000000000E+00
  207         1        91.858593        0.420439843218E-05
  207         2        66.121335        0.000000000000E+00
  207         3        66.121335        0.000000000000E+00
  207         4       153.143888        0.425508068802E-05
  207         5       121.203434        0.000000000000E+00
  207         6       121.203434        0.000000000000E+00
  208         1        92.214669        0.420329377285E-05
  208         2        66.354544        0.000000000000E+00
  208         3        66.354544        0.000000000000E+00
  208         4       153.082035        0.423707963381E-05
  208         5       121.128480        0.000000000000E+00
  208         6       121.128480        0.000000000000E+00
  209         1        92.569512        0.420367883068E-05
  209         2        66.586726        0.000000000000E+00
  209         3        66.586726        0.000000000000E+00
  209         4       153.019959        0.421867489225E-05
  209         5       121.053203        0.000000000000E+00
  209         6       121.053203        0.000000000000E+00
  210         1        92.923119        0.420547531716E-05
  210         2        66.817883        0.000000000000E+00
  210         3        66.817883        0.000000000000E+00
  210         4       152.957642        0.419987935764E-05
  210         5       120.977624        0.000000000000E+00
  210         6       120.977624        0.000000000000E+00
  211         1        93.275485        0.420854632512E-05
  211         2        67.048012        0.000000000000E+00
  211         3        67.048012        0.000000000000E+00
  211         4       152.895067        0.418076182315E-05
  211         5       120.901768        0.000000000000E+00
  211         6       120.901768        0.000000000000E+00
  212         1        93.626607        0.421275402159E-05
  212         2        67.277112        0.000000000000E+00
  212         3        67.277112        0.000000000000E+00
  212         4       152.832217        0.416139219731E-05
  212         5       120.825657        0.000000000000E+00
  212         6       120.825657        0.000000000000E+00
  213         1        93.976481        0.421802920540E-05
  213         2        67.505182        0.000000000000E+00
  213         3        67.505182        0.000000000000E+00
  213         4       152.769077        0.414178379531E-05
  213         5       120.749312        0.000000000000E+00
  213         6       120.749312        0.000000000000E+00
  214         1        94.325103        0.422423816315E-05
  214         2        67.732222        0.000000000000E+00
  214         3        67.732222        0.000000000000E+00
  214         4       152.705632        0.412200714705E-05
  214         5       120.672756        0.000000000000E+00
  214         6       120.672756        0.000000000000E+00
  215         1        94.672469        0.423124697227E-05
  215         2        67.958230        0.000000000000E+00
  215         3        67.958230        0.000000000000E+00
  215         4       152.641866        0.410213347218E-05
  215         5       120.596009        0.000000000000E+00
  215         6       120.596009        0.000000000000E+00
  216         1        95.018577        0.423899493333E-05
  216         2        68.183204        0.000000000000E+00
  216         3        68.183204        0.000000000000E+00
  216         4       152.577765        0.408217636095E-05
  216         5       120.519093        0.000000000000E+00
  216         6       120.519093        0.000000000000E+00
  217         1        95.363421        0.424735232414E-05
  217         2        68.407145        0.000000000000E+00
  217         3        68.407145        0.000000000000E+00
  217         4       152.513317        0.406220736949E-05
  217         5       120.442026        0.000000000000E+00
  217         6       120.442026        0.000000000000E+00
  218         1        95.706998        0.425618994350E-05
  218         2        68.630051        0.000000000000E+00
  218         3        68.630051        0.000000000000E+00
  218         4       152.448507        0.404229827748E-05
  218         5       120.364829        0.000000000000E+00
  218         6       120.364829        0.000000000000E+00
  219         1        96.049304        0.426545502961E-05
  219         2        68.851920        0.000000000000E+00
  219         3        68.851920        0.000000000000E+00
  219         4       152.383323        0.402246283577E-05
  219         5       120.287520        0.000000000000E+00
  219         6       120.287520        0.000000000000E+00
  220         1        96.390334        0.427502264199E-05
  220         2        69.072751        0.000000000000E+00
  220         3        69.072751        0.000000000000E+00
  220         4       152.317754        0.400277287514E-05
  220         5       120.210117        0.000000000000E+00
  220         6       120.210117        0.000000000000E+00
  221         1        96.730087        0.428476902245E-05
  221         2        69.292544        0.000000000000E+00
  221         3        69.292544        0.000000000000E+00
  221         4       152.251787        0.398330003105E-05
  221         5       120.132638        0.000000000000E+00
  221         6       120.132638        0.000000000000E+00
  222         1        97.068555        0.429464886237E-05
  222         2        69.511296        0.000000000000E+00
  222         3        69.511296        0.000000000000E+00
  222         4       152.185411        0.396405806645E-05
  222         5       120.055099        0.000000000000E+00
  222         6       120.055099        0.000000000000E+00
  223         1        97.405737        0.430454275003E-05
  223         2        69.729006        0.000000000000E+00
  223         3        69.729006        0.000000000000E+00
  223         4       152.118617        0.394511837616E-05
  223         5       119.977517        0.000000000000E+00
  223         6       119.977517        0.000000000000E+00
  224         1        97.741627        0.431433310560E-05
  224         2        69.945672        0.000000000000E+00
  224         3        69.945672        0.000000000000E+00
  224         4       152.051393        0.392655171096E-05
  224         5       119.899906        0.000000000000E+00
  224         6       119.899906        0.000000000000E+00
  225         1        98.076221        0.432398156424E-05
  225         2        70.161292        0.000000000000E+00
  225         3        70.161292        0.000000000000E+00
  225         4       151.983731        0.390837171634E-05
  225         5       119.822281        0.000000000000E+00
  225         6       119.822281        0.000000000000E+00
  226         1        98.409515        0.433337498857E-05
  226         2        70.375866        0.000000000000E+00
  226         3        70.375866        0.000000000000E+00
  226         4       151.915621        0.389064862900E-05
  226         5       119.744656        0.000000000000E+00
  226         6       119.744656        0.000000000000E+00
  227         1        98.741504        0.434240260675E-05
  227         2        70.589390        0.000000000000E+00
  227         3        70.589390        0.000000000000E+00
  227         4       151.847053        0.387345159709E-05
  227         5       119.667045        0.000000000000E+00
  227         6       119.667045        0.000000000000E+00
  228         1        99.072184        0.435103262296E-05
  228         2        70.801863        0.000000000000E+00
  228         3        70.801863        0.000000000000E+00
  228         4       151.778021        0.385679402614E-05
  228         5       119.589459        0.000000000000E+00
  228         6       119.589459        0.000000000000E+00
  229         1        99.401550        0.435915879396E-05
  229         2        71.013282        0.000000000000E+00
  229         3        71.013282        0.000000000000E+00
  229         4       151.708515        0.384074426343E-05
  229         5       119.511910        0.000000000000E+00
  229         6       119.511910        0.000000000000E+00
  230         1        99.729596        0.436667782341E-05
  230         2        71.223644        0.000000000000E+00
  230         3        71.223644        0.000000000000E+00
  230         4       151.638529        0.382536916913E-05
  230         5       119.434410        0.000000000000E+00
  230         6       119.434410        0.000000000000E+00
  231         1       100.056319        0.437356404044E-05
  231         2        71.432948        0.000000000000E+00
  231         3        71.432948        0.000000000000E+00
  231         4       151.568054        0.381068175094E-05
  231         5       119.356968        0.000000000000E+00
  231         6       119.356968        0.000000000000E+00
  232         1       100.381712        0.437971873977E-05
  232         2        71.641190        0.000000000000E+00
  232         3        71.641190        0.000000000000E+00
  232         4       151.497085        0.379674778882E-05
  232         5       119.279594        0.000000000000E+00
  232         6       119.279594        0.000000000000E+00
  233         1       100.705772        0.438504668806E-05
  233         2        71.848368        0.000000000000E+00
  233         3        71.848368        0.000000000000E+00
  233         4       151.425615        0.378363115862E-05
  233         5       119.202297        0.000000000000E+00
  233         6       119.202297        0.000000000000E+00
  234         1       101.028491        0.438952795581E-05
  234         2        72.054477        0.000000000000E+00
  234         3        72.054477        0.000000000000E+00
  234         4       151.353637        0.377134433719E-05
  234         5       119.125086        0.000000000000E+00
  234         6       119.125086        0.000000000000E+00
  235         1       101.349865        0.439307194404E-05
  235         2        72.259514        0.000000000000E+00
  235         3        72.259514        0.000000000000E+00
  235         4       151.281146        0.375994984642E-05
  235         5       119.047968        0.000000000000E+00
  235         6       119.047968        0.000000000000E+00
  236         1       101.669888        0.439559199820E-05
  236         2        72.463476        0.000000000000E+00
  236         3        72.463476        0.000000000000E+00
  236         4       151.208137        0.374950792015E-05
  236         5       118.970950        0.000000000000E+00
  236         6       118.970950        0.000000000000E+00
  237         1       101.988554        0.439707360565E-05
  237         2        72.666359        0.000000000000E+00
  237         3        72.666359        0.000000000000E+00
  237         4       151.134604        0.374003035037E-05
  237         5       118.894040        0.000000000000E+00
  237         6       118.894040        0.000000000000E+00
  238         1       102.305857        0.439743478653E-05
  238         2        72.868158        0.000000000000E+00
  238         3        72.868158        0.000000000000E+00
  238         4       151.060543        0.373157575290E-05
  238         5       118.817243        0.000000000000E+00
  238         6       118.817243        0.000000000000E+00
  239         1       102.621790        0.439659792908E-05
  239         2        73.068868        0.000000000000E+00
  239         3        73.068868        0.000000000000E+00
  239         4       150.985949        0.372420007902E-05
  239         5       118.740564        0.000000000000E+00
  239         6       118.740564        0.000000000000E+00
  240         1       102.936347        0.439455360746E-05
  240         2        73.268485        0.000000000000E+00
  240         3        73.268485        0.000000000000E+00
  240         4       150.910819        0.371791428232E-05
  240         5       118.664009        0.000000000000E+00
  240         6       118.664009        0.000000000000E+00
  241         1       103.249522        0.439122893794E-05
  241         2        73.467004        0.000000000000E+00
  241         3        73.467004        0.000000000000E+00
  241         4       150.835148        0.371277244269E-05
  241         5       118.587582        0.000000000000E+00
  241         6       118.587582        0.000000000000E+00
  242         1       103.561308        0.438655574995E-05
  242         2        73.664419        0.000000000000E+00
  242         3        73.664419        0.000000000000E+00
  242         4       150.758933        0.370882562214E-05
  242         5       118.511289        0.000000000000E+00
  242         6       118.511289        0.000000000000E+00
  243         1       103.871696        0.438052942051E-05
  243         2        73.860725        0.000000000000E+00
  243         3        73.860725        0.000000000000E+00
  243         4       150.682172        0.370608377836E-05
  243         5       118.435132        0.000000000000E+00
  243         6       118.435132        0.000000000000E+00
  244         1       104.180681        0.437308656065E-05
  244         2        74.055915        0.000000000000E+00
  244         3        74.055915        0.000000000000E+00
  244         4       150.604860        0.370459585076E-05
  244         5       118.359116        0.000000000000E+00
  244         6       118.359116        0.000000000000E+00
  245         1       104.488254        0.436416877719E-05
  245         2        74.249983        0.000000000000E+00
  245         3        74.249983        0.000000000000E+00
  245         4       150.526996        0.370440744247E-05
  245         5       118.283243        0.000000000000E+00
  245         6       118.283243        0.000000000000E+00
  246         1       104.794408        0.435377600658E-05
  246         2        74.442922        0.000000000000E+00
  246         3        74.442922        0.000000000000E+00
  246         4       150.448578        0.370552733722E-05
  246         5       118.207518        0.000000000000E+00
  246         6       118.207518        0.000000000000E+00
  247         1       105.099135        0.434185466803E-05
  247         2        74.634726        0.000000000000E+00
  247         3        74.634726        0.000000000000E+00
  247         4       150.369604        0.370799877340E-05
  247         5       118.131942        0.000000000000E+00
  247         6       118.131942        0.000000000000E+00
  248         1       105.402425        0.432835644138E-05
  248         2        74.825386        0.000000000000E+00
  248         3        74.825386        0.000000000000E+00
  248         4       150.290072        0.371186136277E-05
  248         5       118.056519        0.000000000000E+00
  248         6       118.056519        0.000000000000E+00
  249         1       105.704271        0.431328559688E-05
  249         2        75.014895        0.000000000000E+00
  249         3        75.014895        0.000000000000E+00
  249         4       150.209982        0.371712253047E-05
  249         5       117.981252        0.000000000000E+00
  249         6       117.981252        0.000000000000E+00
  250         1       106.004664        0.429659862403E-05
  250         2        75.203244        0.000000000000E+00
  250         3        75.203244        0.000000000000E+00
  250         4       150.129332        0.372381928762E-05
  250         5       117.906143        0.000000000000E+00
  250         6       117.906143        0.000000000000E+00
  251         1       106.303595        0.427825750137E-05
  251         2        75.390426        0.000000000000E+00
  251         3        75.390426        0.000000000000E+00
  251         4       150.048122        0.373198475538E-05
  251         5       117.831194        0.000000000000E+00
  251         6       117.831194        0.000000000000E+00
  252         1       106.601054        0.425827062186E-05
  252         2        75.576431        0.000000000000E+00
  252         3        75.576431        0.000000000000E+00
  252         4       149.966352        0.374162480751E-05
  252         5       117.756408        0.000000000000E+00
  252         6       117.756408        0.000000000000E+00
  253         1       106.897031        0.423660476613E-05
  253         2        75.761250        0.000000000000E+00
  253         3        75.761250        0.000000000000E+00
  253         4       149.884023        0.375276973797E-05
  253         5       117.681788        0.000000000000E+00
  253         6       117.681788        0.000000000000E+00
  254         1       107.191517        0.421323236309E-05
  254         2        75.944873        0.000000000000E+00
  254         3        75.944873        0.000000000000E+00
  254         4       149.801134        0.376544572249E-05
  254         5       117.607336        0.000000000000E+00
  254         6       117.607336        0.000000000000E+00
  255         1       107.484501        0.418816576059E-05
  255         2        76.127291        0.000000000000E+00
  255         3        76.127291        0.000000000000E+00
  255         4       149.717688        0.377965687091E-05
  255         5       117.533055        0.000000000000E+00
  255         6       117.533055        0.000000000000E+00
  256         1       107.775972        0.416138217812E-05
  256         2        76.308493        0.000000000000E+00
  256         3        76.308493        0.000000000000E+00
  256         4       149.633685        0.379542631742E-05
  256         5       117.458948        0.000000000000E+00
  256         6       117.458948        0.000000000000E+00
  257         1       108.065920        0.413286458542E-05
  257         2        76.488468        0.000000000000E+00
  257         3        76.488468        0.000000000000E+00
  257         4       149.549128        0.381277286695E-05
  257         5       117.385019        0.000000000000E+00
  257         6       117.385019        0.000000000000E+00
  258         1       108.354333        0.410262915687E-05
  258         2        76.667205        0.000000000000E+00
  258         3        76.667205        0.000000000000E+00
  258         4       149.464019        0.383169865625E-05
  258         5       117.311270        0.000000000000E+00
  258         6       117.311270        0.000000000000E+00
  259         1       108.641199        0.407066363840E-05
  259         2        76.844693        0.000000000000E+00
  259         3        76.844693        0.000000000000E+00
  259         4       149.378361        0.385221924274E-05
  259         5       117.237705        0.000000000000E+00
  259         6       117.237705        0.000000000000E+00
  260         1       108.926507        0.403696156779E-05
  260         2        77.020919        0.000000000000E+00
  260         3        77.020919        0.000000000000E+00
  260         4       149.292156        0.387434569340E-05
  260         5       117.164328        0.000000000000E+00
  260         6       117.164328        0.000000000000E+00
  261         1       109.210245        0.400154286350E-05
  261         2        77.195872        0.000000000000E+00
  261         3        77.195872        0.000000000000E+00
  261         4       149.205410        0.389807791884E-05
  261         5       117.091143        0.000000000000E+00
  261         6       117.091143        0.000000000000E+00
  262         1       109.492399        0.396440581891E-05
  262         2        77.369539        0.000000000000E+00
  262         3        77.369539        0.000000000000E+00
  262         4       149.118125        0.392342353323E-05
  262         5       117.018155        0.000000000000E+00
  262         6       117.018155        0.000000000000E+00
  263         1       109.772956        0.392555452252E-05
  263         2        77.541907        0.000000000000E+00
  263         3        77.541907        0.000000000000E+00
  263         4       149.030307        0.395038554371E-05
  263         5       116.945368        0.000000000000E+00
  263         6       116.945368        0.000000000000E+00
  264         1       110.051903        0.388501257369E-05
  264         2        77.712962        0.000000000000E+00
  264         3        77.712962        0.000000000000E+00
  264         4       148.941961        0.397896136296E-05
  264         5       116.872788        0.000000000000E+00
  264         6       116.872788        0.000000000000E+00
  265         1       110.329227        0.384278497821E-05
  265         2        77.882692        0.000000000000E+00
  265         3        77.882692        0.000000000000E+00
  265         4       148.853093        0.400915002176E-05
  265         5       116.800421        0.000000000000E+00
  265         6       116.800421        0.000000000000E+00
  266         1       110.604912        0.379889777307E-05
  266         2        78.051081        0.000000000000E+00
  266         3        78.051081        0.000000000000E+00
  266         4       148.763709        0.404094711748E-05
  266         5       116.728272        0.000000000000E+00
  266         6       116.728272        0.000000000000E+00
  267         1       110.878944        0.375336676213E-05
  267         2        78.218116        0.000000000000E+00
  267         3        78.218116        0.000000000000E+00
  267         4       148.673816        0.407434632609E-05
  267         5       116.656348        0.000000000000E+00
  267         6       116.656348        0.000000000000E+00
  268         1       111.151308        0.370621345188E-05
  268         2        78.383783        0.000000000000E+00
  268         3        78.383783        0.000000000000E+00
  268         4       148.583422        0.410933657039E-05
  268         5       116.584656        0.000000000000E+00
  268         6       116.584656        0.000000000000E+00
  269         1       111.421989        0.365746757836E-05
  269         2        78.548066        0.000000000000E+00
  269         3        78.548066        0.000000000000E+00
  269         4       148.492535        0.414591044840E-05
  269         5       116.513204        0.000000000000E+00
  269         6       116.513204        0.000000000000E+00
  270         1       111.690971        0.360715532746E-05
  270         2        78.710950        0.000000000000E+00
  270         3        78.710950        0.000000000000E+00
  270         4       148.401163        0.418405291192E-05
  270         5       116.442000        0.000000000000E+00
  270         6       116.442000        0.000000000000E+00
  271         1       111.958236        0.355530848163E-05
  271         2        78.872419        0.000000000000E+00
  271         3        78.872419        0.000000000000E+00
  271         4       148.309317        0.422374410667E-05
  271         5       116.371053        0.000000000000E+00
  271         6       116.371053        0.000000000000E+00
  272         1       112.223769        0.350196053132E-05
  272         2        79.032458        0.000000000000E+00
  272         3        79.032458        0.000000000000E+00
  272         4       148.217006        0.426497330025E-05
  272         5       116.300370        0.000000000000E+00
  272         6       116.300370        0.000000000000E+00
  273         1       112.487551        0.344714792496E-05
  273         2        79.191050        0.000000000000E+00
  273         3        79.191050        0.000000000000E+00
  273         4       148.124242        0.430771647838E-05
  273         5       116.229962        0.000000000000E+00
  273         6       116.229962        0.000000000000E+00
  274         1       112.749564        0.339091254966E-05
  274         2        79.348181        0.000000000000E+00
  274         3        79.348181        0.000000000000E+00
  274         4       148.031037        0.435194482117E-05
  274         5       116.159840        0.000000000000E+00
  274         6       116.159840        0.000000000000E+00
  275         1       113.009791        0.333329176507E-05
  275         2        79.503831        0.000000000000E+00
  275         3        79.503831        0.000000000000E+00
  275         4       147.937401        0.439764387012E-05
  275         5       116.090012        0.000000000000E+00
  275         6       116.090012        0.000000000000E+00
  276         1       113.268213        0.327433212420E-05
  276         2        79.657986        0.000000000000E+00
  276         3        79.657986        0.000000000000E+00
  276         4       147.843350        0.444478044565E-05
  276         5       116.020492        0.000000000000E+00
  276         6       116.020492        0.000000000000E+00
  277         1       113.524808        0.321408541932E-05
  277         2        79.810629        0.000000000000E+00
  277         3        79.810629        0.000000000000E+00
  277         4       147.748897        0.449331658312E-05
  277         5       115.951290        0.000000000000E+00
  277         6       115.951290        0.000000000000E+00
  278         1       113.779558        0.315259307575E-05
  278         2        79.961741        0.000000000000E+00
  278         3        79.961741        0.000000000000E+00
  278         4       147.654056        0.454323368288E-05
  278         5       115.882419        0.000000000000E+00
  278         6       115.882419        0.000000000000E+00
  279         1       114.032442        0.308991155329E-05
  279         2        80.111305        0.000000000000E+00
  279         3        80.111305        0.000000000000E+00
  279         4       147.558845        0.459448922216E-05
  279         5       115.813892        0.000000000000E+00
  279         6       115.813892        0.000000000000E+00
  280         1       114.283438        0.302610234853E-05
  280         2        80.259305        0.000000000000E+00
  280         3        80.259305        0.000000000000E+00
  280         4       147.463278        0.464703593050E-05
  280         5       115.745721        0.000000000000E+00
  280         6       115.745721        0.000000000000E+00
  281         1       114.532525        0.296121119060E-05
  281         2        80.405722        0.000000000000E+00
  281         3        80.405722        0.000000000000E+00
  281         4       147.367375        0.470085060047E-05
  281         5       115.677922        0.000000000000E+00
  281         6       115.677922        0.000000000000E+00
  282         1       114.779679        0.289530426248E-05
  282         2        80.550539        0.000000000000E+00
  282         3        80.550539        0.000000000000E+00
  282         4       147.271153        0.475588120003E-05
  282         5       115.610507        0.000000000000E+00
  282         6       115.610507        0.000000000000E+00
  283         1       115.024876        0.282845253985E-05
  283         2        80.693737        0.000000000000E+00
  283         3        80.693737        0.000000000000E+00
  283         4       147.174633        0.481207102514E-05
  283         5       115.543492        0.000000000000E+00
  283         6       115.543492        0.000000000000E+00
  284         1       115.268094        0.276070636257E-05
  284         2        80.835299        0.000000000000E+00
  284         3        80.835299        0.000000000000E+00
  284         4       147.077835        0.486939174715E-05
  284         5       115.476892        0.000000000000E+00
  284         6       115.476892        0.000000000000E+00
  285         1       115.509307        0.269214144238E-05
  285         2        80.975207        0.000000000000E+00
  285         3        80.975207        0.000000000000E+00
  285         4       146.980780        0.492778167063E-05
  285         5       115.410722        0.000000000000E+00
  285         6       115.410722        0.000000000000E+00
  286         1       115.748490        0.262283800821E-05
  286         2        81.113442        0.000000000000E+00
  286         3        81.113442        0.000000000000E+00
  286         4       146.883491        0.498717454138E-05
  286         5       115.345000        0.000000000000E+00
  286         6       115.345000        0.000000000000E+00
  287         1       115.985615        0.255285139755E-05
  287         2        81.249986        0.000000000000E+00
  287         3        81.249986        0.000000000000E+00
  287         4       146.785993        0.504753634488E-05
  287         5       115.279742        0.000000000000E+00
  287         6       115.279742        0.000000000000E+00
  288         1       116.220656        0.248226663967E-05
  288         2        81.384821        0.000000000000E+00
  288         3        81.384821        0.000000000000E+00
  288         4       146.688309        0.510879559507E-05
  288         5       115.214965        0.000000000000E+00
  288         6       115.214965        0.000000000000E+00
  289         1       116.453584        0.241117301345E-05
  289         2        81.517929        0.000000000000E+00
  289         3        81.517929        0.000000000000E+00
  289         4       146.590468        0.517087636837E-05
  289         5       115.150685        0.000000000000E+00
  289         6       115.150685        0.000000000000E+00
  290         1       116.684370        0.233963127401E-05
  290         2        81.649291        0.000000000000E+00
  290         3        81.649291        0.000000000000E+00
  290         4       146.492495        0.523373836473E-05
  290         5       115.086922        0.000000000000E+00
  290         6       115.086922        0.000000000000E+00
  291         1       116.912985        0.226773558099E-05
  291         2        81.778889        0.000000000000E+00
  291         3        81.778889        0.000000000000E+00
  291         4       146.394420        0.529730018918E-05
  291         5       115.023694        0.000000000000E+00
  291         6       115.023694        0.000000000000E+00
  292         1       117.139396        0.219558403897E-05
  292         2        81.906705        0.000000000000E+00
  292         3        81.906705        0.000000000000E+00
  292         4       146.296272        0.536147616451E-05
  292         5       114.961018        0.000000000000E+00
  292         6       114.961018        0.000000000000E+00
  293         1       117.363573        0.212324331558E-05
  293         2        82.032720        0.000000000000E+00
  293         3        82.032720        0.000000000000E+00
  293         4       146.198083        0.542621906440E-05
  293         5       114.898913        0.000000000000E+00
  293         6       114.898913        0.000000000000E+00
  294         1       117.585482        0.205081649195E-05
  294         2        82.156918        0.000000000000E+00
  294         3        82.156918        0.000000000000E+00
  294         4       146.099887        0.549143748816E-05
  294         5       114.837400        0.000000000000E+00
  294         6       114.837400        0.000000000000E+00
  295         1       117.805088        0.197841027699E-05
  295         2        82.279279        0.000000000000E+00
  295         3        82.279279        0.000000000000E+00
  295         4       146.001716        0.555703594650E-05
  295         5       114.776496        0.000000000000E+00
  295         6       114.776496        0.000000000000E+00
  296         1       118.022356        0.190609776771E-05
  296         2        82.399785        0.000000000000E+00
  296         3        82.399785        0.000000000000E+00
  296         4       145.903607        0.562295962800E-05
  296         5       114.716223        0.000000000000E+00
  296         6       114.716223        0.000000000000E+00
  297         1       118.237250        0.183399074615E-05
  297         2        82.518420        0.000000000000E+00
  297         3        82.518420        0.000000000000E+00
  297         4       145.805596        0.568910708893E-05
  297         5       114.656598        0.000000000000E+00
  297         6       114.656598        0.000000000000E+00
  298         1       118.449732        0.176220426343E-05
  298         2        82.635164        0.000000000000E+00
  298         3        82.635164        0.000000000000E+00
  298         4       145.707723        0.575537300852E-05
  298         5       114.597644        0.000000000000E+00
  298         6       114.597644        0.000000000000E+00
  299         1       118.659762        0.169081836706E-05
  299         2        82.750002        0.000000000000E+00
  299         3        82.750002        0.000000000000E+00
  299         4       145.610027        0.582169437251E-05
  299         5       114.539379        0.000000000000E+00
  299         6       114.539379        0.000000000000E+00
  300         1       118.867300        0.161995325012E-05
  300         2        82.862915        0.000000000000E+00
  300         3        82.862915        0.000000000000E+00
  300         4       145.512550        0.588795971836E-05
  300         5       114.481823        0.000000000000E+00
  300         6       114.481823        0.000000000000E+00
  301         1       119.072305        0.154973199308E-05
  301         2        82.973886        0.000000000000E+00
  301         3        82.973886        0.000000000000E+00
  301         4       145.415337        0.595405399321E-05
  301         5       114.424998        0.000000000000E+00
  301         6       114.424998        0.000000000000E+00
  302         1       119.274732        0.148024204547E-05
  302         2        83.082899        0.000000000000E+00
  302         3        83.082899        0.000000000000E+00
  302         4       145.318431        0.601990540509E-05
  302         5       114.368924        0.000000000000E+00
  302         6       114.368924        0.000000000000E+00
  303         1       119.474538        0.141161161598E-05
  303         2        83.189936        0.000000000000E+00
  303         3        83.189936        0.000000000000E+00
  303         4       145.221880        0.608539265914E-05
  303         5       114.313620        0.000000000000E+00
  303         6       114.313620        0.000000000000E+00
  304         1       119.671676        0.134397136336E-05
  304         2        83.294981        0.000000000000E+00
  304         3        83.294981        0.000000000000E+00
  304         4       145.125732        0.615039120999E-05
  304         5       114.259108        0.000000000000E+00
  304         6       114.259108        0.000000000000E+00
  305         1       119.866097        0.127741644661E-05
  305         2        83.398018        0.000000000000E+00
  305         3        83.398018        0.000000000000E+00
  305         4       145.030038        0.621482009348E-05
  305         5       114.205408        0.000000000000E+00
  305         6       114.205408        0.000000000000E+00
  306         1       120.057754        0.121208250272E-05
  306         2        83.499031        0.000000000000E+00
  306         3        83.499031        0.000000000000E+00
  306         4       144.934851        0.627854858963E-05
  306         5       114.152541        0.000000000000E+00
  306         6       114.152541        0.000000000000E+00
  307         1       120.246594        0.114810708252E-05
  307         2        83.598003        0.000000000000E+00
  307         3        83.598003        0.000000000000E+00
  307         4       144.840224        0.634144315193E-05
  307         5       114.100525        0.000000000000E+00
  307         6       114.100525        0.000000000000E+00
  308         1       120.432565        0.108559309386E-05
  308         2        83.694921        0.000000000000E+00
  308         3        83.694921        0.000000000000E+00
  308         4       144.746213        0.640341355464E-05
  308         5       114.049383        0.000000000000E+00
  308         6       114.049383        0.000000000000E+00
  309         1       120.615612        0.102468269599E-05
  309         2        83.789767        0.000000000000E+00
  309         3        83.789767        0.000000000000E+00
  309         4       144.652877        0.646432039394E-05
  309         5       113.999134        0.000000000000E+00
  309         6       113.999134        0.000000000000E+00
  310         1       120.795679        0.965519269257E-06
  310         2        83.882529        0.000000000000E+00
  310         3        83.882529        0.000000000000E+00
  310         4       144.560275        0.652402202696E-05
  310         5       113.949797        0.000000000000E+00
  310         6       113.949797        0.000000000000E+00
  311         1       120.972709        0.908213084072E-06
  311         2        83.973189        0.000000000000E+00
  311         3        83.973189        0.000000000000E+00
  311         4       144.468468        0.658241931747E-05
  311         5       113.901393        0.000000000000E+00
  311         6       113.901393        0.000000000000E+00
  312         1       121.146641        0.852911400941E-06
  312         2        84.061736        0.000000000000E+00
  312         3        84.061736        0.000000000000E+00
  312         4       144.377522        0.663936544548E-05
  312         5       113.853941        0.000000000000E+00
  312         6       113.853941        0.000000000000E+00
  313         1       121.317414        0.799761829571E-06
  313         2        84.148154        0.000000000000E+00
  313         3        84.148154        0.000000000000E+00
  313         4       144.287501        0.669471218508E-05
  313         5       113.807460        0.000000000000E+00
  313         6       113.807460        0.000000000000E+00
  314         1       121.484965        0.748880937568E-06
  314         2        84.232430        0.000000000000E+00
  314         3        84.232430        0.000000000000E+00
  314         4       144.198473        0.674835249196E-05
  314         5       113.761970        0.000000000000E+00
  314         6       113.761970        0.000000000000E+00
  315         1       121.649227        0.700418967002E-06
  315         2        84.314551        0.000000000000E+00
  315         3        84.314551        0.000000000000E+00
  315         4       144.110508        0.680013416929E-05
  315         5       113.717489        0.000000000000E+00
  315         6       113.717489        0.000000000000E+00
  316         1       121.810135        0.654525341964E-06
  316         2        84.394504        0.000000000000E+00
  316         3        84.394504        0.000000000000E+00
  316         4       144.023677        0.684990473258E-05
  316         5       113.674036        0.000000000000E+00
  316         6       113.674036        0.000000000000E+00
  317         1       121.967619        0.611320943654E-06
  317         2        84.472275        0.000000000000E+00
  317         3        84.472275        0.000000000000E+00
  317         4       143.938053        0.689755120794E-05
  317         5       113.631628        0.000000000000E+00
  317         6       113.631628        0.000000000000E+00
  318         1       122.121609        0.570955880985E-06
  318         2        84.547854        0.000000000000E+00
  318         3        84.547854        0.000000000000E+00
  318         4       143.853713        0.694291905708E-05
  318         5       113.590285        0.000000000000E+00
  318         6       113.590285        0.000000000000E+00
  319         1       122.272033        0.533577907798E-06
  319         2        84.621228        0.000000000000E+00
  319         3        84.621228        0.000000000000E+00
  319         4       143.770731        0.698585496804E-05
  319         5       113.550022        0.000000000000E+00
  319         6       113.550022        0.000000000000E+00
  320         1       122.418816        0.499309000177E-06
  320         2        84.692386        0.000000000000E+00
  320         3        84.692386        0.000000000000E+00
  320         4       143.689189        0.702624325633E-05
  320         5       113.510858        0.000000000000E+00
  320         6       113.510858        0.000000000000E+00
  321         1       122.561884        0.468294746729E-06
  321         2        84.761316        0.000000000000E+00
  321         3        84.761316        0.000000000000E+00
  321         4       143.609164        0.706393139680E-05
  321         5       113.472809        0.000000000000E+00
  321         6       113.472809        0.000000000000E+00
  322         1       122.701159        0.440676391712E-06
  322         2        84.828008        0.000000000000E+00
  322         3        84.828008        0.000000000000E+00
  322         4       143.530740        0.709877007125E-05
  322         5       113.435891        0.000000000000E+00
  322         6       113.435891        0.000000000000E+00
  323         1       122.836563        0.416572257680E-06
  323         2        84.892452        0.000000000000E+00
  323         3        84.892452        0.000000000000E+00
  323         4       143.454000        0.713064565041E-05
  323         5       113.400120        0.000000000000E+00
  323         6       113.400120        0.000000000000E+00
  324         1       122.968017        0.396117504433E-06
  324         2        84.954637        0.000000000000E+00
  324         3        84.954637        0.000000000000E+00
  324         4       143.379027        0.715941352634E-05
  324         5       113.365512        0.000000000000E+00
  324         6       113.365512        0.000000000000E+00
  325         1       123.095440        0.379440441785E-06
  325         2        85.014554        0.000000000000E+00
  325         3        85.014554        0.000000000000E+00
  325         4       143.305906        0.718493481777E-05
  325         5       113.332081        0.000000000000E+00
  325         6       113.332081        0.000000000000E+00
  326         1       123.218750        0.366649260906E-06
  326         2        85.072194        0.000000000000E+00
  326         3        85.072194        0.000000000000E+00
  326         4       143.234725        0.720710443950E-05
  326         5       113.299842        0.000000000000E+00
  326         6       113.299842        0.000000000000E+00
  327         1       123.337865        0.357861120682E-06
  327         2        85.127547        0.000000000000E+00
  327         3        85.127547        0.000000000000E+00
  327         4       143.165570        0.722579331936E-05
  327         5       113.268808        0.000000000000E+00
  327         6       113.268808        0.000000000000E+00
  328         1       123.452703        0.353183331413E-06
  328         2        85.180606        0.000000000000E+00
  328         3        85.180606        0.000000000000E+00
  328         4       143.098528        0.724088111340E-05
  328         5       113.238994        0.000000000000E+00
  328         6       113.238994        0.000000000000E+00
  329         1       123.563181        0.352705724978E-06
  329         2        85.231363        0.000000000000E+00
  329         3        85.231363        0.000000000000E+00
  329         4       143.033687        0.725227955423E-05
  329         5       113.210413        0.000000000000E+00
  329         6       113.210413        0.000000000000E+00
  330         1       123.669215        0.356518346257E-06
  330         2        85.279809        0.000000000000E+00
  330         3        85.279809        0.000000000000E+00
  330         4       142.971134        0.725988427346E-05
  330         5       113.183076        0.000000000000E+00
  330         6       113.183076        0.000000000000E+00
  331         1       123.770723        0.364698010993E-06
  331         2        85.325937        0.000000000000E+00
  331         3        85.325937        0.000000000000E+00
  331         4       142.910957        0.726360305377E-05
  331         5       113.156996        0.000000000000E+00
  331         6       113.156996        0.000000000000E+00
  332         1       123.867624        0.377306548761E-06
  332         2        85.369741        0.000000000000E+00
  332         3        85.369741        0.000000000000E+00
  332         4       142.853240        0.726337413326E-05
  332         5       113.132184        0.000000000000E+00
  332         6       113.132184        0.000000000000E+00
  333         1       123.959834        0.394396715949E-06
  333         2        85.411213        0.000000000000E+00
  333         3        85.411213        0.000000000000E+00
  333         4       142.798070        0.725912809782E-05
  333         5       113.108650        0.000000000000E+00
  333         6       113.108650        0.000000000000E+00
  334         1       124.047276        0.416004560119E-06
  334         2        85.450349        0.000000000000E+00
  334         3        85.450349        0.000000000000E+00
  334         4       142.745530        0.725081126002E-05
  334         5       113.086406        0.000000000000E+00
  334         6       113.086406        0.000000000000E+00
  335         1       124.129871        0.442153625585E-06
  335         2        85.487141        0.000000000000E+00
  335         3        85.487141        0.000000000000E+00
  335         4       142.695702        0.723839869533E-05
  335         5       113.065461        0.000000000000E+00
  335         6       113.065461        0.000000000000E+00
  336         1       124.207542        0.472849125985E-06
  336         2        85.521585        0.000000000000E+00
  336         3        85.521585        0.000000000000E+00
  336         4       142.648667        0.722186634898E-05
  336         5       113.045824        0.000000000000E+00
  336         6       113.045824        0.000000000000E+00
  337         1       124.280215        0.508076429132E-06
  337         2        85.553675        0.000000000000E+00
  337         3        85.553675        0.000000000000E+00
  337         4       142.604501        0.720120907529E-05
  337         5       113.027504        0.000000000000E+00
  337         6       113.027504        0.000000000000E+00
  338         1       124.347820        0.547811166448E-06
  338         2        85.583406        0.000000000000E+00
  338         3        85.583406        0.000000000000E+00
  338         4       142.563278        0.717644851057E-05
  338         5       113.010508        0.000000000000E+00
  338         6       113.010508        0.000000000000E+00
  339         1       124.410289        0.592002138366E-06
  339         2        85.610775        0.000000000000E+00
  339         3        85.610775        0.000000000000E+00
  339         4       142.525069        0.714761496428E-05
  339         5       112.994845        0.000000000000E+00
  339         6       112.994845        0.000000000000E+00
  340         1       124.467557        0.640576081513E-06
  340         2        85.635778        0.000000000000E+00
  340         3        85.635778        0.000000000000E+00
  340         4       142.489942        0.711475997291E-05
  340         5       112.980520        0.000000000000E+00
  340         6       112.980520        0.000000000000E+00
  341         1       124.519565        0.693453440323E-06
  341         2        85.658410        0.000000000000E+00
  341         3        85.658410        0.000000000000E+00
  341         4       142.457958        0.707795907439E-05
  341         5       112.967541        0.000000000000E+00
  341         6       112.967541        0.000000000000E+00
  342         1       124.566256        0.750520897111E-06
  342         2        85.678668        0.000000000000E+00
  342         3        85.678668        0.000000000000E+00
  342         4       142.429177        0.703730282735E-05
  342         5       112.955913        0.000000000000E+00
  342         6       112.955913        0.000000000000E+00
  343         1       124.607580        0.811642384284E-06
  343         2        85.696550        0.000000000000E+00
  343         3        85.696550        0.000000000000E+00
  343         4       142.403651        0.699290383033E-05
  343         5       112.945640        0.000000000000E+00
  343         6       112.945640        0.000000000000E+00
  344         1       124.643490        0.876680025522E-06
  344         2        85.712053        0.000000000000E+00
  344         3        85.712053        0.000000000000E+00
  344         4       142.381429        0.694489472432E-05
  344         5       112.936729        0.000000000000E+00
  344         6       112.936729        0.000000000000E+00
  345         1       124.673946        0.945457580239E-06
  345         2        85.725175        0.000000000000E+00
  345         3        85.725175        0.000000000000E+00
  345         4       142.362552        0.689342734638E-05
  345         5       112.929181        0.000000000000E+00
  345         6       112.929181        0.000000000000E+00
  346         1       124.698913        0.101777736747E-05
  346         2        85.735913        0.000000000000E+00
  346         3        85.735913        0.000000000000E+00
  346         4       142.347057        0.683867435319E-05
  346         5       112.923002        0.000000000000E+00
  346         6       112.923002        0.000000000000E+00
  347         1       124.718362        0.109344561738E-05
  347         2        85.744267        0.000000000000E+00
  347         3        85.744267        0.000000000000E+00
  347         4       142.334974        0.678082319791E-05
  347         5       112.918193        0.000000000000E+00
  347         6       112.918193        0.000000000000E+00
  348         1       124.732270        0.117222840696E-05
  348         2        85.750235        0.000000000000E+00
  348         3        85.750235        0.000000000000E+00
  348         4       142.326326        0.672008196015E-05
  348         5       112.914756        0.000000000000E+00
  348         6       112.914756        0.000000000000E+00
  349         1       124.740622        0.125387384284E-05
  349         2        85.753816        0.000000000000E+00
  349         3        85.753816        0.000000000000E+00
  349         4       142.321130        0.665667620566E-05
  349         5       112.912694        0.000000000000E+00
  349         6       112.912694        0.000000000000E+00
  350         1       124.743407        0.133814075138E-05
  350         2        85.755010        0.000000000000E+00
  350         3        85.755010        0.000000000000E+00
  350         4       142.319397        0.659083979942E-05
  350         5       112.912006        0.000000000000E+00
  350         6       112.912006        0.000000000000E+00
  351         1       124.743386        0.133803189777E-05
  351         2        85.756908        0.484164922997E-10
  351         3        85.754919        0.268605612692E-32
  351         4       142.318300        0.659084035941E-05
  351         5       112.911952        0.424066311841E-27
  351         6       112.911960        0.164321244540E-09
  352         1       124.743321        0.133768442624E-05
  352         2        85.763133        0.199614876736E-09
  352         3        85.754115        0.000000000000E+00
  352         4       142.315011        0.659086295473E-05
  352         5       112.912195        0.156013044561E-33
  352         6       112.911420        0.649478147656E-09
  353         1       124.743213        0.133707043269E-05
  353         2        85.773502        0.462558290763E-09
  353         3        85.752775        0.413366491912E-33
  353         4       142.309529        0.659093666167E-05
  353         5       112.912599        0.214545363287E-31
  353         6       112.910520        0.144272764580E-08
  354         1       124.743061        0.133615905254E-05
  354         2        85.788006        0.846448963784E-09
  354         3        85.750899        0.912525381895E-33
  354         4       142.301857        0.659109115940E-05
  354         5       112.913165        0.842290334630E-32
  354         6       112.909259        0.253028855949E-08
  355         1       124.742863        0.133493486982E-05
  355         2        85.806634        0.135984576051E-08
  355         3        85.748487        0.000000000000E+00
  355         4       142.291999        0.659135247212E-05
  355         5       112.913894        0.840884394018E-32
  355         6       112.907636        0.389632077657E-08
  356         1       124.742619        0.133337057968E-05
  356         2        85.829369        0.201177171102E-08
  356         3        85.745537        0.000000000000E+00
  356         4       142.279957        0.659174915065E-05
  356         5       112.914785        0.132583736401E-32
  356         6       112.905651        0.552453487272E-08
  357         1       124.742325        0.133144533463E-05
  357         2        85.856194        0.281095344261E-08
  357         3        85.742051        0.000000000000E+00
  357         4       142.265736        0.659230790035E-05
  357         5       112.915840        0.000000000000E+00
  357         6       112.903302        0.739731640593E-08
  358         1       124.741981        0.132914911703E-05
  358         2        85.887085        0.376594636329E-08
  358         3        85.738027        0.000000000000E+00
  358         4       142.249341        0.659305221393E-05
  358         5       112.917058        0.228715702769E-32
  358         6       112.900588        0.949600755565E-08
  359         1       124.741584        0.132644738502E-05
  359         2        85.922017        0.488504155125E-08
  359         3        85.733464        0.660087083781E-33
  359         4       142.230777        0.659401174335E-05
  359         5       112.918441        0.285050676945E-32
  359         6       112.897508        0.118010860975E-07
  360         1       124.741131        0.132333430756E-05
  360         2        85.960962        0.617627785220E-08
  360         3        85.728363        0.000000000000E+00
  360         4       142.210053        0.659520791907E-05
  360         5       112.919990        0.000000000000E+00
  360         6       112.894061        0.142921365746E-07
  361         1       124.740618        0.131979736084E-05
  361         2        86.003889        0.764735471814E-08
  361         3        85.722721        0.000000000000E+00
  361         4       142.187175        0.659666339408E-05
  361         5       112.921704        0.000000000000E+00
  361         6       112.890243        0.169480242242E-07
  362         1       124.740043        0.131582147777E-05
  362         2        86.050763        0.930642658146E-08
  362         3        85.716540        0.000000000000E+00
  362         4       142.162151        0.659840016009E-05
  362         5       112.923586        0.000000000000E+00
  362         6       112.886054        0.197476515514E-07
  363         1       124.739402        0.131140816543E-05
  363         2        86.101545        0.111588121149E-07
  363         3        85.709817        0.000000000000E+00
  363         4       142.134992        0.660043697944E-05
  363         5       112.925637        0.102100616457E-32
  363         6       112.881490        0.226674035103E-07
  364         1       124.738691        0.130654696562E-05
  364         2        86.156198        0.132116819696E-07
  364         3        85.702552        0.000000000000E+00
  364         4       142.105706        0.660279307596E-05
  364         5       112.927856        0.118441907500E-32
  364         6       112.876550        0.256852011385E-07
  365         1       124.737904        0.130123452463E-05
  365         2        86.214678        0.154709443087E-07
  365         3        85.694743        0.000000000000E+00
  365         4       142.074304        0.660548547608E-05
  365         5       112.930246        0.719382011189E-32
  365         6       112.871231        0.287780163083E-07
  366         1       124.737038        0.129546986768E-05
  366         2        86.276939        0.179419481426E-07
  366         3        85.686390        0.000000000000E+00
  366         4       142.040799        0.660852956738E-05
  366         5       112.932808        0.869809514239E-32
  366         6       112.865531        0.319226250276E-07
  367         1       124.736087        0.128925442007E-05
  367         2        86.342936        0.206294417872E-07
  367         3        85.677492        0.000000000000E+00
  367         4       142.005202        0.661193900661E-05
  367         5       112.935542        0.000000000000E+00
  367         6       112.859445        0.350957227156E-07
  368         1       124.735045        0.128259202542E-05
  368         2        86.412617        0.235375333735E-07
  368         3        85.668047        0.000000000000E+00
  368         4       141.967526        0.661572566567E-05
  368         5       112.938452        0.000000000000E+00
  368         6       112.852971        0.382740407436E-07
  369         1       124.733908        0.127548895993E-05
  369         2        86.485932        0.266696532868E-07
  369         3        85.658054        0.000000000000E+00
  369         4       141.927786        0.661989950368E-05
  369         5       112.941536        0.122516809773E-31
  369         6       112.846107        0.414344635712E-07
  370         1       124.732668        0.126794916102E-05
  370         2        86.562828        0.300301310359E-07
  370         3        85.647511        0.000000000000E+00
  370         4       141.885997        0.662446871827E-05
  370         5       112.944799        0.000000000000E+00
  370         6       112.838847        0.445548961030E-07
  371         1       124.731319        0.125999333717E-05
  371         2        86.643250        0.336178181359E-07
  371         3        85.636418        0.000000000000E+00
  371         4       141.842173        0.662943885903E-05
  371         5       112.948239        0.000000000000E+00
  371         6       112.831190        0.476113723843E-07
  372         1       124.729854        0.125163028561E-05
  372         2        86.727141        0.374354170118E-07
  372         3        85.624773        0.000000000000E+00
  372         4       141.796331        0.663481402482E-05
  372         5       112.951860        0.000000000000E+00
  372         6       112.823130        0.505827000140E-07
  373         1       124.728266        0.124287601640E-05
  373         2        86.814443        0.414833170430E-07
  373         3        85.612573        0.000000000000E+00
  373         4       141.748489        0.664059588473E-05
  373         5       112.955663        0.000000000000E+00
  373         6       112.814664        0.534475526388E-07
  374         1       124.726546        0.123375731457E-05
  374         2        86.905098        0.457611149009E-07
  374         3        85.599819        0.000000000000E+00
  374         4       141.698664        0.664678214726E-05
  374         5       112.959650        0.000000000000E+00
  374         6       112.805788        0.561849852673E-07
  375         1       124.724688        0.122427825594E-05
  375         2        86.999046        0.502674399155E-07
  375         3        85.586507        0.000000000000E+00
  375         4       141.646876        0.665337342143E-05
  375         5       112.963821        0.000000000000E+00
  375         6       112.796497        0.587759394562E-07
  376         1       124.722682        0.121447043112E-05
  376         2        87.096225        0.550001678680E-07
  376         3        85.572637        0.000000000000E+00
  376         4       141.593143        0.666036269374E-05
  376         5       112.968179        0.000000000000E+00
  376         6       112.786788        0.612013155627E-07
  377         1       124.720519        0.120435939941E-05
  377         2        87.196576        0.599562469845E-07
  377         3        85.558206        0.413015684421E-38
  377         4       141.537487        0.666774227220E-05
  377         5       112.972726        0.439903418504E-32
  377         6       112.776655        0.634434078241E-07
  378         1       124.718191        0.119396860214E-05
  378         2        87.300035        0.651341968379E-07
  378         3        85.543213        0.000000000000E+00
  378         4       141.479929        0.667550163045E-05
  378         5       112.977463        0.000000000000E+00
  378         6       112.766094        0.654862161580E-07
  379         1       124.715686        0.118333719484E-05
  379         2        87.406542        0.705243183386E-07
  379         3        85.527655        0.000000000000E+00
  379         4       141.420491        0.668362872198E-05
  379         5       112.982391        0.000000000000E+00
  379         6       112.755100        0.673133815422E-07
  380         1       124.712996        0.117249312781E-05
  380         2        87.516034        0.761231958518E-07
  380         3        85.511532        0.000000000000E+00
  380         4       141.359195        0.669210799273E-05
  380         5       112.987513        0.303936570084E-31
  380         6       112.743669        0.689115961736E-07
  381         1       124.710109        0.116147109324E-05
  381         2        87.628449        0.819241300022E-07
  381         3        85.494840        0.000000000000E+00
  381         4       141.296067        0.670092152597E-05
  381         5       112.992830        0.000000000000E+00
  381         6       112.731794        0.702684481312E-07
  382         1       124.707015        0.115030798748E-05
  382         2        87.743726        0.879195019097E-07
  382         3        85.477579        0.462264149377E-38
  382         4       141.231129        0.671004877595E-05
  382         5       112.998343        0.172470509232E-37
  382         6       112.719471        0.713730813113E-07
  383         1       124.703701        0.113904285871E-05
  383         2        87.861803        0.941007777706E-07
  383         3        85.459745        0.229650128449E-38
  383         4       141.164409        0.671946646521E-05
  383         5       113.004055        0.250235151777E-31
  383         6       112.706695        0.722162791206E-07
  384         1       124.700155        0.112771687657E-05
  384         2        87.982619        0.100458515828E-06
  384         3        85.441338        0.000000000000E+00
  384         4       141.095931        0.672914860599E-05
  384         5       113.009966        0.389408543925E-31
  384         6       112.693459        0.727905418213E-07
  385         1       124.696366        0.111636945148E-05
  385         2        88.106115        0.106985573784E-06
  385         3        85.422353        0.000000000000E+00
  385         4       141.025724        0.673906544956E-05
  385         5       113.016080        0.000000000000E+00
  385         6       112.679759        0.730903233430E-07
  386         1       124.692320        0.110505363849E-05
  386         2        88.232231        0.113664436801E-06
  386         3        85.402791        0.440885285328E-38
  386         4       140.953816        0.674918731140E-05
  386         5       113.022396        0.158812520733E-37
  386         6       112.665590        0.731113806713E-07
  387         1       124.688004        0.109381275463E-05
  387         2        88.360911        0.120486119212E-06
  387         3        85.382647        0.436487390506E-38
  387         4       140.880235        0.675947895641E-05
  387         5       113.028916        0.196907711990E-37
  387         6       112.650944        0.728519972579E-07
  388         1       124.683402        0.108269599203E-05
  388         2        88.492096        0.127437697061E-06
  388         3        85.361921        0.432479728348E-38
  388         4       140.805011        0.676990318478E-05
  388         5       113.035643        0.157036305700E-37
  388         6       112.635816        0.723122019307E-07
  389         1       124.678501        0.107176289511E-05
  389         2        88.625731        0.134505234939E-06
  389         3        85.340610        0.000000000000E+00
  389         4       140.728176        0.678041865498E-05
  389         5       113.042577        0.000000000000E+00
  389         6       112.620201        0.714931801515E-07
  390         1       124.673286        0.106104950290E-05
  390         2        88.761764        0.141674566813E-06
  390         3        85.318710        0.000000000000E+00
  390         4       140.649760        0.679098513694E-05
  390         5       113.049720        0.000000000000E+00
  390         6       112.604092        0.704007209632E-07
  391         1       124.667740        0.105061892828E-05
  391         2        88.900140        0.148930249304E-06
  391         3        85.296222        0.000000000000E+00
  391         4       140.569796        0.680155558859E-05
  391         5       113.057072        0.000000000000E+00
  391         6       112.587483        0.690401752844E-07
  392         1       124.661847        0.104052759092E-05
  392         2        89.040810        0.156256288317E-06
  392         3        85.273140        0.422978772199E-38
  392         4       140.488317        0.681208144940E-05
  392         5       113.064636        0.590333750120E-31
  392         6       112.570368        0.674198355308E-07
  393         1       124.655590        0.103083085193E-05
  393         2        89.183725        0.163639888894E-06
  393         3        85.249465        0.000000000000E+00
  393         4       140.405358        0.682250936973E-05
  393         5       113.072412        0.000000000000E+00
  393         6       112.552741        0.655498000422E-07
  394         1       124.648951        0.102159403843E-05
  394         2        89.328837        0.171056068210E-06
  394         3        85.225192        0.370513005366E-38
  394         4       140.320954        0.683278884506E-05
  394         5       113.080401        0.180085568177E-37
  394         6       112.534595        0.634432088404E-07
  395         1       124.641913        0.101287550661E-05
  395         2        89.476102        0.178490740986E-06
  395         3        85.200320        0.272754643884E-38
  395         4       140.235141        0.684286103754E-05
  395         5       113.088605        0.676882204596E-31
  395         6       112.515925        0.611144926013E-07
  396         1       124.634455        0.100473798376E-05
  396         2        89.625477        0.185925486467E-06
  396         3        85.174846        0.000000000000E+00
  396         4       140.147957        0.685266612174E-05
  396         5       113.097024        0.000000000000E+00
  396         6       112.496723        0.585804749176E-07
  397         1       124.626558        0.997245614306E-06
  397         2        89.776921        0.193341402824E-06
  397         3        85.148768        0.277972538459E-38
  397         4       140.059438        0.686214154919E-05
  397         5       113.105660        0.179108478437E-37
  397         6       112.476983        0.558600956685E-07
  398         1       124.618203        0.990463881064E-06
  398         2        89.930395        0.200719165568E-06
  398         3        85.122083        0.439419021907E-38
  398         4       139.969624        0.687122204089E-05
  398         5       113.114512        0.157393373519E-37
  398         6       112.456699        0.529743890049E-07
  399         1       124.609367        0.984459531521E-06
  399         2        90.085863        0.208039086827E-06
  399         3        85.094789        0.000000000000E+00
  399         4       139.878555        0.687983968122E-05
  399         5       113.123582        0.000000000000E+00
  399         6       112.435864        0.499464528497E-07
  400         1       124.600028        0.979300496993E-06
  400         2        90.243292        0.215281179723E-06
  400         3        85.066884        0.000000000000E+00
  400         4       139.786272        0.688792395876E-05
  400         5       113.132870        0.000000000000E+00
  400         6       112.414472        0.468014111494E-07
  401         1       124.590165        0.975054543245E-06
  401         2        90.402648        0.222429513765E-06
  401         3        85.038364        0.000000000000E+00
  401         4       139.692817        0.689539869889E-05
  401         5       113.142378        0.000000000000E+00
  401         6       112.392515        0.435656632121E-07
  402         1       124.579753        0.971794424479E-06
  402         2        90.563904        0.229455154952E-06
  402         3        85.009227        0.461430064359E-38
  402         4       139.598232        0.690219451332E-05
  402         5       113.152104        0.155260176941E-37
  402         6       112.369988        0.402696173749E-07
  403         1       124.568768        0.969589607627E-06
  403         2        90.727031        0.236341881742E-06
  403         3        84.979472        0.335898994470E-38
  403         4       139.502560        0.690823058901E-05
  403         5       113.162050        0.154667898705E-37
  403         6       112.346883        0.369435016919E-07
  404         1       124.557186        0.968511813277E-06
  404         2        90.892006        0.243069200531E-06
  404         3        84.949095        0.000000000000E+00
  404         4       139.405848        0.691342683632E-05
  404         5       113.172215        0.000000000000E+00
  404         6       112.323194        0.336200099035E-07
  405         1       124.544980        0.968643790349E-06
  405         2        91.058805        0.249615631163E-06
  405         3        84.918094        0.349439251846E-38
  405         4       139.308140        0.691769836094E-05
  405         5       113.182601        0.153413399765E-37
  405         6       112.298914        0.303328349182E-07
  406         1       124.532123        0.970037959153E-06
  406         2        91.227409        0.255962890611E-06
  406         3        84.886466        0.488119220470E-38
  406         4       139.209484        0.692096606443E-05
  406         5       113.193206        0.133890496573E-37
  406         6       112.274036        0.271195319780E-07
  407         1       124.518589        0.972777834175E-06
  407         2        91.397799        0.262089928528E-06
  407         3        84.854209        0.000000000000E+00
  407         4       139.109927        0.692314134438E-05
  407         5       113.204032        0.000000000000E+00
  407         6       112.248554        0.240169314352E-07
  408         1       124.504347        0.976937012137E-06
  408         2        91.569961        0.267976967938E-06
  408         3        84.821321        0.503174969334E-38
  408         4       139.009517        0.692413639130E-05
  408         5       113.215077        0.151362787739E-37
  408         6       112.222461        0.210640884633E-07
  409         1       124.489370        0.982589618047E-06
  409         2        91.743880        0.273608984707E-06
  409         3        84.787799        0.000000000000E+00
  409         4       138.908304        0.692385729465E-05
  409         5       113.226342        0.000000000000E+00
  409         6       112.195749        0.183005967376E-07
  410         1       124.473625        0.989808584129E-06
  410         2        91.919546        0.278958313402E-06
  410         3        84.753640        0.484528663014E-38
  410         4       138.806340        0.692222236180E-05
  410         5       113.237826        0.220470129597E-31
  410         6       112.168414        0.157697376631E-07
  411         1       124.457084        0.998667435067E-06
  411         2        92.096950        0.284010971235E-06
  411         3        84.718843        0.000000000000E+00
  411         4       138.703676        0.691913541756E-05
  411         5       113.249529        0.000000000000E+00
  411         6       112.140447        0.135134646753E-07
  412         1       124.439712        0.100923897346E-05
  412         2        92.276083        0.288749249013E-06
  412         3        84.683404        0.000000000000E+00
  412         4       138.600364        0.691450380655E-05
  412         5       113.261451        0.000000000000E+00
  412         6       112.111841        0.115755548205E-07
  413         1       124.421477        0.102159526643E-05
  413         2        92.456941        0.293156175011E-06
  413         3        84.647322        0.102600706449E-37
  413         4       138.496458        0.690823425948E-05
  413         5       113.273591        0.178048412632E-37
  413         6       112.082592        0.100006647031E-07
  414         1       124.402345        0.103580739683E-05
  414         2        92.639519        0.297215604342E-06
  414         3        84.610594        0.000000000000E+00
  414         4       138.392013        0.690023316707E-05
  414         5       113.285948        0.000000000000E+00
  414         6       112.052690        0.883419983050E-08
  415         1       124.382282        0.105194518717E-05
  415         2        92.823817        0.300912312767E-06
  415         3        84.573217        0.000000000000E+00
  415         4       138.287084        0.689040687158E-05
  415         5       113.298521        0.000000000000E+00
  415         6       112.022131        0.812217903524E-08
  416         1       124.361250        0.107007885730E-05
  416         2        93.009834        0.304236226387E-06
  416         3        84.535190        0.000000000000E+00
  416         4       138.181728        0.687865606029E-05
  416         5       113.311311        0.000000000000E+00
  416         6       111.990907        0.791052296188E-08
  417         1       124.339215        0.109027110943E-05
  417         2        93.197570        0.307165893604E-06
  417         3        84.496510        0.000000000000E+00
  417         4       138.076003        0.686489976396E-05
  417         5       113.324316        0.000000000000E+00
  417         6       111.959012        0.824725995878E-08
  418         1       124.316137        0.111258786577E-05
  418         2        93.387028        0.309693582391E-06
  418         3        84.457175        0.112767382385E-37
  418         4       137.969966        0.684904054502E-05
  418         5       113.337535        0.107271764573E-37
  418         6       111.926439        0.917876673339E-08
  419         1       124.291979        0.113709072654E-05
  419         2        93.578212        0.311808652910E-06
  419         3        84.417182        0.000000000000E+00
  419         4       137.863678        0.683098817585E-05
  419         5       113.350967        0.154933233138E-30
  419         6       111.893181        0.107520781199E-07
  420         1       124.266701        0.116385242358E-05
  420         2        93.771126        0.313499524479E-06
  420         3        84.376529        0.606685926923E-38
  420         4       137.757197        0.681064771998E-05
  420         5       113.364611        0.145296980467E-37
  420         6       111.859233        0.130150375682E-07
  421         1       124.240264        0.119290027732E-05
  421         2        93.965776        0.314762940559E-06
  421         3        84.335214        0.117798520530E-37
  421         4       137.650585        0.678794600762E-05
  421         5       113.378467        0.150972169329E-37
  421         6       111.824587        0.160125846770E-07
  422         1       124.212626        0.122429949937E-05
  422         2        94.162167        0.315590425667E-06
  422         3        84.293236        0.000000000000E+00
  422         4       137.543904        0.676279361624E-05
  422         5       113.392533        0.000000000000E+00
  422         6       111.789237        0.197916781905E-07
  423         1       124.183746        0.125809718674E-05
  423         2        94.360307        0.315977375482E-06
  423         3        84.250591        0.000000000000E+00
  423         4       137.437216        0.673511071241E-05
  423         5       113.406808        0.000000000000E+00
  423         6       111.753178        0.243979082126E-07
  424         1       124.153583        0.129433909877E-05
  424         2        94.560202        0.315924516769E-06
  424         3        84.207277        0.000000000000E+00
  424         4       137.330583        0.670481386451E-05
  424         5       113.421290        0.000000000000E+00
  424         6       111.716401        0.298762358643E-07
  425         1       124.122093        0.133305547631E-05
  425         2        94.761860        0.315423508238E-06
  425         3        84.163293        0.128296825552E-37
  425         4       137.224071        0.667184641125E-05
  425         5       113.435979        0.138060905407E-37
  425         6       111.678902        0.362704041018E-07
  426         1       124.089233        0.137428076269E-05
  426         2        94.965287        0.314478882907E-06
  426         3        84.118637        0.000000000000E+00
  426         4       137.117741        0.663613460855E-05
  426         5       113.450874        0.000000000000E+00
  426         6       111.640674        0.436232327539E-07
  427         1       124.054960        0.141803971382E-05
  427         2        95.170492        0.313093481828E-06
  427         3        84.073306        0.000000000000E+00
  427         4       137.011659        0.659761765799E-05
  427         5       113.465973        0.000000000000E+00
  427         6       111.601711        0.519762540202E-07
  428         1       124.019229        0.146435012251E-05
  428         2        95.377480        0.311272224298E-06
  428         3        84.027299        0.000000000000E+00
  428         4       136.905891        0.655624104121E-05
  428         5       113.481275        0.000000000000E+00
  428         6       111.562007        0.613695655773E-07
  429         1       123.981998        0.151322223747E-05
  429         2        95.586258        0.309022192124E-06
  429         3        83.980613        0.000000000000E+00
  429         4       136.800500        0.651195714077E-05
  429         5       113.496779        0.000000000000E+00
  429         6       111.521555        0.718416604345E-07
  430         1       123.943221        0.156465818017E-05
  430         2        95.796832        0.306352714351E-06
  430         3        83.933247        0.874091866782E-38
  430         4       136.695553        0.646472586763E-05
  430         5       113.512483        0.117252401341E-37
  430         6       111.480350        0.834292555764E-07
  431         1       123.902854        0.161865135570E-05
  431         2        96.009206        0.303275454888E-06
  431         3        83.885198        0.000000000000E+00
  431         4       136.591115        0.641451531948E-05
  431         5       113.528387        0.000000000000E+00
  431         6       111.438386        0.961671202769E-07
  432         1       123.860853        0.167519028314E-05
  432         2        96.223384        0.299807360650E-06
  432         3        83.836466        0.000000000000E+00
  432         4       136.487251        0.636129363854E-05
  432         5       113.544489        0.000000000000E+00
  432         6       111.395656        0.110089176252E-06
  433         1       123.817175        0.173424042683E-05
  433         2        96.439367        0.295959198382E-06
  433         3        83.787047        0.000000000000E+00
  433         4       136.384026        0.630506456889E-05
  433         5       113.560787        0.000000000000E+00
  433         6       111.352156        0.125223394735E-06
  434         1       123.771777        0.179576992433E-05
  434         2        96.657158        0.291753117874E-06
  434         3        83.736941        0.000000000000E+00
  434         4       136.281506        0.624581586283E-05
  434         5       113.577282        0.000000000000E+00
  434         6       111.307879        0.141598768558E-06
  435         1       123.724615        0.185973162142E-05
  435         2        96.876754        0.287210998758E-06
  435         3        83.686146        0.000000000000E+00
  435         4       136.179754        0.618355450096E-05
  435         5       113.593972        0.000000000000E+00
  435         6       111.262820        0.159240529923E-06
  436         1       123.675648        0.192608545979E-05
  436         2        97.098152        0.282354125607E-06
  436         3        83.634659        0.000000000000E+00
  436         4       136.078835        0.611828585559E-05
  436         5       113.610856        0.000000000000E+00
  436         6       111.216973        0.178175479889E-06
  437         1       123.624834        0.199472402515E-05
  437         2        97.321349        0.277216789759E-06
  437         3        83.582480        0.000000000000E+00
  437         4       135.978811        0.605006487522E-05
  437         5       113.627932        0.000000000000E+00
  437         6       111.170333        0.198414466842E-06
  438         1       123.572135        0.206558282450E-05
  438         2        97.546336        0.271826192195E-06
  438         3        83.529606        0.000000000000E+00
  438         4       135.879745        0.597892104049E-05
  438         5       113.645200        0.000000000000E+00
  438         6       111.122894        0.219977836312E-06
  439         1       123.517511        0.213856638821E-05
  439         2        97.773104        0.266215995228E-06
  439         3        83.476037        0.000000000000E+00
  439         4       135.781698        0.590490865497E-05
  439         5       113.662659        0.000000000000E+00
  439         6       111.074652        0.242878396555E-06
  440         1       123.460925        0.221357084197E-05
  440         2        98.001640        0.260425206663E-06
  440         3        83.421770        0.000000000000E+00
  440         4       135.684730        0.582808535620E-05
  440         5       113.680309        0.000000000000E+00
  440         6       111.025601        0.267128078039E-06
  441         1       123.402343        0.229046556330E-05
  441         2        98.231930        0.254489803194E-06
  441         3        83.366804        0.000000000000E+00
  441         4       135.588899        0.574855005753E-05
  441         5       113.698148        0.000000000000E+00
  441         6       110.975736        0.292727092123E-06
  442         1       123.341732        0.236912037082E-05
  442         2        98.463954        0.248455790095E-06
  442         3        83.311137        0.170274884615E-37
  442         4       135.494263        0.566638650239E-05
  442         5       113.716176        0.855885711125E-38
  442         6       110.925053        0.319679389947E-06
  443         1       123.279060        0.244938727216E-05
  443         2        98.697691        0.242370681502E-06
  443         3        83.254769        0.000000000000E+00
  443         4       135.400876        0.558170097445E-05
  443         5       113.734393        0.000000000000E+00
  443         6       110.873548        0.347982173261E-06
  444         1       123.214300        0.253110510803E-05
  444         2        98.933117        0.236285893064E-06
  444         3        83.197697        0.000000000000E+00
  444         4       135.308792        0.549461280311E-05
  444         5       113.752798        0.000000000000E+00
  444         6       110.821215        0.377628174106E-06
  445         1       123.147426        0.261409972223E-05
  445         2        99.170201        0.230256968556E-06
  445         3        83.139920        0.000000000000E+00
  445         4       135.218063        0.540525418490E-05
  445         5       113.771390        0.000000000000E+00
  445         6       110.768050        0.408605392078E-06
  446         1       123.078414        0.269818426559E-05
  446         2        99.408911        0.224343837752E-06
  446         3        83.081437        0.000000000000E+00
  446         4       135.128738        0.531376987964E-05
  446         5       113.790170        0.000000000000E+00
  446         6       110.714051        0.440896808917E-06
  447         1       123.007246        0.278316331125E-05
  447         2        99.649210        0.218612714451E-06
  447         3        83.022247        0.000000000000E+00
  447         4       135.040862        0.522030739483E-05
  447         5       113.809138        0.000000000000E+00
  447         6       110.659213        0.474484093839E-06
  448         1       122.933905        0.286881821051E-05
  448         2        99.891057        0.213130016470E-06
  448         3        82.962348        0.184554670179E-37
  448         4       134.954481        0.512505409659E-05
  448         5       113.828293        0.734695876769E-38
  448         6       110.603534        0.509331347966E-06
  449         1       122.858379        0.295493068007E-05
  449         2       100.134405        0.207972514334E-06
  449         3        82.901739        0.000000000000E+00
  449         4       134.869636        0.502818001144E-05
  449         5       113.847636        0.000000000000E+00
  449         6       110.547010        0.545408279955E-06
  450         1       122.780660        0.304126799274E-05
  450         2       100.379205        0.203221275173E-06
  450         3        82.840418        0.887449480425E-31
  450         4       134.786366        0.492987478984E-05
  450         5       113.867166        0.000000000000E+00
  450         6       110.489640        0.582674211847E-06
  451         1       122.700743        0.312760674548E-05
  451         2       100.625400        0.198961032132E-06
  451         3        82.778385        0.000000000000E+00
  451         4       134.704707        0.483032095740E-05
  451         5       113.886886        0.000000000000E+00
  451         6       110.431423        0.621089287098E-06
  452         1       122.618628        0.321365729011E-05
  452         2       100.872928        0.195292479652E-06
  452         3        82.715638        0.000000000000E+00
  452         4       134.624691        0.472975874862E-05
  452         5       113.906794        0.000000000000E+00
  452         6       110.372357        0.660582388078E-06
  453         1       122.534320        0.329917956581E-05
  453         2       101.121723        0.192315567190E-06
  453         3        82.652176        0.256870204392E-37
  453         4       134.546348        0.462838642670E-05
  453         5       113.926891        0.874932398910E-39
  453         6       110.312444        0.701097266610E-06
  454         1       122.447828        0.338390731917E-05
  454         2       101.371711        0.190142329737E-06
  454         3        82.587999        0.000000000000E+00
  454         4       134.469706        0.452642481314E-05
  454         5       113.947180        0.000000000000E+00
  454         6       110.251684        0.742560580543E-06
  455         1       122.359167        0.346757014941E-05
  455         2       101.622812        0.188896560281E-06
  455         3        82.523104        0.000000000000E+00
  455         4       134.394787        0.442409124930E-05
  455         5       113.967660        0.000000000000E+00
  455         6       110.190080        0.784893814381E-06
  456         1       122.268356        0.354988703172E-05
  456         2       101.874941        0.188709799293E-06
  456         3        82.457490        0.000000000000E+00
  456         4       134.321612        0.432163239467E-05
  456         5       113.988332        0.000000000000E+00
  456         6       110.127636        0.827990780508E-06
  457         1       122.175422        0.363057906040E-05
  457         2       102.128001        0.189731561957E-06
  457         3        82.391157        0.265105679367E-37
  457         4       134.250198        0.421927163135E-05
  457         5       114.009198        0.202632643738E-38
  457         6       110.064359        0.871747430369E-06
  458         1       122.080396        0.370936238088E-05
  458         2       102.381892        0.192126179643E-06
  458         3        82.324104        0.000000000000E+00
  458         4       134.180558        0.411724215418E-05
  458         5       114.030260        0.000000000000E+00
  458         6       110.000258        0.916038860278E-06
  459         1       121.983314        0.378595124556E-05
  459         2       102.636500        0.196077190909E-06
  459         3        82.256329        0.234714151250E-37
  459         4       134.112703        0.401577703849E-05
  459         5       114.051519        0.770787906789E-38
  459         6       109.935343        0.960721788341E-06
  460         1       121.884221        0.386005893542E-05
  460         2       102.891705        0.201791161617E-06
  460         3        82.187831        0.000000000000E+00
  460         4       134.046641        0.391510796568E-05
  460         5       114.072976        0.000000000000E+00
  460         6       109.869631        0.100563108450E-05
  461         1       121.783167        0.393139857593E-05
  461         2       103.147374        0.209502590455E-06
  461         3        82.118609        0.000000000000E+00
  461         4       133.982375        0.381546398358E-05
  461         5       114.094634        0.000000000000E+00
  461         6       109.803142        0.105057527217E-05
  462         1       121.680208        0.399968390038E-05
  462         2       103.403360        0.219480282156E-06
  462         3        82.048663        0.000000000000E+00
  462         4       133.919907        0.371707030472E-05
  462         5       114.116495        0.000000000000E+00
  462         6       109.735902        0.109533061146E-05
  463         1       121.575409        0.406462874233E-05
  463         2       103.659503        0.232037551990E-06
  463         3        81.977990        0.237440001555E-37
  463         4       133.859235        0.362014045426E-05
  463         5       114.138560        0.461384085141E-39
  463         6       109.667944        0.113963930645E-05
  464         1       121.468841        0.412595141107E-05
  464         2       103.915626        0.247536177848E-06
  464         3        81.906591        0.000000000000E+00
  464         4       133.800355        0.352490228903E-05
  464         5       114.160833        0.000000000000E+00
  464         6       109.599312        0.118317481845E-05
  465         1       121.360585        0.418336978258E-05
  465         2       104.171530        0.266412106617E-06
  465         3        81.834464        0.000000000000E+00
  465         4       133.743259        0.343155599336E-05
  465         5       114.183315        0.000000000000E+00
  465         6       109.530062        0.122556363847E-05
  466         1       121.250728        0.423660448828E-05
  466         2       104.426991        0.289189091872E-06
  466         3        81.761607        0.000000000000E+00
  466         4       133.687937        0.334030077062E-05
  466         5       114.206010        0.000000000000E+00
  466         6       109.460268        0.126634137264E-05
  467         1       121.139367        0.428538936043E-05
  467         2       104.681753        0.316509986086E-06
  467         3        81.688021        0.000000000000E+00
  467         4       133.634377        0.325131404689E-05
  467         5       114.228919        0.000000000000E+00
  467         6       109.390026        0.130493992953E-05
  468         1       121.026609        0.432942581043E-05
  468         2       104.935519        0.349174505790E-06
  468         3        81.613703        0.263595995884E-37
  468         4       133.582564        0.316480339494E-05
  468         5       114.252047        0.708059709370E-38
  468         6       109.319464        0.134061152501E-05
  469         1       120.912568        0.436845154949E-05
  469         2       105.187940        0.388201641819E-06
  469         3        81.538653        0.000000000000E+00
  469         4       133.532482        0.308092624981E-05
  469         5       114.275395        0.000000000000E+00
  469         6       109.248752        0.137242575591E-05
  470         1       120.797373        0.440219304873E-05
  470         2       105.438594        0.434913298647E-06
  470         3        81.462871        0.241321755736E-37
  470         4       133.484111        0.299984299142E-05
  470         5       114.298967        0.177689569171E-38
  470         6       109.178122        0.139914852192E-05
  471         1       120.681161        0.443037207128E-05
  471         2       105.686959        0.491065792756E-06
  471         3        81.386353        0.000000000000E+00
  471         4       133.437433        0.292169862296E-05
  471         5       114.322767        0.000000000000E+00
  471         6       109.107894        0.141913037560E-05
  472         1       120.564083        0.445272191981E-05
  472         2       105.932368        0.559029645546E-06
  472         3        81.309101        0.121935548059E-37
  472         4       133.392424        0.284664043317E-05
  472         5       114.346798        0.353289392024E-38
  472         6       109.038521        0.143009259876E-05
  473         1       120.446304        0.446896075050E-05
  473         2       106.173943        0.642100112723E-06
  473         3        81.231112        0.000000000000E+00
  473         4       133.349060        0.277479037520E-05
  473         5       114.371062        0.000000000000E+00
  473         6       108.970653        0.142887144171E-05
  474         1       120.328003        0.447880653009E-05
  474         2       106.410483        0.744921065548E-06
  474         3        81.152385        0.197327818076E-37
  474         4       133.307319        0.270626353077E-05
  474         5       114.395565        0.362181045021E-38
  474         6       108.905249        0.141096057868E-05
  475         1       120.328003        0.187836754799E-05
  475         2       106.410483        0.589442434749E-05
  475         3        81.152385        0.000000000000E+00
  475         4       133.307319        0.924249117806E-07
  475         5       114.395565        0.000000000000E+00
  475         6       108.905249        0.250458676976E-05
  476         1       120.208732        0.196893747402E-05
  476         2       106.641494        0.583625714810E-05
  476         3        81.072488        0.000000000000E+00
  476         4       133.266960        0.975236304108E-07
  476         5       114.420443        0.000000000000E+00
  476         6       108.843445        0.243572470958E-05
  477         1       120.089347        0.206224073930E-05
  477         2       106.863106        0.581453540677E-05
  477         3        80.991842        0.000000000000E+00
  477         4       133.228187        0.102680238009E-06
  477         5       114.445569        0.000000000000E+00
  477         6       108.787896        0.232873465868E-05
  478         1       119.970084        0.215833164212E-05
  478         2       107.071395        0.583735785781E-05
  478         3        80.910448        0.000000000000E+00
  478         4       133.190972        0.107865827690E-06
  478         5       114.470948        0.000000000000E+00
  478         6       108.742226        0.217549161097E-05
  479         1       119.851200        0.225722858420E-05
  479         2       107.260349        0.590724385168E-05
  479         3        80.828303        0.000000000000E+00
  479         4       133.155288        0.113058618190E-06
  479         5       114.496582        0.000000000000E+00
  479         6       108.712121        0.197347855299E-05
  480         1       119.732979        0.235896740125E-05
  480         2       107.421260        0.600721726103E-05
  480         3        80.745407        0.000000000000E+00
  480         4       133.121105        0.118226874957E-06
  480         5       114.522476        0.000000000000E+00
  480         6       108.705943        0.173966027285E-05
  481         1       119.615729        0.246354036391E-05
  481         2       107.543560        0.608562563256E-05
  481         3        80.661758        0.000000000000E+00
  481         4       133.088395        0.123346449386E-06
  481         5       114.548634        0.000000000000E+00
  481         6       108.733884        0.152571275234E-05
  482         1       119.499788        0.257094468877E-05
  482         2       107.619149        0.607597164993E-05
  482         3        80.577356        0.000000000000E+00
  482         4       133.057130        0.128383496831E-06
  482         5       114.575061        0.000000000000E+00
  482         6       108.803641        0.139815667709E-05
  483         1       119.385526        0.268112151016E-05
  483         2       107.648179        0.596341223637E-05
  483         3        80.492198        0.000000000000E+00
  483         4       133.027280        0.133312219980E-06
  483         5       114.601761        0.000000000000E+00
  483         6       108.914624        0.137190452139E-05
  484         1       119.273351        0.279399754567E-05
  484         2       107.639033        0.579714802309E-05
  484         3        80.406283        0.000000000000E+00
  484         4       132.998817        0.138097480564E-06
  484         5       114.628737        0.000000000000E+00
  484         6       109.057979        0.139784517402E-05
  485         1       119.163705        0.290942406348E-05
  485         2       107.602453        0.562997537891E-05
  485         3        80.319611        0.000000000000E+00
  485         4       132.971713        0.142712638180E-06
  485         5       114.655994        0.000000000000E+00
  485         6       109.222455        0.142333596748E-05
  486         1       119.057075        0.302720955554E-05
  486         2       107.547170        0.548664122704E-05
  486         3        80.232179        0.000000000000E+00
  486         4       132.945942        0.147122154739E-06
  486         5       114.683537        0.000000000000E+00
  486         6       109.398770        0.142383294158E-05
  487         1       118.953990        0.314705920652E-05
  487         2       107.479082        0.537152284548E-05
  487         3        80.143987        0.000000000000E+00
  487         4       132.921476        0.151299418708E-06
  487         5       114.711370        0.000000000000E+00
  487         6       109.580430        0.139525271712E-05
  488         1       118.855027        0.326859719382E-05
  488         2       107.401932        0.528105123472E-05
  488         3        80.055032        0.000000000000E+00
  488         4       132.898290        0.155209442676E-06
  488         5       114.739496        0.000000000000E+00
  488         6       109.763053        0.134154636223E-05
  489         1       118.760808        0.339130874000E-05
  489         2       107.318077        0.520983708669E-05
  489         3        79.965314        0.000000000000E+00
  489         4       132.876359        0.158826562396E-06
  489         5       114.767921        0.000000000000E+00
  489         6       109.943593        0.126861085092E-05
  490         1       118.672004        0.351455320802E-05
  490         2       107.229026        0.515299067663E-05
  490         3        79.874830        0.000000000000E+00
  490         4       132.855658        0.162117330663E-06
  490         5       114.796648        0.000000000000E+00
  490         6       110.119810        0.118197716034E-05
  491         1       118.589328        0.363751469462E-05
  491         2       107.135765        0.510648665190E-05
  491         3        79.783580        0.000000000000E+00
  491         4       132.836165        0.165057979524E-06
  491         5       114.825682        0.000000000000E+00
  491         6       110.289940        0.108647297079E-05
  492         1       118.513535        0.375921242077E-05
  492         2       107.038957        0.506726707507E-05
  492         3        79.691561        0.000000000000E+00
  492         4       132.817859        0.167617614189E-06
  492         5       114.855026        0.000000000000E+00
  492         6       110.452504        0.986131522979E-06
  493         1       118.445407        0.387847254977E-05
  493         2       106.939058        0.503293104743E-05
  493         3        79.598773        0.000000000000E+00
  493         4       132.800719        0.169775326608E-06
  493         5       114.884685        0.000000000000E+00
  493         6       110.606204        0.884507276080E-06
  494         1       118.385746        0.399395381119E-05
  494         2       106.836384        0.500170410849E-05
  494         3        79.505213        0.000000000000E+00
  494         4       132.784725        0.171504531918E-06
  494         5       114.914663        0.000000000000E+00
  494         6       110.749862        0.784698033610E-06
  495         1       118.335352        0.410414502001E-05
  495         2       106.731161        0.497215879828E-05
  495         3        79.410879        0.000000000000E+00
  495         4       132.769862        0.172786609316E-06
  495         5       114.944964        0.000000000000E+00
  495         6       110.882395        0.689627225909E-06
  496         1       118.294999        0.420744012855E-05
  496         2       106.623549        0.494325197082E-05
  496         3        79.315771        0.000000000000E+00
  496         4       132.756112        0.173599634566E-06
  496         5       114.975590        0.000000000000E+00
  496         6       111.002810        0.601919139501E-06
  497         1       118.265414        0.430219364458E-05
  497         2       106.513665        0.491411518643E-05
  497         3        79.219886        0.000000000000E+00
  497         4       132.743460        0.173931308357E-06
  497         5       115.006547        0.000000000000E+00
  497         6       111.110210        0.524053314080E-06
  498         1       118.247239        0.438681452937E-05
  498         2       106.401591        0.488412051792E-05
  498         3        79.123221        0.000000000000E+00
  498         4       132.731895        0.173764509541E-06
  498         5       115.037837        0.000000000000E+00
  498         6       111.203816        0.458222577631E-06
  499         1       118.241007        0.445988884748E-05
  499         2       106.287386        0.485272561422E-05
  499         3        79.025777        0.000000000000E+00
  499         4       132.721404        0.173092657267E-06
  499         5       115.069464        0.000000000000E+00
  499         6       111.282985        0.406341470463E-06
  500         1       118.247107        0.452028136746E-05
  500         2       106.171090        0.481955195472E-05
  500         3        78.927550        0.000000000000E+00
  500         4       132.711979        0.171905221305E-06
  500         5       115.101431        0.000000000000E+00
  500         6       111.347238        0.369889930537E-06
  501         1       118.265763        0.456726206503E-05
  501         2       106.052730        0.478426020395E-05
  501         3        78.828538        0.000000000000E+00
  501         4       132.703610        0.170202245788E-06
  501         5       115.133741        0.000000000000E+00
  501         6       111.396277        0.349888046188E-06
  502         1       118.297015        0.460055805753E-05
  502         2       105.932322        0.474662984957E-05
  502         3        78.728740        0.000000000000E+00
  502         4       132.696293        0.167980746210E-06
  502         5       115.166397        0.000000000000E+00
  502         6       111.429998        0.346787349804E-06
  503         1       118.340717        0.462041697505E-05
  503         2       105.809874        0.470645647244E-05
  503         3        78.628154        0.000000000000E+00
  503         4       132.690022        0.165248256105E-06
  503         5       115.199402        0.000000000000E+00
  503         6       111.448497        0.360487698131E-06
  504         1       118.396542        0.462755890515E-05
  504         2       105.685386        0.466362599736E-05
  504         3        78.526777        0.000000000000E+00
  504         4       132.684795        0.162010248645E-06
  504         5       115.232759        0.000000000000E+00
  504         6       111.452060        0.390332790812E-06
  505         1       118.463994        0.462314930690E-05
  505         2       105.558856        0.461802964359E-05
  505         3        78.424608        0.000000000000E+00
  505         4       132.680611        0.158282557450E-06
  505         5       115.266468        0.000000000000E+00
  505         6       111.441146        0.435201218041E-06
  506         1       118.542439        0.460866377150E-05
  506         2       105.430275        0.456962944215E-05
  506         3        78.321643        0.000000000000E+00
  506         4       132.677471        0.154079967446E-06
  506         5       115.300534        0.000000000000E+00
  506         6       111.416360        0.493596327737E-06
  507         1       118.631133        0.458580914086E-05
  507         2       105.299632        0.451838852072E-05
  507         3        78.217882        0.000000000000E+00
  507         4       132.675378        0.149427352550E-06
  507         5       115.334958        0.000000000000E+00
  507         6       111.378426        0.563775525146E-06
  508         1       118.729254        0.455636610827E-05
  508         2       105.166914        0.446432627545E-05
  508         3        78.113322        0.000000000000E+00
  508         4       132.674337        0.144349591487E-06
  508         5       115.369740        0.000000000000E+00
  508         6       111.328148        0.643870644427E-06
  509         1       118.835932        0.452212074624E-05
  509         2       105.032105        0.440746255066E-05
  509         3        78.007960        0.000000000000E+00
  509         4       132.674354        0.138881249573E-06
  509         5       115.404884        0.000000000000E+00
  509         6       111.266382        0.731995169957E-06
  510         1       118.950284        0.448474346201E-05
  510         2       104.895188        0.434786180267E-05
  510         3        77.901794        0.000000000000E+00
  510         4       132.675438        0.133057987001E-06
  510         5       115.440389        0.000000000000E+00
  510         6       111.194004        0.826336860672E-06
  511         1       119.071430        0.444576382394E-05
  511         2       104.756146        0.428559017070E-05
  511         3        77.794823        0.000000000000E+00
  511         4       132.677600        0.126924601178E-06
  511         5       115.476258        0.000000000000E+00
  511         6       111.111889        0.925211478674E-06
  512         1       119.198520        0.440650423363E-05
  512         2       104.614959        0.422074846311E-05
  512         3        77.687043        0.000000000000E+00
  512         4       132.680851        0.120528102762E-06
  512         5       115.512490        0.000000000000E+00
  512         6       111.020887        0.102710893867E-05
  513         1       119.330740        0.436809119322E-05
  513         2       104.471608        0.415344318047E-05
  513         3        77.578452        0.000000000000E+00
  513         4       132.685205        0.113923471352E-06
  513         5       115.549086        0.000000000000E+00
  513         6       110.921814        0.113070068429E-05
  514         1       119.467326        0.433144340585E-05
  514         2       104.326074        0.408379889282E-05
  514         3        77.469048        0.000000000000E+00
  514         4       132.690679        0.107170846606E-06
  514         5       115.586047        0.000000000000E+00
  514         6       110.815440        0.123484449899E-05
  515         1       119.607569        0.429728074719E-05
  515         2       104.178339        0.401195851454E-05
  515         3        77.358828        0.000000000000E+00
  515         4       132.697291        0.100335001075E-06
  515         5       115.623372        0.000000000000E+00
  515         6       110.702481        0.133857634672E-05
  516         1       119.750817        0.426615328775E-05
  516         2       104.028384        0.393807220989E-05
  516         3        77.247790        0.000000000000E+00
  516         4       132.705059        0.934876904975E-07
  516         5       115.661060        0.000000000000E+00
  516         6       110.583602        0.144108825064E-05
  517         1       119.896473        0.423845333686E-05
  517         2       103.876191        0.386230385340E-05
  517         3        77.135932        0.000000000000E+00
  517         4       132.714007        0.867057401418E-07
  517         5       115.699112        0.000000000000E+00
  517         6       110.459413        0.154171335436E-05
  518         1       120.043996        0.421444030197E-05
  518         2       103.721742        0.378482664619E-05
  518         3        77.023250        0.000000000000E+00
  518         4       132.724157        0.800717225199E-07
  518         5       115.737526        0.000000000000E+00
  518         6       110.330470        0.163990423603E-05
  519         1       120.192896        0.419426354816E-05
  519         2       103.565023        0.370582001878E-05
  519         3        76.909742        0.000000000000E+00
  519         4       132.735534        0.736744102631E-07
  519         5       115.776300        0.000000000000E+00
  519         6       110.197280        0.173521229868E-05
  520         1       120.342733        0.417797288040E-05
  520         2       103.406018        0.362547438664E-05
  520         3        76.795406        0.000000000000E+00
  520         4       132.748166        0.676068339606E-07
  520         5       115.815435        0.000000000000E+00
  520         6       110.060302        0.182727609061E-05
  521         1       120.493112        0.416554903980E-05
  521         2       103.244715        0.354397932508E-05
  521         3        76.680240        0.000000000000E+00
  521         4       132.762082        0.619693232829E-07
  521         5       115.854926        0.000000000000E+00
  521         6       109.919952        0.191579692621E-05
  522         1       120.643680        0.415689786400E-05
  522         2       103.081100        0.346153658165E-05
  522         3        76.564239        0.000000000000E+00
  522         4       132.777312        0.568646979456E-07
  522         5       115.894774        0.000000000000E+00
  522         6       109.776605        0.200054047242E-05
  523         1       120.794121        0.415188811028E-05
  523         2       102.915165        0.337834039976E-05
  523         3        76.447403        0.000000000000E+00
  523         4       132.793889        0.524041236449E-07
  523         5       115.934974        0.000000000000E+00
  523         6       109.630599        0.208130764283E-05
  524         1       120.944154        0.415032976164E-05
  524         2       102.746902        0.329459789849E-05
  524         3        76.329728        0.000000000000E+00
  524         4       132.811847        0.486991848455E-07
  524         5       115.975525        0.000000000000E+00
  524         6       109.482238        0.215795026403E-05
  525         1       121.093529        0.415201970576E-05
  525         2       102.576304        0.321050250056E-05
  525         3        76.211211        0.000000000000E+00
  525         4       132.831222        0.458707872113E-07
  525         5       116.016423        0.000000000000E+00
  525         6       109.331797        0.223033539621E-05
  526         1       121.242025        0.415670557329E-05
  526         2       102.403367        0.312626082312E-05
  526         3        76.091850        0.000000000000E+00
  526         4       132.852052        0.440378579425E-07
  526         5       116.057665        0.000000000000E+00
  526         6       109.179522        0.229837495477E-05
  527         1       121.389444        0.416413981865E-05
  527         2       102.228089        0.304206013696E-05
  527         3        75.971643        0.000000000000E+00
  527         4       132.874377        0.433295291796E-07
  527         5       116.099248        0.000000000000E+00
  527         6       109.025634        0.236198161145E-05
  528         1       121.535613        0.417403066468E-05
  528         2       102.050471        0.295810090354E-05
  528         3        75.850586        0.000000000000E+00
  528         4       132.898237        0.438702149687E-07
  528         5       116.141168        0.000000000000E+00
  528         6       108.870331        0.242111199935E-05
  529         1       121.680379        0.418610475776E-05
  529         2       101.870515        0.287455925916E-05
  529         3        75.728678        0.000000000000E+00
  529         4       132.923675        0.457953078956E-07
  529         5       116.183421        0.000000000000E+00
  529         6       108.713792        0.247571275886E-05
  530         1       121.823606        0.420004678587E-05
  530         2       101.688225        0.279162433903E-05
  530         3        75.605914        0.000000000000E+00
  530         4       132.950736        0.492323913867E-07
  530         5       116.226002        0.000000000000E+00
  530         6       108.556175        0.252577689075E-05
  531         1       121.965176        0.421557782691E-05
  531         2       101.503610        0.270945367511E-05
  531         3        75.482293        0.000000000000E+00
  531         4       132.979465        0.543202309013E-07
  531         5       116.268907        0.000000000000E+00
  531         6       108.397623        0.257126884837E-05
  532         1       122.104986        0.423235575057E-05
  532         2       101.316678        0.262822680014E-05
  532         3        75.357813        0.000000000000E+00
  532         4       133.009910        0.611877516938E-07
  532         5       116.312130        0.000000000000E+00
  532         6       108.238261        0.261223384247E-05
  533         1       122.242946        0.425009803482E-05
  533         2       101.127443        0.254808191848E-05
  533         3        75.232469        0.000000000000E+00
  533         4       133.042120        0.699745444912E-07
  533         5       116.355667        0.000000000000E+00
  533         6       108.078202        0.264866170627E-05
  534         1       122.378976        0.426847385392E-05
  534         2       100.935916        0.246917291671E-05
  534         3        75.106261        0.000000000000E+00
  534         4       133.076145        0.808056844652E-07
  534         5       116.399513        0.000000000000E+00
  534         6       107.917546        0.268060802879E-05
  535         1       122.513010        0.428719710318E-05
  535         2       100.742116        0.239161923542E-05
  535         3        74.979185        0.000000000000E+00
  535         4       133.112037        0.938187741845E-07
  535         5       116.443661        0.000000000000E+00
  535         6       107.756379        0.270809638298E-05
  536         1       122.644990        0.430594076532E-05
  536         2       100.546059        0.231555271676E-05
  536         3        74.851238        0.000000000000E+00
  536         4       133.149848        0.109132304180E-06
  536         5       116.488106        0.000000000000E+00
  536         6       107.594779        0.273121173874E-05
  537         1       122.774866        0.432442860942E-05
  537         2       100.347768        0.224106917442E-05
  537         3        74.722418        0.000000000000E+00
  537         4       133.189633        0.126877553654E-06
  537         5       116.532841        0.000000000000E+00
  537         6       107.432813        0.275000089426E-05
  538         1       122.902598        0.434234381420E-05
  538         2       100.147264        0.216827687851E-05
  538         3        74.592724        0.000000000000E+00
  538         4       133.231447        0.147162352200E-06
  538         5       116.577861        0.000000000000E+00
  538         6       107.270538        0.276457731585E-05
  539         1       123.028150        0.435942555332E-05
  539         2        99.944572        0.209724734162E-05
  539         3        74.462151        0.000000000000E+00
  539         4       133.275346        0.170107481322E-06
  539         5       116.623159        0.000000000000E+00
  539         6       107.108004        0.277501027696E-05
  540         1       123.151496        0.437537314722E-05
  540         2        99.739718        0.202806480429E-05
  540         3        74.330697        0.000000000000E+00
  540         4       133.321387        0.195805753127E-06
  540         5       116.668729        0.000000000000E+00
  540         6       106.945252        0.278144050127E-05
  541         1       123.272611        0.438994636511E-05
  541         2        99.532730        0.196077679604E-05
  541         3        74.198361        0.000000000000E+00
  541         4       133.369629        0.224363037106E-06
  541         5       116.714563        0.000000000000E+00
  541         6       106.782318        0.278395855374E-05
  542         1       123.391478        0.440286635069E-05
  542         2        99.323636        0.189544401991E-05
  542         3        74.065140        0.000000000000E+00
  542         4       133.420130        0.255852628680E-06
  542         5       116.760654        0.000000000000E+00
  542         6       106.619230        0.278273060712E-05
  543         1       123.508085        0.441391843310E-05
  543         2        99.112468        0.183209122167E-05
  543         3        73.931031        0.000000000000E+00
  543         4       133.472948        0.290360985013E-06
  543         5       116.806996        0.000000000000E+00
  543         6       106.456010        0.277786678572E-05
  544         1       123.622421        0.442285098683E-05
  544         2        98.899258        0.177075690376E-05
  544         3        73.796032        0.000000000000E+00
  544         4       133.528145        0.327937418365E-06
  544         5       116.853581        0.000000000000E+00
  544         6       106.292675        0.276955628288E-05
  545         1       123.734482        0.442947956460E-05
  545         2        98.684038        0.171144492698E-05
  545         3        73.660141        0.000000000000E+00
  545         4       133.585779        0.368644579314E-06
  545         5       116.900401        0.000000000000E+00
  545         6       106.129239        0.275792651866E-05
  546         1       123.844263        0.443358481211E-05
  546         2        98.466842        0.165417356843E-05
  546         3        73.523356        0.000000000000E+00
  546         4       133.645910        0.412503582324E-06
  546         5       116.947449        0.000000000000E+00
  546         6       105.965708        0.274318672993E-05
  547         1       123.951766        0.443501676499E-05
  547         2        98.247706        0.159892821841E-05
  547         3        73.385674        0.000000000000E+00
  547         4       133.708599        0.459549214035E-06
  547         5       116.994718        0.000000000000E+00
  547         6       105.802086        0.272547894106E-05
  548         1       124.056992        0.443359283002E-05
  548         2        98.026663        0.154570936484E-05
  548         3        73.247094        0.000000000000E+00
  548         4       133.773904        0.509770670130E-06
  548         5       117.042200        0.000000000000E+00
  548         6       105.638374        0.270502903967E-05
  549         1       124.159946        0.442920115068E-05
  549         2        97.803750        0.149448667755E-05
  549         3        73.107613        0.000000000000E+00
  549         4       133.841884        0.563171408168E-06
  549         5       117.089887        0.000000000000E+00
  549         6       105.474568        0.268199066567E-05
  550         1       124.260634        0.442171198779E-05
  550         2        97.579003        0.144524008055E-05
  550         3        72.967230        0.000000000000E+00
  550         4       133.912598        0.619714232436E-06
  550         5       117.137771        0.000000000000E+00
  550         6       105.310661        0.265658208685E-05
  551         1       124.359064        0.441101722726E-05
  551         2        97.352459        0.139794277436E-05
  551         3        72.825941        0.000000000000E+00
  551         4       133.986101        0.679343209209E-06
  551         5       117.185844        0.000000000000E+00
  551         6       105.146645        0.262902727977E-05
  552         1       124.455247        0.439706702655E-05
  552         2        97.124154        0.135254623505E-05
  552         3        72.683747        0.000000000000E+00
  552         4       134.062450        0.742010244507E-06
  552         5       117.234099        0.000000000000E+00
  552         6       104.982508        0.259949143293E-05
  553         1       124.549192        0.437978465294E-05
  553         2        96.894123        0.130901839515E-05
  553         3        72.540644        0.000000000000E+00
  553         4       134.141699        0.807614109352E-06
  553         5       117.282527        0.000000000000E+00
  553         6       104.818236        0.256822589578E-05
  554         1       124.640911        0.435916316354E-05
  554         2        96.662405        0.126730213521E-05
  554         3        72.396631        0.000000000000E+00
  554         4       134.223900        0.876071006364E-06
  554         5       117.331121        0.000000000000E+00
  554         6       104.653813        0.253539966456E-05
  555         1       124.730419        0.433517061584E-05
  555         2        96.429033        0.122735708204E-05
  555         3        72.251707        0.000000000000E+00
  555         4       134.309103        0.947242427752E-06
  555         5       117.379873        0.000000000000E+00
  555         6       104.489223        0.250126779832E-05
  556         1       124.817728        0.430784264829E-05
  556         2        96.194045        0.118912012627E-05
  556         3        72.105869        0.000000000000E+00
  556         4       134.397355        0.102100941784E-05
  556         5       117.428775        0.000000000000E+00
  556         6       104.324445        0.246600017748E-05
  557         1       124.902854        0.427719132929E-05
  557         2        95.957476        0.115254502283E-05
  557         3        71.959117        0.000000000000E+00
  557         4       134.488702        0.109719773326E-05
  557         5       117.477820        0.000000000000E+00
  557         6       104.159459        0.242985210623E-05
  558         1       124.985812        0.424329303570E-05
  558         2        95.719360        0.111756500927E-05
  558         3        71.811449        0.000000000000E+00
  558         4       134.583186        0.117565531672E-05
  558         5       117.526998        0.000000000000E+00
  558         6       103.994245        0.239299163819E-05
  559         1       125.066619        0.420620153132E-05
  559         2        95.479731        0.108413012759E-05
  559         3        71.662864        0.000000000000E+00
  559         4       134.680846        0.125617528881E-05
  559         5       117.576305        0.000000000000E+00
  559         6       103.828779        0.235567111120E-05
  560         1       125.145293        0.416603061085E-05
  560         2        95.238623        0.105217198949E-05
  560         3        71.513360        0.000000000000E+00
  560         4       134.781716        0.133857605740E-05
  560         5       117.625730        0.000000000000E+00
  560         6       103.663037        0.231805433104E-05
  561         1       125.221851        0.412287187238E-05
  561         2        94.996068        0.102163877045E-05
  561         3        71.362936        0.000000000000E+00
  561         4       134.885827        0.142262271062E-05
  561         5       117.675268        0.000000000000E+00
  561         6       103.496996        0.228038774166E-05
  562         1       125.296312        0.407687181958E-05
  562         2        94.752099        0.992462164771E-06
  562         3        71.211591        0.000000000000E+00
  562         4       134.993208        0.150810908021E-05
  562         5       117.724911        0.000000000000E+00
  562         6       103.330631        0.224282878035E-05
  563         1       125.368697        0.402815469312E-05
  563         2        94.506746        0.964590009916E-06
  563         3        71.059325        0.000000000000E+00
  563         4       135.103881        0.159477814098E-05
  563         5       117.774652        0.000000000000E+00
  563         6       103.163916        0.220561540170E-05
  564         1       125.439024        0.397689384019E-05
  564         2        94.260040        0.937955462690E-06
  564         3        70.906136        0.000000000000E+00
  564         4       135.217864        0.168240527421E-05
  564         5       117.824483        0.000000000000E+00
  564         6       102.996826        0.216889683460E-05
  565         1       125.507315        0.392323987399E-05
  565         2        94.012010        0.912507256547E-06
  565         3        70.752023        0.000000000000E+00
  565         4       135.335170        0.177071829087E-05
  565         5       117.874399        0.000000000000E+00
  565         6       102.829334        0.213290025203E-05
  566         1       125.573592        0.386738624792E-05
  566         2        93.762685        0.888181080645E-06
  566         3        70.596987        0.000000000000E+00
  566         4       135.455807        0.185948108861E-05
  566         5       117.924393        0.000000000000E+00
  566         6       102.661415        0.209776513382E-05
  567         1       125.637876        0.380950299252E-05
  567         2        93.512092        0.864927518090E-06
  567         3        70.441025        0.000000000000E+00
  567         4       135.579780        0.194841392123E-05
  567         5       117.974457        0.251754796219E-30
  567         6       102.493041        0.206370588635E-05
  568         1       125.700192        0.374979676010E-05
  568         2        93.260257        0.842686587206E-06
  568         3        70.284139        0.000000000000E+00
  568         4       135.707084        0.203727640524E-05
  568         5       118.024587        0.000000000000E+00
  568         6       102.324186        0.203084572554E-05
  569         1       125.760561        0.368844899517E-05
  569         2        93.007205        0.821409431414E-06
  569         3        70.126327        0.000000000000E+00
  569         4       135.837711        0.212578923542E-05
  569         5       118.074777        0.000000000000E+00
  569         6       102.154824        0.199939561596E-05
  570         1       125.819009        0.362567221138E-05
  570         2        92.752963        0.801039947151E-06
  570         3        69.967588        0.000000000000E+00
  570         4       135.971649        0.221371557487E-05
  570         5       118.125019        0.000000000000E+00
  570         6       101.984928        0.196946617181E-05
  571         1       125.875560        0.356165355002E-05
  571         2        92.497552        0.781534278208E-06
  571         3        69.807924        0.000000000000E+00
  571         4       136.108876        0.230078390494E-05
  571         5       118.175310        0.000000000000E+00
  571         6       101.814471        0.194124141653E-05
  572         1       125.930240        0.349660388808E-05
  572         2        92.240995        0.762839592479E-06
  572         3        69.647334        0.000000000000E+00
  572         4       136.249367        0.238676771114E-05
  572         5       118.225644        0.000000000000E+00
  572         6       101.643428        0.191482485096E-05
  573         1       125.983074        0.343070869643E-05
  573         2        91.983314        0.744915348255E-06
  573         3        69.485818        0.000000000000E+00
  573         4       136.393091        0.247141045861E-05
  573         5       118.276016        0.000000000000E+00
  573         6       101.471771        0.189038340590E-05
  574         1       126.034089        0.336417149778E-05
  574         2        91.724530        0.727713148002E-06
  574         3        69.323375        0.000000000000E+00
  574         4       136.540009        0.255450225731E-05
  574         5       118.326422        0.000000000000E+00
  574         6       101.299475        0.186800704921E-05
  575         1       126.083312        0.329717024760E-05
  575         2        91.464662        0.711195909967E-06
  575         3        69.160007        0.000000000000E+00
  575         4       136.690077        0.263580768900E-05
  575         5       118.376857        0.000000000000E+00
  575         6       101.126514        0.184784464533E-05
  576         1       126.130769        0.322989589590E-05
  576         2        91.203728        0.695319715444E-06
  576         3        68.995713        0.000000000000E+00
  576         4       136.843244        0.271513873457E-05
  576         5       118.427316        0.000000000000E+00
  576         6       100.952863        0.182997216745E-05
  577         1       126.176488        0.316251410442E-05
  577         2        90.941748        0.680050967563E-06
  577         3        68.830495        0.000000000000E+00
  577         4       136.999455        0.279228608996E-05
  577         5       118.477798        0.000000000000E+00
  577         6       100.778495        0.181451964742E-05
  578         1       126.220497        0.309519916035E-05
  578         2        90.678736        0.665350167179E-06
  578         3        68.664352        0.000000000000E+00
  578         4       137.158648        0.286708765381E-05
  578         5       118.528297        0.000000000000E+00
  578         6       100.603386        0.180154873198E-05
  579         1       126.262823        0.302810079612E-05
  579         2        90.414710        0.651187134759E-06
  579         3        68.497285        0.000000000000E+00
  579         4       137.320753        0.293936395959E-05
  579         5       118.578811        0.000000000000E+00
  579         6       100.427512        0.179117004903E-05
  580         1       126.303495        0.296137375071E-05
  580         2        90.149685        0.637526642270E-06
  580         3        68.329295        0.000000000000E+00
  580         4       137.485697        0.300898162009E-05
  580         5       118.629338        0.000000000000E+00
  580         6       100.250847        0.178343072325E-05
  581         1       126.342540        0.289514935787E-05
  581         2        89.883674        0.624341796162E-06
  581         3        68.160383        0.000000000000E+00
  581         4       137.653399        0.307579342461E-05
  581         5       118.679875        0.000000000000E+00
  581         6       100.073368        0.177842158929E-05
  582         1       126.379986        0.282956108569E-05
  582         2        89.616692        0.611601435397E-06
  582         3        67.990549        0.000000000000E+00
  582         4       137.823774        0.313969625919E-05
  582         5       118.730419        0.000000000000E+00
  582         6        99.895051        0.177617516256E-05
  583         1       126.415862        0.276472053383E-05
  583         2        89.348751        0.599281764148E-06
  583         3        67.819796        0.000000000000E+00
  583         4       137.996731        0.320057636116E-05
  583         5       118.780969        0.000000000000E+00
  583         6        99.715873        0.177676225103E-05
  584         1       126.450196        0.270073922601E-05
  584         2        89.079863        0.587355444964E-06
  584         3        67.648124        0.000000000000E+00
  584         4       138.172173        0.325836131473E-05
  584         5       118.831524        0.000000000000E+00
  584         6        99.535810        0.178020080072E-05
  585         1       126.483013        0.263770867819E-05
  585         2        88.810040        0.575801561349E-06
  585         3        67.475534        0.000000000000E+00
  585         4       138.349998        0.331297087791E-05
  585         5       118.882082        0.000000000000E+00
  585         6        99.354840        0.178654151958E-05
  586         1       126.514343        0.257571870943E-05
  586         2        88.539292        0.564596328771E-06
  586         3        67.302028        0.000000000000E+00
  586         4       138.530100        0.336436277869E-05
  586         5       118.932643        0.000000000000E+00
  586         6        99.172941        0.179578789582E-05
  587         1       126.544212        0.251484277831E-05
  587         2        88.267629        0.553720651822E-06
  587         3        67.127607        0.000000000000E+00
  587         4       138.712368        0.341249381667E-05
  587         5       118.983206        0.000000000000E+00
  587         6        98.990089        0.180796311303E-05
  588         1       126.572646        0.245514531414E-05
  588         2        87.995061        0.543156480377E-06
  588         3        66.952273        0.000000000000E+00
  588         4       138.896684        0.345733736384E-05
  588         5       119.033771        0.000000000000E+00
  588         6        98.806266        0.182307900018E-05
  589         1       126.599672        0.239668557691E-05
  589         2        87.721596        0.532884821316E-06
  589         3        66.776028        0.000000000000E+00
  589         4       139.082929        0.349889360530E-05
  589         5       119.084339        0.000000000000E+00
  589         6        98.621448        0.184111780205E-05
  590         1       126.625316        0.233950828559E-05
  590         2        87.447243        0.522890909416E-06
  590         3        66.598873        0.000000000000E+00
  590         4       139.270978        0.353716075908E-05
  590         5       119.134910        0.000000000000E+00
  590         6        98.435614        0.186208070380E-05
  591         1       126.649602        0.228365439440E-05
  591         2        87.172010        0.513158582841E-06
  591         3        66.420810        0.000000000000E+00
  591         4       139.460703        0.357216465471E-05
  591         5       119.185486        0.000000000000E+00
  591         6        98.248746        0.188593619252E-05
  592         1       126.672556        0.222915259510E-05
  592         2        86.895903        0.503675112646E-06
  592         3        66.241841        0.000000000000E+00
  592         4       139.651972        0.360393114148E-05
  592         5       119.236066        0.000000000000E+00
  592         6        98.060822        0.191266631838E-05
  593         1       126.694202        0.217602753324E-05
  593         2        86.618929        0.494426886808E-06
  593         3        66.061969        0.000000000000E+00
  593         4       139.844648        0.363250915104E-05
  593         5       119.286654        0.000000000000E+00
  593         6        97.871823        0.194222625019E-05
  594         1       126.714562        0.212429382526E-05
  594         2        86.341096        0.485402978646E-06
  594         3        65.881195        0.000000000000E+00
  594         4       140.038595        0.365794944900E-05
  594         5       119.337250        0.000000000000E+00
  594         6        97.681729        0.197457949502E-05
  595         1       126.733661        0.207396195596E-05
  595         2        86.062409        0.476592052641E-06
  595         3        65.699522        0.000000000000E+00
  595         4       140.233671        0.368032131173E-05
  595         5       119.387857        0.000000000000E+00
  595         6        97.490522        0.200966841506E-05
  596         1       126.751521        0.202503449826E-05
  596         2        85.782873        0.467984766481E-06
  596         3        65.516952        0.000000000000E+00
  596         4       140.429731        0.369969755192E-05
  596         5       119.438478        0.000000000000E+00
  596         6        97.298182        0.204743869893E-05
  597         1       126.768164        0.197750994960E-05
  597         2        85.502494        0.459571803942E-06
  597         3        65.333487        0.000000000000E+00
  597         4       140.626631        0.371616497792E-05
  597         5       119.489115        0.000000000000E+00
  597         6        97.104692        0.208782050500E-05
  598         1       126.783610        0.193138085938E-05
  598         2        85.221278        0.451345200628E-06
  598         3        65.149131        0.000000000000E+00
  598         4       140.824222        0.372981550653E-05
  598         5       119.539772        0.000000000000E+00
  598         6        96.910034        0.213074256830E-05
  599         1       126.797880        0.188663583479E-05
  599         2        84.939228        0.443297416722E-06
  599         3        64.963885        0.000000000000E+00
  599         4       141.022355        0.374075069019E-05
  599         5       119.590451        0.000000000000E+00
  599         6        96.714190        0.217612350831E-05
  600         1       126.810996        0.184325933128E-05
  600         2        84.656349        0.435421680130E-06
  600         3        64.777752        0.000000000000E+00
  600         4       141.220879        0.374907863235E-05
  600         5       119.641156        0.000000000000E+00
  600         6        96.517143        0.222387610457E-05
  601         1       126.822975        0.180123203463E-05
  601         2        84.372645        0.427712000139E-06
  601         3        64.590735        0.000000000000E+00
  601         4       141.419643        0.375491294064E-05
  601         5       119.691891        0.000000000000E+00
  601         6        96.318876        0.227390818423E-05
  602         1       126.833838        0.176053209268E-05
  602         2        84.088121        0.420162628079E-06
  602         3        64.402837        0.000000000000E+00
  602         4       141.618494        0.375837509668E-05
  602         5       119.742661        0.000000000000E+00
  602         6        96.119372        0.232611767950E-05
  603         1       126.843602        0.172113407243E-05
  603         2        83.802780        0.412768916143E-06
  603         3        64.214061        0.000000000000E+00
  603         4       141.817279        0.375958820839E-05
  603         5       119.793468        0.000000000000E+00
  603         6        95.918616        0.238040245823E-05
  604         1       126.852286        0.168301141280E-05
  604         2        83.516626        0.405525985701E-06
  604         3        64.024409        0.000000000000E+00
  604         4       142.015846        0.375868445512E-05
  604         5       119.844319        0.000000000000E+00
  604         6        95.716591        0.243664681836E-05
  605         1       126.859907        0.164613455945E-05
  605         2        83.229662        0.398430322376E-06
  605         3        63.833885        0.000000000000E+00
  605         4       142.214042        0.375578384879E-05
  605         5       119.895217        0.000000000000E+00
  605         6        95.513282        0.249475421686E-05
  606         1       126.866483        0.161047293102E-05
  606         2        82.941892        0.391477792740E-06
  606         3        63.642492        0.000000000000E+00
  606         4       142.411716        0.375104716951E-05
  606         5       119.946167        0.000000000000E+00
  606         6        95.308673        0.255456760013E-05
  607         1       126.872029        0.157599381781E-05
  607         2        82.653320        0.384665887627E-06
  607         3        63.450233        0.000000000000E+00
  607         4       142.608715        0.374459943679E-05
  607         5       119.997175        0.000000000000E+00
  607         6        95.102750        0.261598207029E-05
  608         1       126.876564        0.154266528761E-05
  608         2        82.363948        0.377991084348E-06
  608         3        63.257111        0.000000000000E+00
  608         4       142.804892        0.373658682227E-05
  608         5       120.048246        0.000000000000E+00
  608         6        94.895497        0.267885877014E-05
  609         1       126.880101        0.151045240071E-05
  609         2        82.073779        0.371451680466E-06
  609         3        63.063129        0.000000000000E+00
  609         4       143.000096        0.372714751182E-05
  609         5       120.099384        0.000000000000E+00
  609         6        94.686901        0.274307134483E-05
  610         1       126.882659        0.147932216942E-05
  610         2        81.782818        0.365044671970E-06
  610         3        62.868290        0.000000000000E+00
  610         4       143.194183        0.371643132188E-05
  610         5       120.150595        0.000000000000E+00
  610         6        94.476947        0.280847161326E-05
  611         1       126.884251        0.144923877731E-05
  611         2        81.491066        0.358769031845E-06
  611         3        62.672599        0.000000000000E+00
  611         4       143.387007        0.370457763370E-05
  611         5       120.201885        0.000000000000E+00
  611         6        94.265622        0.287492723293E-05
  612         1       126.884894        0.142016903433E-05
  612         2        81.198527        0.352622182073E-06
  612         3        62.476058        0.000000000000E+00
  612         4       143.578427        0.369173792675E-05
  612         5       120.253259        0.000000000000E+00
  612         6        94.052911        0.294228230207E-05
  613         1       126.884603        0.139207708241E-05
  613         2        80.905205        0.346603644658E-06
  613         3        62.278670        0.000000000000E+00
  613         4       143.768304        0.367805118067E-05
  613         5       120.304723        0.000000000000E+00
  613         6        93.838802        0.301039964189E-05
  614         1       126.883394        0.136493021382E-05
  614         2        80.611102        0.340711193496E-06
  614         3        62.080439        0.000000000000E+00
  614         4       143.956502        0.366366871028E-05
  614         5       120.356283        0.000000000000E+00
  614         6        93.623282        0.307911730857E-05
  615         1       126.881281        0.133869321268E-05
  615         2        80.316221        0.334944782710E-06
  615         3        61.881370        0.000000000000E+00
  615         4       144.142888        0.364872766880E-05
  615         5       120.407944        0.000000000000E+00
  615         6        93.406337        0.314829447706E-05
  616         1       126.878279        0.131333438812E-05
  616         2        80.020566        0.329302473648E-06
  616         3        61.681464        0.000000000000E+00
  616         4       144.327334        0.363337755042E-05
  616         5       120.459711        0.000000000000E+00
  616         6        93.187956        0.321776490017E-05
  617         1       126.874405        0.128881970161E-05
  617         2        79.724139        0.323784548030E-06
  617         3        61.480725        0.000000000000E+00
  617         4       144.509715        0.361775240899E-05
  617         5       120.511591        0.000000000000E+00
  617         6        92.968125        0.328738535505E-05
  618         1       126.869674        0.126511888400E-05
  618         2        79.426945        0.318389300861E-06
  618         3        61.279158        0.000000000000E+00
  618         4       144.689908        0.360199842318E-05
  618         5       120.563590        0.000000000000E+00
  618         6        92.746833        0.335698707464E-05
  619         1       126.864102        0.124219949003E-05
  619         2        79.128987        0.313117247484E-06
  619         3        61.076766        0.000000000000E+00
  619         4       144.867800        0.358624542792E-05
  619         5       120.615711        0.000000000000E+00
  619         6        92.524068        0.342642571781E-05
  620         1       126.857703        0.122003296629E-05
  620         2        78.830267        0.307966872728E-06
  620         3        60.873551        0.000000000000E+00
  620         4       145.043277        0.357063490712E-05
  620         5       120.667962        0.000000000000E+00
  620         6        92.299819        0.349553183818E-05
  621         1       126.850496        0.119858875658E-05
  621         2        78.530790        0.302938841510E-06
  621         3        60.669519        0.000000000000E+00
  621         4       145.216232        0.355529149297E-05
  621         5       120.720348        0.000000000000E+00
  621         6        92.074073        0.356416127459E-05
  622         1       126.842496        0.117784022194E-05
  622         2        78.230559        0.298031788762E-06
  622         3        60.464672        0.000000000000E+00
  622         4       145.386566        0.354035075490E-05
  622         5       120.772874        0.000000000000E+00
  622         6        91.846820        0.363214574241E-05
  623         1       126.833720        0.115775890306E-05
  623         2        77.929578        0.293246454544E-06
  623         3        60.259014        0.000000000000E+00
  623         4       145.554181        0.352593124154E-05
  623         5       120.825544        0.000000000000E+00
  623         6        91.618049        0.369934262121E-05
  624         1       126.824186        0.113831953486E-05
  624         2        77.627851        0.288582071377E-06
  624         3        60.052548        0.000000000000E+00
  624         4       145.718987        0.351215830690E-05
  624         5       120.878365        0.000000000000E+00
  624         6        91.387748        0.376559242028E-05
  625         1       126.813911        0.111949783419E-05
  625         2        77.325381        0.284037950460E-06
  625         3        59.845278        0.000000000000E+00
  625         4       145.880899        0.349915323286E-05
  625         5       120.931340        0.000000000000E+00
  625         6        91.155908        0.383073813878E-05
  626         1       126.802915        0.110126870543E-05
  626         2        77.022173        0.279614816560E-06
  626         3        59.637208        0.000000000000E+00
  626         4       146.039840        0.348702402511E-05
  626         5       120.984476        0.000000000000E+00
  626         6        90.922518        0.389464202887E-05
  627         1       126.791215        0.108361062822E-05
  627         2        76.718232        0.275311556446E-06
  627         3        59.428341        0.000000000000E+00
  627         4       146.195737        0.347588688524E-05
  627         5       121.037775        0.000000000000E+00
  627         6        90.687568        0.395714688094E-05
  628         1       126.778832        0.106650079396E-05
  628         2        76.413560        0.271128812293E-06
  628         3        59.218681        0.000000000000E+00
  628         4       146.348523        0.346584198754E-05
  628         5       121.091242        0.000000000000E+00
  628         6        90.451048        0.401811989947E-05
  629         1       126.765786        0.104991970253E-05
  629         2        76.108164        0.267065532443E-06
  629         3        59.008231        0.000000000000E+00
  629         4       146.498141        0.345699622737E-05
  629         5       121.144881        0.000000000000E+00
  629         6        90.212947        0.407741155433E-05
  630         1       126.752098        0.103384680590E-05
  630         2        75.802047        0.263122222881E-06
  630         3        58.796995        0.000000000000E+00
  630         4       146.644537        0.344944140153E-05
  630         5       121.198697        0.000000000000E+00
  630         6        89.973257        0.413489542174E-05
  631         1       126.737790        0.101826453737E-05
  631         2        75.495214        0.259297876341E-06
  631         3        58.584975        0.000000000000E+00
  631         4       146.787666        0.344327436687E-05
  631         5       121.252692        0.000000000000E+00
  631         6        89.731967        0.419043144945E-05
  632         1       126.722883        0.100315453888E-05
  632         2        75.187670        0.255592815767E-06
  632         3        58.372177        0.000000000000E+00
  632         4       146.927489        0.343857805603E-05
  632         5       121.306869        0.000000000000E+00
  632         6        89.489069        0.424390096305E-05
  633         1       126.707402        0.988501053816E-06
  633         2        74.879420        0.252006063061E-06
  633         3        58.158602        0.000000000000E+00
  633         4       147.063974        0.343543865463E-05
  633         5       121.361232        0.000000000000E+00
  633         6        89.244552        0.429517518210E-05
  634         1       126.691371        0.974287802345E-06
  634         2        74.570470        0.248537714533E-06
  634         3        57.944254        0.000000000000E+00
  634         4       147.197097        0.343392980607E-05
  634         5       121.415783        0.000000000000E+00
  634         6        88.998410        0.434414456610E-05
  635         1       126.674814        0.960500686351E-06
  635         2        74.260824        0.245186808844E-06
  635         3        57.729138        0.000000000000E+00
  635         4       147.326842        0.343412646992E-05
  635         5       121.470524        0.000000000000E+00
  635         6        88.750631        0.439069333724E-05
  636         1       126.657758        0.947125364017E-06
  636         2        73.950487        0.241953177473E-06
  636         3        57.513254        0.000000000000E+00
  636         4       147.453197        0.343609264875E-05
  636         5       121.525457        0.000000000000E+00
  636         6        88.501209        0.443472246221E-05
  637         1       126.640228        0.934149217883E-06
  637         2        73.639467        0.238835860808E-06
  637         3        57.296608        0.000000000000E+00
  637         4       147.576161        0.343989161074E-05
  637         5       121.580584        0.000000000000E+00
  637         6        88.250133        0.447613080641E-05
  638         1       126.622254        0.921559677773E-06
  638         2        73.327768        0.235834392003E-06
  638         3        57.079203        0.000000000000E+00
  638         4       147.695738        0.344557741438E-05
  638         5       121.635905        0.000000000000E+00
  638         6        87.997396        0.451483121328E-05
  639         1       126.603864        0.909345416091E-06
  639         2        73.015395        0.232947802230E-06
  639         3        56.861041        0.000000000000E+00
  639         4       147.811940        0.345320125261E-05
  639         5       121.691423        0.000000000000E+00
  639         6        87.742990        0.455073877829E-05
  640         1       126.585087        0.897495442776E-06
  640         2        72.702356        0.230175295971E-06
  640         3        56.642125        0.000000000000E+00
  640         4       147.924788        0.346280698118E-05
  640         5       121.747136        0.000000000000E+00
  640         6        87.486906        0.458377954144E-05
  641         1       126.565953        0.885999514342E-06
  641         2        72.388656        0.227515880357E-06
  641         3        56.422459        0.000000000000E+00
  641         4       148.034308        0.347443342880E-05
  641         5       121.803045        0.000000000000E+00
  641         6        87.229137        0.461388636801E-05
  642         1       126.546496        0.874848681533E-06
  642         2        72.074302        0.224968663337E-06
  642         3        56.202045        0.000000000000E+00
  642         4       148.140535        0.348811844589E-05
  642         5       121.859150        0.000000000000E+00
  642         6        86.969675        0.464100108302E-05
  643         1       126.526746        0.864032232291E-06
  643         2        71.759299        0.222532137428E-06
  643         3        55.980887        0.000000000000E+00
  643         4       148.243510        0.350388019138E-05
  643         5       121.915449        0.000000000000E+00
  643         6        86.708512        0.466507224025E-05
  644         1       126.506739        0.853542388062E-06
  644         2        71.443655        0.220204999554E-06
  644         3        55.758987        0.000000000000E+00
  644         4       148.343282        0.352174523704E-05
  644         5       121.971942        0.000000000000E+00
  644         6        86.445641        0.468605832334E-05
  645         1       126.486508        0.843370421791E-06
  645         2        71.127375        0.217986170643E-06
  645         3        55.536348        0.000000000000E+00
  645         4       148.439907        0.354172709860E-05
  645         5       122.028627        0.000000000000E+00
  645         6        86.181054        0.470393181664E-05
  646         1       126.466090        0.833508813369E-06
  646         2        70.810468        0.215873733070E-06
  646         3        55.312973        0.000000000000E+00
  646         4       148.533447        0.356383798516E-05
  646         5       122.085501        0.000000000000E+00
  646         6        85.914744        0.471866606610E-05
  647         1       126.445520        0.823949266019E-06
  647         2        70.492939        0.213866542913E-06
  647         3        55.088864        0.000000000000E+00
  647         4       148.623974        0.358807864678E-05
  647         5       122.142563        0.000000000000E+00
  647         6        85.646704        0.473025522230E-05
  648         1       126.424836        0.814684964982E-06
  648         2        70.174795        0.211962276938E-06
  648         3        54.864025        0.000000000000E+00
  648         4       148.711562        0.361445054322E-05
  648         5       122.199808        0.000000000000E+00
  648         6        85.376928        0.473869086020E-05
  649         1       126.404078        0.805707825934E-06
  649         2        69.856044        0.210159711658E-06
  649         3        54.638457        0.000000000000E+00
  649         4       148.796296        0.364294168632E-05
  649         5       122.257235        0.000000000000E+00
  649         6        85.105408        0.474398988386E-05
  650         1       126.383284        0.797011505278E-06
  650         2        69.536692        0.208456112268E-06
  650         3        54.412163        0.000000000000E+00
  650         4       148.878265        0.367354277041E-05
  650         5       122.314838        0.000000000000E+00
  650         6        84.832138        0.474616324358E-05
  651         1       126.362494        0.788587927975E-06
  651         2        69.216747        0.206850159113E-06
  651         3        54.185146        0.000000000000E+00
  651         4       148.957565        0.370622918254E-05
  651         5       122.372614        0.000000000000E+00
  651         6        84.557112        0.474525156290E-05
  652         1       126.341751        0.780430989941E-06
  652         2        68.896216        0.205338703608E-06
  652         3        53.957408        0.000000000000E+00
  652         4       149.034298        0.374098087555E-05
  652         5       122.430558        0.000000000000E+00
  652         6        84.280323        0.474128626620E-05
  653         1       126.321096        0.772532432672E-06
  653         2        68.575107        0.203920314809E-06
  653         3        53.728950        0.000000000000E+00
  653         4       149.108571        0.377776081188E-05
  653         5       122.488665        0.000000000000E+00
  653         6        84.001764        0.473433255218E-05
  654         1       126.300571        0.764886172572E-06
  654         2        68.253427        0.202591434262E-06
  654         3        53.499776        0.000000000000E+00
  654         4       149.180497        0.381653826734E-05
  654         5       122.546928        0.000000000000E+00
  654         6        83.721431        0.472444337605E-05
  655         1       126.280221        0.757483586826E-06
  655         2        67.931183        0.201350504474E-06
  655         3        53.269888        0.000000000000E+00
  655         4       149.250196        0.385726407676E-05
  655         5       122.605343        0.000000000000E+00
  655         6        83.439317        0.471170919821E-05
  656         1       126.260090        0.750318406517E-06
  656         2        67.608382        0.200193568183E-06
  656         3        53.039287        0.000000000000E+00
  656         4       149.317790        0.389989695138E-05
  656         5       122.663903        0.000000000000E+00
  656         6        83.155417        0.469620553277E-05
  657         1       126.240224        0.743381488397E-06
  657         2        67.285034        0.199118924572E-06
  657         3        52.807975        0.000000000000E+00
  657         4       149.383409        0.394437595425E-05
  657         5       122.722600        0.000000000000E+00
  657         6        82.869724        0.467804867910E-05
  658         1       126.220666        0.736666186752E-06
  658         2        66.961144        0.198122237643E-06
  658         3        52.575955        0.000000000000E+00
  658         4       149.447184        0.399064941596E-05
  658         5       122.781427        0.000000000000E+00
  658         6        82.582235        0.465733762912E-05
  659         1       126.201465        0.730162711893E-06
  659         2        66.636720        0.197201647525E-06
  659         3        52.343228        0.000000000000E+00
  659         4       149.509253        0.403864507748E-05
  659         5       122.840378        0.000000000000E+00
  659         6        82.292943        0.463421499566E-05
  660         1       126.182666        0.723863871812E-06
  660         2        66.311771        0.196352463886E-06
  660         3        52.109797        0.000000000000E+00
  660         4       149.569758        0.408830110368E-05
  660         5       122.899443        0.000000000000E+00
  660         6        82.001843        0.460880414369E-05
  661         1       126.164317        0.717759901724E-06
  661         2        65.986303        0.195571926370E-06
  661         3        51.875662        0.000000000000E+00
  661         4       149.628841        0.413953859892E-05
  661         5       122.958614        0.000000000000E+00
  661         6        81.708931        0.458126570214E-05
  662         1       126.146465        0.711840617179E-06
  662         2        65.660324        0.194857214218E-06
  662         3        51.640825        0.000000000000E+00
  662         4       149.686650        0.419227337447E-05
  662         5       123.017883        0.000000000000E+00
  662         6        81.414203        0.455177400012E-05
  663         1       126.129158        0.706097757956E-06
  663         2        65.333842        0.194203174885E-06
  663         3        51.405289        0.000000000000E+00
  663         4       149.743336        0.424642886690E-05
  663         5       123.077240        0.000000000000E+00
  663         6        81.117653        0.452049054398E-05
  664         1       126.112443        0.700519569031E-06
  664         2        65.006864        0.193607495094E-06
  664         3        51.169054        0.000000000000E+00
  664         4       149.799051        0.430190703246E-05
  664         5       123.136675        0.000000000000E+00
  664         6        80.819277        0.448762471956E-05
  665         1       126.096368        0.695096962413E-06
  665         2        64.679398        0.193064772637E-06
  665         3        50.932122        0.000000000000E+00
  665         4       149.853951        0.435862190727E-05
  665         5       123.196180        0.000000000000E+00
  665         6        80.519071        0.445336439252E-05
  666         1       126.080982        0.689817359997E-06
  666         2        64.351450        0.192572492897E-06
  666         3        50.694495        0.000000000000E+00
  666         4       149.908190        0.441646635300E-05
  666         5       123.255743        0.000000000000E+00
  666         6        80.217032        0.441794575395E-05
  667         1       126.066333        0.684670799810E-06
  667         2        64.023028        0.192125061529E-06
  667         3        50.456174        0.000000000000E+00
  667         4       149.961926        0.447534541047E-05
  667         5       123.315354        0.000000000000E+00
  667         6        79.913156        0.438158372985E-05
  668         1       126.052467        0.679643928604E-06
  668         2        63.694139        0.191719753715E-06
  668         3        50.217160        0.000000000000E+00
  668         4       150.015319        0.453514365745E-05
  668         5       123.375002        0.000000000000E+00
  668         6        79.607438        0.434454114007E-05
  669         1       126.039433        0.674725906590E-06
  669         2        63.364790        0.191350851461E-06
  669         3        49.977454        0.000000000000E+00
  669         4       150.068526        0.459575757918E-05
  669         5       123.434677        0.000000000000E+00
  669         6        79.299877        0.430706063416E-05
  670         1       126.027276        0.669902701155E-06
  670         2        63.034988        0.191015414372E-06
  670         3        49.737058        0.000000000000E+00
  670         4       150.121706        0.465706437526E-05
  670         5       123.494366        0.000000000000E+00
  670         6        78.990468        0.426943138516E-05
  671         1       126.016045        0.665162639343E-06
  671         2        62.704739        0.190707676527E-06
  671         3        49.495973        0.000000000000E+00
  671         4       150.175017        0.471895246043E-05
  671         5       123.554059        0.000000000000E+00
  671         6        78.679208        0.423192436226E-05
  672         1       126.005783        0.660491155078E-06
  672         2        62.374051        0.190424477282E-06
  672         3        49.254200        0.000000000000E+00
  672         4       150.228617        0.478129261702E-05
  672         5       123.613744        0.000000000000E+00
  672         6        78.366096        0.419485468427E-05
  673         1       125.996537        0.655875831672E-06
  673         2        62.042929        0.190160089121E-06
  673         3        49.011740        0.000000000000E+00
  673         4       150.282661        0.484396575104E-05
  673         5       123.673408        0.000000000000E+00
  673         6        78.051129        0.415852219538E-05
  674         1       125.988351        0.651301763737E-06
  674         2        61.711380        0.189911130656E-06
  674         3        48.768594        0.000000000000E+00
  674         4       150.337304        0.490683723952E-05
  674         5       123.733039        0.000000000000E+00
  674         6        77.734304        0.412326746724E-05
  675         1       125.981267        0.646755931210E-06
  675         2        61.379410        0.189672006853E-06
  675         3        48.524763        0.000000000000E+00
  675         4       150.392697        0.496978109707E-05
  675         5       123.792626        0.000000000000E+00
  675         6        77.415619        0.408941971387E-05
  676         1       125.975329        0.642223331039E-06
  676         2        61.047024        0.189439113335E-06
  676         3        48.280249        0.000000000000E+00
  676         4       150.448990        0.503265838287E-05
  676         5       123.852156        0.000000000000E+00
  676         6        77.095073        0.405734435149E-05
  677         1       125.970576        0.637690518951E-06
  677         2        60.714228        0.189207090882E-06
  677         3        48.035051        0.000000000000E+00
  677         4       150.506329        0.509533686485E-05
  677         5       123.911615        0.000000000000E+00
  677         6        76.772664        0.402740044116E-05
  678         1       125.967048        0.633142677258E-06
  678         2        60.381028        0.188972113132E-06
  678         3        47.789172        0.000000000000E+00
  678         4       150.564856        0.515767444955E-05
  678         5       123.970992        0.000000000000E+00
  678         6        76.448391        0.399997754582E-05
  679         1       125.964785        0.628567716823E-06
  679         2        60.047428        0.188729890132E-06
  679         3        47.542611        0.000000000000E+00
  679         4       150.624711        0.521956156565E-05
  679         5       124.030274        0.000000000000E+00
  679         6        76.122252        0.397544281920E-05
  680         1       125.963821        0.623948258971E-06
  680         2        59.713433        0.188474881300E-06
  680         3        47.295370        0.000000000000E+00
  680         4       150.686026        0.528079809252E-05
  680         5       124.089447        0.000000000000E+00
  680         6        75.794246        0.395425383550E-05
  681         1       125.964192        0.619272216923E-06
  681         2        59.379048        0.188203295787E-06
  681         3        47.047450        0.000000000000E+00
  681         4       150.748933        0.534126932792E-05
  681         5       124.148500        0.000000000000E+00
  681         6        75.464373        0.393680819959E-05
  682         1       125.965932        0.614526115220E-06
  682         2        59.044277        0.187910864000E-06
  682         3        46.798851        0.000000000000E+00
  682         4       150.813554        0.540083055965E-05
  682         5       124.207419        0.000000000000E+00
  682         6        75.132633        0.392354144677E-05
  683         1       125.969071        0.609696690552E-06
  683         2        58.709124        0.187593609100E-06
  683         3        46.549575        0.000000000000E+00
  683         4       150.880009        0.545933526206E-05
  683         5       124.266191        0.000000000000E+00
  683         6        74.799025        0.391490455276E-05
  684         1       125.973638        0.604771663936E-06
  684         2        58.373593        0.187247037158E-06
  684         3        46.299622        0.000000000000E+00
  684         4       150.948409        0.551663937640E-05
  684         5       124.324803        0.000000000000E+00
  684         6        74.463550        0.391135474434E-05
  685         1       125.979661        0.599738388728E-06
  685         2        58.037687        0.186867870217E-06
  685         3        46.048993        0.000000000000E+00
  685         4       151.018860        0.557259327049E-05
  685         5       124.383244        0.000000000000E+00
  685         6        74.126207        0.391337436712E-05
  686         1       125.987166        0.594586138346E-06
  686         2        57.701409        0.186451385000E-06
  686         3        45.797690        0.000000000000E+00
  686         4       151.091462        0.562705489767E-05
  686         5       124.441499        0.000000000000E+00
  686         6        73.786997        0.392144142092E-05
  687         1       125.996173        0.589303168060E-06
  687         2        57.364762        0.185995121991E-06
  687         3        45.545712        0.000000000000E+00
  687         4       151.166305        0.567987246044E-05
  687         5       124.499557        0.000000000000E+00
  687         6        73.445921        0.393606996249E-05
  688         1       126.006704        0.583880643433E-06
  688         2        57.027748        0.185494120051E-06
  688         3        45.293061        0.000000000000E+00
  688         4       151.243473        0.573090732978E-05
  688         5       124.557405        0.000000000000E+00
  688         6        73.102980        0.395775782091E-05
  689         1       126.018777        0.578307996718E-06
  689         2        56.690369        0.184946856998E-06
  689         3        45.039739        0.000000000000E+00
  689         4       151.323043        0.578000652605E-05
  689         5       124.615030        0.000000000000E+00
  689         6        72.758174        0.398705113712E-05
  690         1       126.032407        0.572578597700E-06
  690         2        56.352628        0.184348119296E-06
  690         3        44.785744        0.000000000000E+00
  690         4       151.405082        0.582703629087E-05
  690         5       124.672421        0.000000000000E+00
  690         6        72.411507        0.402446661879E-05
  691         1       126.047606        0.566683296075E-06
  691         2        56.014525        0.183697434120E-06
  691         3        44.531080        0.000000000000E+00
  691         4       151.489649        0.587184348600E-05
  691         5       124.729565        0.000000000000E+00
  691         6        72.062978        0.407058285203E-05
  692         1       126.064386        0.560617936175E-06
  692         2        55.676061        0.182989317548E-06
  692         3        44.275747        0.000000000000E+00
  692         4       151.576793        0.591430072894E-05
  692         5       124.786451        0.000000000000E+00
  692         6        71.712591        0.412593450789E-05
  693         1       126.082752        0.554374990915E-06
  693         2        55.337238        0.182224452796E-06
  693         3        44.019745        0.000000000000E+00
  693         4       151.666555        0.595425581439E-05
  693         5       124.843067        0.000000000000E+00
  693         6        71.360346        0.419113301754E-05
  694         1       126.102711        0.547952992432E-06
  694         2        54.998056        0.181397057662E-06
  694         3        43.763076        0.000000000000E+00
  694         4       151.758967        0.599158922288E-05
  694         5       124.899401        0.000000000000E+00
  694         6        71.006248        0.426673014330E-05
  695         1       126.124264        0.541346184337E-06
  695         2        54.658515        0.180509071887E-06
  695         3        43.505742        0.000000000000E+00
  695         4       151.854049        0.602615083876E-05
  695         5       124.955444        0.000000000000E+00
  695         6        70.650297        0.435337055268E-05
  696         1       126.147410        0.534555936758E-06
  696         2        54.318614        0.179554379760E-06
  696         3        43.247743        0.000000000000E+00
  696         4       151.951813        0.605783053357E-05
  696         5       125.011183        0.000000000000E+00
  696         6        70.292497        0.445162230932E-05
  697         1       126.172145        0.527578354878E-06
  697         2        53.978354        0.178536265942E-06
  697         3        42.989080        0.000000000000E+00
  697         4       152.052259        0.608648146402E-05
  697         5       125.066608        0.000000000000E+00
  697         6        69.932851        0.456216378828E-05
  698         1       126.198464        0.520415716584E-06
  698         2        53.637733        0.177451206443E-06
  698         3        42.729756        0.000000000000E+00
  698         4       152.155377        0.611199167221E-05
  698         5       125.121710        0.000000000000E+00
  698         6        69.571362        0.468561017813E-05
  699         1       126.226357        0.513072016648E-06
  699         2        53.296751        0.176295008900E-06
  699         3        42.469771        0.000000000000E+00
  699         4       152.261147        0.613425705094E-05
  699         5       125.176477        0.000000000000E+00
  699         6        69.208034        0.482257942676E-05
  700         1       126.255812        0.505546174243E-06
  700         2        52.955407        0.175073116136E-06
  700         3        42.209126        0.000000000000E+00
  700         4       152.369538        0.615313795721E-05
  700         5       125.230902        0.000000000000E+00
  700         6        68.842869        0.497380146666E-05
  701         1       126.286815        0.497846800206E-06
  701         2        52.613697        0.173778380442E-06
  701         3        41.947825        0.000000000000E+00
  701         4       152.480508        0.616855442394E-05
  701         5       125.284974        0.000000000000E+00
  701         6        68.475872        0.513988222838E-05
  702         1       126.319348        0.489974602011E-06
  702         2        52.271622        0.172417759784E-06
  702         3        41.685867        0.000000000000E+00
  702         4       152.594004        0.618037317440E-05
  702         5       125.338685        0.000000000000E+00
  702         6        68.107047        0.532158682455E-05
  703         1       126.353391        0.481940940288E-06
  703         2        51.929178        0.170983595042E-06
  703         3        41.423254        0.000000000000E+00
  703         4       152.709961        0.618852890004E-05
  703         5       125.392026        0.000000000000E+00
  703         6        67.736398        0.551953554233E-05
  704         1       126.388921        0.473748164783E-06
  704         2        51.586363        0.169484401623E-06
  704         3        41.159990        0.000000000000E+00
  704         4       152.828304        0.619289598319E-05
  704         5       125.444990        0.000000000000E+00
  704         6        67.363929        0.573452938169E-05
  705         1       126.425914        0.465410188521E-06
  705         2        51.243175        0.167911945498E-06
  705         3        40.896075        0.000000000000E+00
  705         4       152.948946        0.619342521517E-05
  705         5       125.497569        0.000000000000E+00
  705         6        66.989644        0.596720284035E-05
  706         1       126.464341        0.456930797977E-06
  706         2        50.899612        0.166276330497E-06
  706         3        40.631511        0.000000000000E+00
  706         4       153.071790        0.618999988601E-05
  706         5       125.549755        0.000000000000E+00
  706         6        66.613548        0.621839369028E-05
  707         1       126.504173        0.448326196917E-06
  707         2        50.555669        0.164568678664E-06
  707         3        40.366300        0.000000000000E+00
  707         4       153.196726        0.618258825187E-05
  707         5       125.601542        0.000000000000E+00
  707         6        66.235647        0.648875064910E-05
  708         1       126.545376        0.439601353027E-06
  708         2        50.211345        0.162800697636E-06
  708         3        40.100445        0.000000000000E+00
  708         4       153.323634        0.617108376973E-05
  708         5       125.652923        0.000000000000E+00
  708         6        65.855944        0.677914925863E-05
  709         1       126.587916        0.430774446050E-06
  709         2        49.866636        0.160962793326E-06
  709         3        39.833949        0.000000000000E+00
  709         4       153.452383        0.615547344894E-05
  709         5       125.703893        0.000000000000E+00
  709         6        65.474445        0.709025280526E-05
  710         1       126.631755        0.421851330192E-06
  710         2        49.521539        0.159068282579E-06
  710         3        39.566812        0.000000000000E+00
  710         4       153.582832        0.613566214211E-05
  710         5       125.754447        0.000000000000E+00
  710         6        65.091154        0.742297574788E-05
  711         1       126.676855        0.412851806088E-06
  711         2        49.176050        0.157106783549E-06
  711         3        39.299038        0.000000000000E+00
  711         4       153.714826        0.611165679498E-05
  711         5       125.804579        0.000000000000E+00
  711         6        64.706078        0.777799653692E-05
  712         1       126.723175        0.403782297738E-06
  712         2        48.830167        0.155093209119E-06
  712         3        39.030630        0.000000000000E+00
  712         4       153.848204        0.608337485063E-05
  712         5       125.854286        0.000000000000E+00
  712         6        64.319222        0.815626990878E-05
  713         1       126.770670        0.394663844124E-06
  713         2        48.483885        0.153016323571E-06
  713         3        38.761590        0.000000000000E+00
  713         4       153.982790        0.605084429363E-05
  713         5       125.903562        0.000000000000E+00
  713         6        63.930590        0.855849045054E-05
  714         1       126.819297        0.385503113316E-06
  714         2        48.137200        0.150892612237E-06
  714         3        38.491921        0.000000000000E+00
  714         4       154.118401        0.601399631300E-05
  714         5       125.952404        0.000000000000E+00
  714         6        63.540189        0.898565476036E-05
  715         1       126.869008        0.376321988954E-06
  715         2        47.790111        0.148709919974E-06
  715         3        38.221626        0.000000000000E+00
  715         4       154.254844        0.597288088680E-05
  715         5       126.000810        0.000000000000E+00
  715         6        63.148024        0.943847489225E-05
  716         1       126.919755        0.367129817494E-06
  716         2        47.442612        0.146482425045E-06
  716         3        37.950709        0.000000000000E+00
  716         4       154.391913        0.592746349809E-05
  716         5       126.048777        0.000000000000E+00
  716         6        62.754101        0.991807351000E-05
  717         1       126.971489        0.357943427579E-06
  717         2        47.094700        0.144204514649E-06
  717         3        37.679172        0.000000000000E+00
  717         4       154.529396        0.587777735486E-05
  717         5       126.096303        0.000000000000E+00
  717         6        62.358425        0.104250238846E-04
  718         1       127.024158        0.348771774472E-06
  718         2        46.746373        0.141892032200E-06
  718         3        37.407018        0.000000000000E+00
  718         4       154.667072        0.582380467203E-05
  718         5       126.143386        0.000000000000E+00
  718         6        61.961003        0.109604879386E-04
  719         1       127.077709        0.339637283235E-06
  719         2        46.397626        0.139530826956E-06
  719         3        37.134252        0.000000000000E+00
  719         4       154.804709        0.576564190633E-05
  719         5       126.190025        0.000000000000E+00
  719         6        61.561841        0.115252186565E-04
  720         1       127.132090        0.330545493756E-06
  720         2        46.048456        0.137141847297E-06
  720         3        36.860877        0.000000000000E+00
  720         4       154.942067        0.570326808707E-05
  720         5       126.236220        0.000000000000E+00
  720         6        61.160943        0.121203501801E-04
  721         1       127.187245        0.321518568074E-06
  721         2        45.698860        0.134709887655E-06
  721         3        36.586897        0.000000000000E+00
  721         4       155.078902        0.563680392444E-05
  721         5       126.281970        0.000000000000E+00
  721         6        60.758317        0.127466598998E-04
  722         1       127.243119        0.312561143981E-06
  722         2        45.348835        0.132257264703E-06
  722         3        36.312316        0.000000000000E+00
  722         4       155.214956        0.556624651932E-05
  722         5       126.327275        0.000000000000E+00
  722         6        60.353969        0.134053329313E-04
  723         1       127.299654        0.303694810766E-06
  723         2        44.998378        0.129767697708E-06
  723         3        36.037138        0.000000000000E+00
  723         4       155.349969        0.549174139403E-05
  723         5       126.372137        0.000000000000E+00
  723         6        59.947903        0.140971746244E-04
  724         1       127.356795        0.294923108182E-06
  724         2        44.647486        0.127264794692E-06
  724         3        35.761366        0.000000000000E+00
  724         4       155.483673        0.541330475362E-05
  724         5       126.416556        0.000000000000E+00
  724         6        59.540128        0.148234242359E-04
  725         1       127.414482        0.286266783710E-06
  725         2        44.296157        0.124731198644E-06
  725         3        35.485006        0.000000000000E+00
  725         4       155.615792        0.533110744488E-05
  725         5       126.460534        0.000000000000E+00
  725         6        59.130647        0.155849193295E-04
  726         1       127.472657        0.277728131832E-06
  726         2        43.944387        0.122191723939E-06
  726         3        35.208062        0.000000000000E+00
  726         4       155.746047        0.524518585782E-05
  726         5       126.504073        0.000000000000E+00
  726         6        58.719468        0.163829569311E-04
  727         1       127.531261        0.269326834757E-06
  727         2        43.592175        0.119627954168E-06
  727         3        34.930539        0.000000000000E+00
  727         4       155.874153        0.515573661864E-05
  727         5       126.547175        0.000000000000E+00
  727         6        58.306597        0.172184117978E-04
  728         1       127.590236        0.261063843172E-06
  728         2        43.239519        0.117065814223E-06
  728         3        34.652441        0.000000000000E+00
  728         4       155.999819        0.506281745239E-05
  728         5       126.589844        0.000000000000E+00
  728         6        57.892040        0.180926431056E-04
  729         1       127.649520        0.252957597205E-06
  729         2        42.886416        0.114485868683E-06
  729         3        34.373773        0.000000000000E+00
  729         4       156.122752        0.496665120825E-05
  729         5       126.632083        0.000000000000E+00
  729         6        57.475803        0.190065686448E-04
  730         1       127.709056        0.245007654180E-06
  730         2        42.532865        0.111915045391E-06
  730         3        34.094541        0.000000000000E+00
  730         4       156.242653        0.486731820482E-05
  730         5       126.673894        0.000000000000E+00
  730         6        57.057891        0.199616144927E-04
  731         1       127.768783        0.237231078356E-06
  731         2        42.178866        0.109332952907E-06
  731         3        33.814749        0.000000000000E+00
  731         4       156.359222        0.476506799168E-05
  731         5       126.715283        0.000000000000E+00
  731         6        56.638312        0.209587484961E-04
  732         1       127.828641        0.229626032084E-06
  732         2        41.824415        0.106767407306E-06
  732         3        33.534403        0.000000000000E+00
  732         4       156.472155        0.466000486806E-05
  732         5       126.756254        0.000000000000E+00
  732         6        56.217071        0.219994693029E-04
  733         1       127.888570        0.222208112351E-06
  733         2        41.469514        0.104197146949E-06
  733         3        33.253509        0.000000000000E+00
  733         4       156.581148        0.455240563682E-05
  733         5       126.796810        0.000000000000E+00
  733         6        55.794174        0.230848028693E-04
  734         1       127.948512        0.214974125708E-06
  734         2        41.114161        0.101650746491E-06
  734         3        32.972072        0.000000000000E+00
  734         4       156.685894        0.444240016720E-05
  734         5       126.836958        0.000000000000E+00
  734         6        55.369628        0.242163266068E-04
  735         1       128.008408        0.207933721399E-06
  735         2        40.758356        0.991191505854E-07
  735         3        32.690098        0.000000000000E+00
  735         4       156.786086        0.433025270288E-05
  735         5       126.876703        0.000000000000E+00
  735         6        54.943438        0.253952680020E-04
  736         1       128.068198        0.201095706870E-06
  736         2        40.402098        0.965926706479E-07
  736         3        32.407592        0.000000000000E+00
  736         4       156.881416        0.421624193211E-05
  736         5       126.916050        0.000000000000E+00
  736         6        54.515611        0.266228890958E-04
  737         1       128.127825        0.194455009337E-06
  737         2        40.045389        0.941007444641E-07
  737         3        32.124562        0.000000000000E+00
  737         4       156.971578        0.410053956345E-05
  737         5       126.955005        0.000000000000E+00
  737         6        54.086151        0.279008995499E-04
  738         1       128.187231        0.188023390424E-06
  738         2        39.688229        0.916205084127E-07
  738         3        31.841012        0.000000000000E+00
  738         4       157.056266        0.398349387605E-05
  738         5       126.993573        0.000000000000E+00
  738         6        53.655067        0.292305153072E-04
  739         1       128.246359        0.181794672110E-06
  739         2        39.330618        0.891817664825E-07
  739         3        31.556950        0.000000000000E+00
  739         4       157.135175        0.386530726452E-05
  739         5       127.031763        0.000000000000E+00
  739         6        53.222363        0.306135451846E-04
  740         1       128.305153        0.175779086616E-06
  740         2        38.972557        0.867613265505E-07
  740         3        31.272382        0.000000000000E+00
  740         4       157.208003        0.374635848665E-05
  740         5       127.069579        0.000000000000E+00
  740         6        52.788045        0.320513032415E-04
  741         1       128.363557        0.169969496117E-06
  741         2        38.614049        0.843891700291E-07
  741         3        30.987315        0.000000000000E+00
  741         4       157.274451        0.362688331148E-05
  741         5       127.107030        0.000000000000E+00
  741         6        52.352119        0.335457078916E-04
  742         1       128.421516        0.164374636705E-06
  742         2        38.255095        0.820420054692E-07
  742         3        30.701754        0.000000000000E+00
  742         4       157.334223        0.350729250823E-05
  742         5       127.144121        0.000000000000E+00
  742         6        51.914593        0.350981864727E-04
  743         1       128.478977        0.158986573097E-06
  743         2        37.895697        0.797497797338E-07
  743         3        30.415708        0.000000000000E+00
  743         4       157.387027        0.338785836366E-05
  743         5       127.180859        0.000000000000E+00
  743         6        51.475470        0.367107789831E-04
  744         1       128.535888        0.153812589449E-06
  744         2        37.535857        0.774893702187E-07
  744         3        30.129182        0.000000000000E+00
  744         4       157.432576        0.326902559533E-05
  744         5       127.217253        0.000000000000E+00
  744         6        51.034757        0.383850443333E-04
  745         1       128.592195        0.148844128000E-06
  745         2        37.175577        0.752904494905E-07
  745         3        29.842185        0.000000000000E+00
  745         4       157.470586        0.315110668257E-05
  745         5       127.253309        0.000000000000E+00
  745         6        50.592461        0.401231573970E-04
  746         1       128.647849        0.144087072595E-06
  746         2        36.814862        0.731303743780E-07
  746         3        29.554723        0.000000000000E+00
  746         4       157.500782        0.303458271396E-05
  746         5       127.289035        0.000000000000E+00
  746         6        50.148587        0.419268291230E-04
  747         1       128.702801        0.139532425443E-06
  747         2        36.453714        0.710382739781E-07
  747         3        29.266803        0.000000000000E+00
  747         4       157.522892        0.291981068050E-05
  747         5       127.324437        0.000000000000E+00
  747         6        49.703141        0.437983855671E-04
  748         1       128.757002        0.135184722873E-06
  748         2        36.092136        0.689923409886E-07
  748         3        28.978433        0.472811088360E-28
  748         4       157.536653        0.280731103378E-05
  748         5       127.359524        0.000000000000E+00
  748         6        49.256129        0.457397133211E-04
  749         1       128.810405        0.131034713751E-06
  749         2        35.730133        0.670208566367E-07
  749         3        28.689621        0.000000000000E+00
  749         4       157.541809        0.269749032475E-05
  749         5       127.394302        0.000000000000E+00
  749         6        48.807558        0.477533073809E-04
  750         1       128.862965        0.127085638786E-06
  750         2        35.367709        0.651032561874E-07
  750         3        28.400373        0.000000000000E+00
  750         4       157.538111        0.259091204108E-05
  750         5       127.428781        0.000000000000E+00
  750         6        48.357432        0.498412577132E-04
  751         1       128.914637        0.123328180401E-06
  751         2        35.004867        0.632666286512E-07
  751         3        28.110698        0.000000000000E+00
  751         4       157.525318        0.248803821571E-05
  751         5       127.462966        0.000000000000E+00
  751         6        47.905759        0.520062492482E-04
  752         1       128.965380        0.119764329536E-06
  752         2        34.641612        0.614921175181E-07
  752         3        27.820604        0.000000000000E+00
  752         4       157.503200        0.238947983998E-05
  752         5       127.496865        0.000000000000E+00
  752         6        47.452544        0.542506067020E-04
  753         1       129.015151        0.116386498822E-06
  753         2        34.277950        0.598001989280E-07
  753         3        27.530097        0.000000000000E+00
  753         4       157.471534        0.229575211521E-05
  753         5       127.530485        0.000000000000E+00
  753         6        46.997794        0.565778811264E-04
  754         1       129.063912        0.113192166299E-06
  754         2        33.913885        0.581846460012E-07
  754         3        27.239187        0.000000000000E+00
  754         4       157.430108        0.220753748656E-05
  754         5       127.563834        0.000000000000E+00
  754         6        46.541515        0.589893957718E-04
  755         1       129.111624        0.110174123876E-06
  755         2        33.549423        0.566636046501E-07
  755         3        26.947880        0.000000000000E+00
  755         4       157.378721        0.212542167396E-05
  755         5       127.596919        0.000000000000E+00
  755         6        46.083712        0.614889167200E-04
  756         1       129.158252        0.107331968921E-06
  756         2        33.184569        0.552233111087E-07
  756         3        26.656186        0.000000000000E+00
  756         4       157.317182        0.205012811887E-05
  756         5       127.629746        0.000000000000E+00
  756         6        45.624393        0.640793519475E-04
  757         1       129.203760        0.104657285928E-06
  757         2        32.819330        0.538846988030E-07
  757         3        26.364112        0.000000000000E+00
  757         4       157.245310        0.198233160022E-05
  757         5       127.662323        0.000000000000E+00
  757         6        45.163564        0.667641221643E-04
  758         1       129.248115        0.102148507381E-06
  758         2        32.453711        0.526375318201E-07
  758         3        26.071665        0.000000000000E+00
  758         4       157.162939        0.192282296057E-05
  758         5       127.694656        0.000000000000E+00
  758         6        44.701231        0.695464968682E-04
  759         1       129.291288        0.997978717277E-07
  759         2        32.087718        0.514996349862E-07
  759         3        25.778856        0.000000000000E+00
  759         4       157.069913        0.187236788146E-05
  759         5       127.726751        0.000000000000E+00
  759         6        44.237400        0.724302136770E-04
  760         1       129.333247        0.976026510325E-07
  760         2        31.721359        0.504650813767E-07
  760         3        25.485691        0.000000000000E+00
  760         4       156.966088        0.183183408372E-05
  760         5       127.758615        0.000000000000E+00
  760         6        43.772080        0.754189598290E-04
  761         1       129.373967        0.955559065176E-07
  761         2        31.354639        0.495479328101E-07
  761         3        25.192179        0.000000000000E+00
  761         4       156.851336        0.180209105163E-05
  761         5       127.790254        0.000000000000E+00
  761         6        43.305276        0.785168349672E-04
  762         1       129.413421        0.936537416206E-07
  762         2        30.987566        0.487474639130E-07
  762         3        24.898328        0.000000000000E+00
  762         4       156.725538        0.178409475405E-05
  762         5       127.821672        0.000000000000E+00
  762         6        42.836995        0.817280105837E-04
  763         1       129.451586        0.918902043357E-07
  763         2        30.620147        0.480732257479E-07
  763         3        24.604147        0.000000000000E+00
  763         4       156.588593        0.177883360252E-05
  763         5       127.852876        0.000000000000E+00
  763         6        42.367244        0.850570033748E-04
  764         1       129.488440        0.902602076160E-07
  764         2        30.252388        0.475307139705E-07
  764         3        24.309644        0.000000000000E+00
  764         4       156.440411        0.178736545088E-05
  764         5       127.883871        0.000000000000E+00
  764         6        41.896031        0.885085461329E-04
  765         1       129.523964        0.887589468640E-07
  765         2        29.884297        0.471241168124E-07
  765         3        24.014827        0.000000000000E+00
  765         4       156.280919        0.181081540784E-05
  765         5       127.914661        0.000000000000E+00
  765         6        41.423363        0.920876360349E-04
  766         1       129.558139        0.873801082914E-07
  766         2        29.515882        0.468663188303E-07
  766         3        23.719705        0.000000000000E+00
  766         4       156.110058        0.185035957909E-05
  766         5       127.945251        0.000000000000E+00
  766         6        40.949247        0.957996581751E-04
  767         1       129.590951        0.861201921109E-07
  767         2        29.147150        0.467551687171E-07
  767         3        23.424285        0.000000000000E+00
  767         4       155.927783        0.190728071078E-05
  767         5       127.975644        0.000000000000E+00
  767         6        40.473691        0.996501670555E-04
  768         1       129.622386        0.849716082418E-07
  768         2        28.778110        0.468122829317E-07
  768         3        23.128577        0.000000000000E+00
  768         4       155.734066        0.198289281806E-05
  768         5       128.005846        0.000000000000E+00
  768         6        39.996703        0.103645306162E-03
  769         1       129.652431        0.839323171644E-07
  769         2        28.408768        0.470280516143E-07
  769         3        22.832588        0.000000000000E+00
  769         4       155.528894        0.207866105771E-05
  769         5       128.035858        0.000000000000E+00
  769         6        39.518290        0.107791279064E-03
  770         1       129.681077        0.829933884985E-07
  770         2        28.039133        0.474343716495E-07
  770         3        22.536327        0.000000000000E+00
  770         4       155.312272        0.219606101382E-05
  770         5       128.065685        0.000000000000E+00
  770         6        39.038462        0.112095113495E-03
  771         1       129.708318        0.821543979527E-07
  771         2        27.669213        0.480128876148E-07
  771         3        22.239802        0.000000000000E+00
  771         4       155.084217        0.233676965202E-05
  771         5       128.095328        0.000000000000E+00
  771         6        38.557226        0.116563771632E-03
  772         1       129.734146        0.814083122892E-07
  772         2        27.299016        0.487862322425E-07
  772         3        21.943021        0.000000000000E+00
  772         4       154.844768        0.250249288312E-05
  772         5       128.124789        0.000000000000E+00
  772         6        38.074591        0.121205102258E-03
  773         1       129.758560        0.807465313888E-07
  773         2        26.928551        0.497898285457E-07
  773         3        21.645993        0.000000000000E+00
  773         4       154.593978        0.269503392603E-05
  773         5       128.154072        0.000000000000E+00
  773         6        37.590565        0.126027597137E-03
  774         1       129.781558        0.801713471969E-07
  774         2        26.557825        0.509893870890E-07
  774         3        21.348725        0.000000000000E+00
  774         4       154.331916        0.291645528456E-05
  774         5       128.183176        0.000000000000E+00
  774         6        37.105158        0.131039610221E-03
  775         1       129.803140        0.796701056030E-07
  775         2        26.186846        0.524509247358E-07
  775         3        21.051226        0.000000000000E+00
  775         4       154.058670        0.316877494916E-05
  775         5       128.212103        0.000000000000E+00
  775         6        36.618380        0.136251102150E-03
  776         1       129.823310        0.792471073880E-07
  776         2        25.815625        0.541272716052E-07
  776         3        20.753504        0.000000000000E+00
  776         4       153.774346        0.345436833771E-05
  776         5       128.240854        0.000000000000E+00
  776         6        36.130238        0.141671568986E-03
  777         1       129.842071        0.788880226657E-07
  777         2        25.444167        0.561023558190E-07
  777         3        20.455566        0.000000000000E+00
  777         4       153.479066        0.377554450599E-05
  777         5       128.269427        0.000000000000E+00
  777         6        35.640744        0.147312522543E-03
  778         1       129.859432        0.785993245768E-07
  778         2        25.072483        0.583139997994E-07
  778         3        20.157421        0.000000000000E+00
  778         4       153.172972        0.413504735932E-05
  778         5       128.297824        0.000000000000E+00
  778         6        35.149907        0.153184813111E-03
  779         1       129.875401        0.783648791558E-07
  779         2        24.700580        0.608671012782E-07
  779         3        19.859077        0.000000000000E+00
  779         4       152.856220        0.453553375520E-05
  779         5       128.326042        0.000000000000E+00
  779         6        34.657737        0.159301791184E-03
  780         1       129.889990        0.781935014471E-07
  780         2        24.328467        0.636820029115E-07
  780         3        19.560540        0.000000000000E+00
  780         4       152.528989        0.498018356973E-05
  780         5       128.354082        0.000000000000E+00
  780         6        34.164245        0.165675923775E-03
  781         1       129.903210        0.780671098674E-07
  781         2        23.956152        0.668881679371E-07
  781         3        19.261819        0.000000000000E+00
  781         4       152.191473        0.547207122397E-05
  781         5       128.381940        0.000000000000E+00
  781         6        33.669441        0.172322746103E-03
  782         1       129.915077        0.779970381619E-07
  782         2        23.583644        0.703855814451E-07
  782         3        18.962921        0.000000000000E+00
  782         4       151.843884        0.601489502730E-05
  782         5       128.409615        0.000000000000E+00
  782         6        33.173337        0.179256665437E-03
  783         1       129.925608        0.779630981730E-07
  783         2        23.210951        0.743325173948E-07
  783         3        18.663853        0.000000000000E+00
  783         4       151.486454        0.661223321185E-05
  783         5       128.437104        0.000000000000E+00
  783         6        32.675944        0.186495826057E-03
  784         1       129.934822        0.779793282804E-07
  784         2        22.838081        0.786052359311E-07
  784         3        18.364624        0.000000000000E+00
  784         4       151.119433        0.726840395905E-05
  784         5       128.464404        0.000000000000E+00
  784         6        32.177274        0.194056978017E-03
  785         1       129.942738        0.780232579358E-07
  785         2        22.465043        0.833958664124E-07
  785         3        18.065239        0.000000000000E+00
  785         4       150.743088        0.798759658460E-05
  785         5       128.491511        0.000000000000E+00
  785         6        31.677338        0.201961400084E-03
  786         1       129.949380        0.781118272496E-07
  786         2        22.091845        0.885529910020E-07
  786         3        17.765707        0.000000000000E+00
  786         4       150.357706        0.877487485152E-05
  786         5       128.518422        0.000000000000E+00
  786         6        31.176148        0.210228684827E-03
  787         1       129.954772        0.782200900143E-07
  787         2        21.718494        0.943086121234E-07
  787         3        17.466034        0.000000000000E+00
  787         4       149.963591        0.963517350433E-05
  787         5       128.545131        0.000000000000E+00
  787         6        30.673718        0.218883896605E-03
  788         1       129.958940        0.783680975919E-07
  788         2        21.344999        0.100478981570E-06
  788         3        17.166227        0.000000000000E+00
  788         4       149.561065        0.105744588186E-04
  788         5       128.571634        0.000000000000E+00
  788         6        30.170060        0.227950104311E-03
  789         1       129.961911        0.785282161446E-07
  789         2        20.971369        0.107343190529E-06
  789         3        16.866292        0.000000000000E+00
  789         4       149.150469        0.115985803880E-04
  789         5       128.597926        0.000000000000E+00
  789         6        29.665187        0.237456968520E-03
  790         1       129.963714        0.787181028787E-07
  790         2        20.597610        0.114758092697E-06
  790         3        16.566236        0.000000000000E+00
  790         4       148.732163        0.127148908887E-04
  790         5       128.624000        0.000000000000E+00
  790         6        29.159112        0.247435633344E-03
  791         1       129.964381        0.789182721014E-07
  791         2        20.223731        0.122909148138E-06
  791         3        16.266066        0.000000000000E+00
  791         4       148.306522        0.139298290907E-04
  791         5       128.649852        0.000000000000E+00
  791         6        28.651850        0.257914003393E-03
  792         1       129.963944        0.791503326556E-07
  792         2        19.849739        0.131602018574E-06
  792         3        15.965788        0.000000000000E+00
  792         4       147.873941        0.152520704161E-04
  792         5       128.675473        0.000000000000E+00
  792         6        28.143414        0.268928320277E-03
  793         1       129.962436        0.793805571525E-07
  793         2        19.475641        0.141238195408E-06
  793         3        15.665408        0.000000000000E+00
  793         4       147.434831        0.166900013439E-04
  793         5       128.700858        0.000000000000E+00
  793         6        27.633818        0.280520806301E-03
  794         1       129.959894        0.796397460905E-07
  794         2        19.101446        0.151499547154E-06
  794         3        15.364932        0.000000000000E+00
  794         4       146.989622        0.182537125369E-04
  794         5       128.725999        0.000000000000E+00
  794         6        27.123078        0.292730721335E-03
  795         1       129.956353        0.798907156807E-07
  795         2        18.727160        0.162866919518E-06
  795         3        15.064365        0.000000000000E+00
  795         4       146.538759        0.199533540803E-04
  795         5       128.750888        0.000000000000E+00
  795         6        26.611209        0.305608897029E-03
  796         1       129.951852        0.801683913167E-07
  796         2        18.352791        0.174960772254E-06
  796         3        14.763714        0.000000000000E+00
  796         4       146.082705        0.218011061030E-04
  796         5       128.775518        0.000000000000E+00
  796         6        26.098226        0.319202929259E-03
  797         1       129.946430        0.804318232285E-07
  797         2        17.978346        0.188357260092E-06
  797         3        14.462984        0.000000000000E+00
  797         4       145.621938        0.238093491136E-04
  797         5       128.799879        0.000000000000E+00
  797         6        25.584144        0.333574438286E-03
  798         1       129.940127        0.807203744172E-07
  798         2        17.603830        0.202604278365E-06
  798         3        14.162179        0.000000000000E+00
  798         4       145.156953        0.259928980558E-04
  798         5       128.823964        0.000000000000E+00
  798         6        25.068979        0.348781608425E-03
  799         1       129.932984        0.809889867700E-07
  799         2        17.229252        0.218393111717E-06
  799         3        13.861307        0.000000000000E+00
  799         4       144.688260        0.283669802807E-04
  799         5       128.847764        0.000000000000E+00
  799         6        24.552749        0.364899703077E-03
  800         1       129.925044        0.812818057622E-07
  800         2        16.854618        0.235185642702E-06
  800         3        13.560370        0.000000000000E+00
  800         4       144.216384        0.309497677801E-04
  800         5       128.871268        0.000000000000E+00
  800         6        24.035469        0.382000496273E-03
  801         1       129.916351        0.815492851360E-07
  801         2        16.479933        0.253813160607E-06
  801         3        13.259374        0.000000000000E+00
  801         4       143.741865        0.337601583183E-04
  801         5       128.894469        0.000000000000E+00
  801         6        23.517156        0.400176678748E-03
  802         1       129.906947        0.818407347462E-07
  802         2        16.105204        0.273635239547E-06
  802         3        12.958324        0.000000000000E+00
  802         4       143.265256        0.368206493433E-04
  802         5       128.917356        0.000000000000E+00
  802         6        22.997829        0.419517647381E-03
  803         1       129.896879        0.821016972175E-07
  803         2        15.730437        0.295654673064E-06
  803         3        12.657225        0.000000000000E+00
  803         4       142.787124        0.401549234554E-04
  803         5       128.939919        0.000000000000E+00
  803         6        22.477504        0.440138607408E-03
  804         1       129.886192        0.823870729799E-07
  804         2        15.355637        0.319108933828E-06
  804         3        12.356079        0.000000000000E+00
  804         4       142.308047        0.437911198156E-04
  804         5       128.962148        0.000000000000E+00
  804         6        21.956200        0.462152081618E-03
  805         1       129.874931        0.826370190813E-07
  805         2        14.980811        0.345212698116E-06
  805         3        12.054892        0.000000000000E+00
  805         4       141.828618        0.477592346028E-04
  805         5       128.984033        0.000000000000E+00
  805         6        21.433935        0.485702717360E-03
  806         1       129.863144        0.829125060765E-07
  806         2        14.605963        0.373057135110E-06
  806         3        11.753668        0.000000000000E+00
  806         4       141.349440        0.520948640845E-04
  806         5       129.005564        0.000000000000E+00
  806         6        20.910727        0.510933749638E-03
  807         1       129.850878        0.831477700921E-07
  807         2        14.231098        0.404121235632E-06
  807         3        11.452410        0.000000000000E+00
  807         4       140.871124        0.568364470435E-04
  807         5       129.026729        0.000000000000E+00
  807         6        20.386595        0.538028867300E-03
  808         1       129.838179        0.834103954068E-07
  808         2        13.856222        0.437320271714E-06
  808         3        11.151122        0.000000000000E+00
  808         4       140.394293        0.620295814918E-04
  808         5       129.047518        0.000000000000E+00
  808         6        19.861559        0.567172670134E-03
  809         1       129.825096        0.836666616967E-07
  809         2        13.481339        0.473601050350E-06
  809         3        10.849806        0.000000000000E+00
  809         4       139.919579        0.677246967972E-04
  809         5       129.067921        0.000000000000E+00
  809         6        19.335638        0.598594040420E-03
  810         1       129.811676        0.838756703365E-07
  810         2        13.106454        0.514262965336E-06
  810         3        10.548467        0.000000000000E+00
  810         4       139.447619        0.739794209752E-04
  810         5       129.087926        0.000000000000E+00
  810         6        18.808853        0.632556135721E-03
  811         1       129.797968        0.841161837077E-07
  811         2        12.731570        0.557887029043E-06
  811         3        10.247108        0.000000000000E+00
  811         4       138.979061        0.808616463408E-04
  811         5       129.107523        0.000000000000E+00
  811         6        18.281222        0.669336164439E-03
  812         1       129.784019        0.843047104660E-07
  812         2        12.356692        0.606966251102E-06
  812         3         9.945731        0.000000000000E+00
  812         4       138.514553        0.884472035883E-04
  812         5       129.126700        0.000000000000E+00
  812         6        17.752767        0.709287964690E-03
  813         1       129.769876        0.845283888865E-07
  813         2        11.981823        0.659799016775E-06
  813         3         9.644339        0.000000000000E+00
  813         4       138.054752        0.968264224906E-04
  813         5       129.145448        0.000000000000E+00
  813         6        17.223509        0.752782237486E-03
  814         1       129.755587        0.846952204225E-07
  814         2        11.606967        0.719508459693E-06
  814         3         9.342934        0.000000000000E+00
  814         4       137.600317        0.106101639475E-03
  814         5       129.163754        0.000000000000E+00
  814         6        16.693467        0.800291827103E-03
  815         1       129.741199        0.849016359446E-07
  815         2        11.232128        0.784050429856E-06
  815         3         9.041519        0.000000000000E+00
  815         4       137.151908        0.116395274349E-03
  815         5       129.181607        0.000000000000E+00
  815         6        16.162665        0.852321444422E-03
  816         1       129.726760        0.850460967117E-07
  816         2        10.857307        0.857385176664E-06
  816         3         8.740096        0.000000000000E+00
  816         4       136.710187        0.127848087346E-03
  816         5       129.198998        0.000000000000E+00
  816         6        15.631123        0.909515057238E-03
  817         1       129.712314        0.852354180984E-07
  817         2        10.482508        0.937054204683E-06
  817         3         8.438668        0.000000000000E+00
  817         4       136.275815        0.140629480570E-03
  817         5       129.215916        0.000000000000E+00
  817         6        15.098863        0.972573809658E-03
  818         1       129.697909        0.853572881400E-07
  818         2        10.107733        0.102815299643E-05
  818         3         8.137235        0.000000000000E+00
  818         4       135.849450        0.154937297179E-03
  818         5       129.232349        0.000000000000E+00
  818         6        14.565907        0.104239396301E-02
  819         1       129.683588        0.855302256761E-07
  819         2         9.732984        0.112772586212E-05
  819         3         7.835799        0.000000000000E+00
  819         4       135.431748        0.171011573749E-03
  819         5       129.248288        0.000000000000E+00
  819         6        14.032278        0.111997213093E-02
  820         1       129.669396        0.856296511913E-07
  820         2         9.358264        0.124244544976E-05
  820         3         7.534363        0.000000000000E+00
  820         4       135.023360        0.189137364404E-03
  820         5       129.263722        0.000000000000E+00
  820         6        13.497998        0.120658719506E-02
  821         1       129.655377        0.857874064422E-07
  821         2         8.983574        0.136877051069E-05
  821         3         7.232928        0.000000000000E+00
  821         4       134.624931        0.209664171783E-03
  821         5       129.278641        0.000000000000E+00
  821         6        12.963091        0.130369377498E-02
  822         1       129.641572        0.858648021070E-07
  822         2         8.608915        0.151562882810E-05
  822         3         6.931494        0.000000000000E+00
  822         4       134.237096        0.233014663653E-03
  822         5       129.293035        0.000000000000E+00
  822         6        12.427578        0.141317006179E-02
  823         1       129.628024        0.860090272842E-07
  823         2         8.234289        0.167881872045E-05
  823         3         6.630063        0.000000000000E+00
  823         4       133.860484        0.259714048080E-03
  823         5       129.306894        0.000000000000E+00
  823         6        11.891485        0.153720575105E-02
  824         1       129.614772        0.860649657521E-07
  824         2         7.859696        0.187060527434E-05
  824         3         6.328635        0.000000000000E+00
  824         4       133.495711        0.290410475915E-03
  824         5       129.320209        0.000000000000E+00
  824         6        11.354833        0.167865410390E-02
  825         1       129.601857        0.861977404920E-07
  825         2         7.485136        0.208611816124E-05
  825         3         6.027212        0.000000000000E+00
  825         4       133.143379        0.325923024769E-03
  825         5       129.332971        0.000000000000E+00
  825         6        10.817647        0.184093356536E-02
  826         1       129.589315        0.862328248066E-07
  826         2         7.110612        0.234277209155E-05
  826         3         5.725795        0.000000000000E+00
  826         4       132.804079        0.367286134509E-03
  826         5       129.345171        0.000000000000E+00
  826         6        10.279952        0.202855673627E-02
  827         1       129.577183        0.863103436191E-07
  827         2         6.736122        0.263955737015E-05
  827         3         5.424383        0.000000000000E+00
  827         4       132.478383        0.415858387705E-03
  827         5       129.356801        0.000000000000E+00
  827         6         9.741771        0.224719355518E-02
  828         1       129.565497        0.863221659109E-07
  828         2         6.361666        0.299443238690E-05
  828         3         5.122978        0.000000000000E+00
  828         4       132.166849        0.473330350939E-03
  828         5       129.367851        0.000000000000E+00
  828         6         9.203128        0.250416293705E-02
  829         1       129.554289        0.864360014528E-07
  829         2         5.987244        0.340608713355E-05
  829         3         4.821579        0.000000000000E+00
  829         4       131.870012        0.542018973847E-03
  829         5       129.378314        0.000000000000E+00
  829         6         8.664049        0.280913474601E-02
  830         1       129.543593        0.864269929470E-07
  830         2         5.612855        0.391489873089E-05
  830         3         4.520187        0.000000000000E+00
  830         4       131.588390        0.625004516125E-03
  830         5       129.388183        0.000000000000E+00
  830         6         8.124557        0.317532056073E-02
  831         1       129.533439        0.865372501632E-07
  831         2         5.238499        0.451875142135E-05
  831         3         4.218802        0.000000000000E+00
  831         4       131.322476        0.726513130604E-03
  831         5       129.397450        0.000000000000E+00
  831         6         7.584678        0.362034380865E-02
  832         1       129.523856        0.865067279115E-07
  832         2         4.864175        0.528541005275E-05
  832         3         3.917424        0.615448455076E-25
  832         4       131.072741        0.852447865176E-03
  832         5       129.406109        0.000000000000E+00
  832         6         7.044437        0.416932911207E-02
  833         1       129.514870        0.866172831624E-07
  833         2         4.489880        0.622327698816E-05
  833         3         3.616053        0.000000000000E+00
  833         4       130.839629        0.101127955450E-02
  833         5       129.414153        0.000000000000E+00
  833         6         6.503860        0.485755686416E-02
  834         1       129.506508        0.865633803940E-07
  834         2         4.115614        0.745761028989E-05
  834         3         3.314688        0.000000000000E+00
  834         4       130.623561        0.121548699004E-02
  834         5       129.421576        0.000000000000E+00
  834         6         5.962971        0.573776705965E-02
  835         1       129.498792        0.866791408381E-07
  835         2         3.741375        0.903210116767E-05
  835         3         3.013329        0.000000000000E+00
  835         4       130.424926        0.148409920850E-02
  835         5       129.428372        0.000000000000E+00
  835         6         5.421795        0.688909994365E-02
  836         1       129.491745        0.865979929399E-07
  836         2         3.367162        0.112119029354E-04
  836         3         2.711977        0.000000000000E+00
  836         4       130.244085        0.184726489524E-02
  836         5       129.434537        0.000000000000E+00
  836         6         4.880360        0.843819717326E-02
  837         1       129.485386        0.867255980418E-07
  837         2         2.992971        0.141674267001E-04
  837         3         2.410630        0.000000000000E+00
  837         4       130.081369        0.235511159287E-02
  837         5       129.440066        0.000000000000E+00
  837         6         4.338690        0.105932726944E-01
  838         1       129.479733        0.866102505167E-07
  838         2         2.618801        0.185842947452E-04
  838         3         2.109288        0.000000000000E+00
  838         4       129.937078        0.309597592341E-02
  838         5       129.444954        0.000000000000E+00
  838         6         3.796810        0.137236664664E-01
  839         1       129.474801        0.867590663697E-07
  839         2         2.244649        0.251828228600E-04
  839         3         1.807950        0.000000000000E+00
  839         4       129.811478        0.423759835055E-02
  839         5       129.449198        0.000000000000E+00
  839         6         3.254748        0.185260525704E-01
  840         1       129.470605        0.866023577932E-07
  840         2         1.870514        0.364016442768E-04
  840         3         1.506616        0.200611703387E-23
  840         4       129.704802        0.613107317083E-02
  840         5       129.452795        0.000000000000E+00
  840         6         2.712529        0.264661250265E-01
  841         1       129.467155        0.867815107082E-07
  841         2         1.496391        0.564235561615E-04
  841         3         1.205285        0.000000000000E+00
  841         4       129.617249        0.961695131579E-02
  841         5       129.455741        0.000000000000E+00
  841         6         2.170178        0.410500460379E-01
  842         1       129.464463        0.866877992209E-07
  842         2         1.122279        0.100845689106E-03
  842         3         0.903955        0.187169438059E-22
  842         4       129.548981        0.171483296860E-01
  842         5       129.458035        0.000000000000E+00
  842         6         1.627722        0.726087450221E-01
  843         1       129.462534        0.867943828218E-07
  843         2         0.748172        0.223835432966E-03
  843         3         0.602624        0.125339866570E-21
  843         4       129.500126        0.386667822161E-01
  843         5       129.459675        0.385285644915E-25
  843         6         1.085185        0.163813378971E+00
  844         1       129.461375        0.104642823080E-06
  844         2         0.374060        0.914536734319E-03
  844         3         0.301281        0.488562570444E-21
  844         4       129.470777        0.154866678253E+00
  844         5       129.460660        0.154160482080E-24
  844         6         0.542589        0.692956888571E+00
  845         1       129.460988        0.000000000000E+00
  845         2        -0.004978        0.000000000000E+00
  845         3        -0.004978        0.000000000000E+00
  845         4       129.460988        0.000000000000E+00
  845         5       129.460988        0.000000000000E+00
  845         6        -0.004978        0.000000000000E+00
  846         1       129.460898        0.659730701261E-24
  846         2         0.327458        0.338542832311E-21
  846         3         0.327458        0.952780267374E-21
  846         4       129.471022        0.154654876821E+00
  846         5       129.460898        0.102636120078E-24
  846         6         0.557679        0.100000000000E+01
  847         1       129.460627        0.605107329946E-25
  847         2         0.654964        0.111269343686E-23
  847         3         0.654964        0.315302334145E-22
  847         4       129.501108        0.386131910744E-01
  847         5       129.460627        0.324297123487E-25
  847         6         1.115376        0.242087266361E+00
  848         1       129.460175        0.327054726363E-26
  848         2         0.982443        0.248990815528E-24
  848         3         0.982443        0.996961829577E-24
  848         4       129.551191        0.171033485960E-01
  848         5       129.460175        0.739314154953E-34
  848         6         1.673035        0.107763402705E+00
  849         1       129.459539        0.184018350989E-26
  849         2         1.309896        0.918633508649E-25
  849         3         1.309896        0.275360957838E-23
  849         4       129.621181        0.957679803846E-02
  849         5       129.459539        0.184048939830E-26
  849         6         2.230648        0.610104341198E-01
  850         1       129.458715        0.205409962934E-34
  850         2         1.637318        0.150814045865E-23
  850         3         1.637318        0.721141496107E-32
  850         4       129.710954        0.609514261168E-02
  850         5       129.458715        0.523230392130E-35
  850         6         2.788201        0.393501012959E-01
  851         1       129.457700        0.615111249797E-27
  851         2         1.964700        0.151351935566E-31
  851         3         1.964700        0.732510260693E-24
  851         4       129.820350        0.420274471563E-02
  851         5       129.457700        0.123537538824E-26
  851         6         3.345678        0.275405543899E-01
  852         1       129.456488        0.602058702158E-27
  852         2         2.292037        0.844530695182E-33
  852         3         2.292037        0.108343423402E-32
  852         4       129.949174        0.306250935388E-02
  852         5       129.456488        0.208298612423E-26
  852         6         3.903066        0.203920026668E-01
  853         1       129.455073        0.000000000000E+00
  853         2         2.619320        0.113574354766E-25
  853         3         2.619320        0.176107320521E-24
  853         4       130.097199        0.232215282433E-02
  853         5       129.455073        0.559797367160E-35
  853         6         4.460349        0.157291697756E-01
  854         1       129.453449        0.208484221113E-35
  854         2         2.946541        0.145742499750E-32
  854         3         2.946541        0.835360308274E-26
  854         4       130.264163        0.181478356664E-02
  854         5       129.453449        0.364796210181E-27
  854         6         5.017514        0.125168495319E-01
  855         1       129.451608        0.535972409211E-35
  855         2         3.273692        0.977057369626E-25
  855         3         3.273692        0.729229752159E-25
  855         4       130.449773        0.145224451823E-02
  855         5       129.451608        0.295788464780E-27
  855         6         5.574544        0.102082231615E-01
  856         1       129.449542        0.489381729240E-27
  856         2         3.600766        0.466915395055E-33
  856         3         3.600766        0.151270741949E-34
  856         4       130.653706        0.118401720217E-02
  856         5       129.449542        0.359267208520E-36
  856         6         6.131427        0.849071382567E-02
  857         1       129.447241        0.000000000000E+00
  857         2         3.927753        0.478137898274E-25
  857         3         3.927753        0.355080743484E-25
  857         4       130.875608        0.980195895706E-03
  857         5       129.447241        0.152999916449E-27
  857         6         6.688146        0.717761342846E-02
  858         1       129.444696        0.113226227596E-36
  858         2         4.254646        0.349814717809E-25
  858         3         4.254646        0.259234550974E-25
  858         4       131.115096        0.821837816959E-03
  858         5       129.444696        0.175644140191E-27
  858         6         7.244688        0.615062890916E-02
  859         1       129.441895        0.151676110040E-27
  859         2         4.581436        0.557865430701E-34
  859         3         4.581436        0.262025980630E-25
  859         4       131.371759        0.696285021124E-03
  859         5       129.441895        0.151697564807E-27
  859         6         7.801038        0.533110941963E-02
  860         1       129.438828        0.132313226104E-27
  860         2         4.908114        0.200478408207E-25
  860         3         4.908114        0.165001151163E-33
  860         4       131.645162        0.595224013162E-03
  860         5       129.438828        0.569354497312E-36
  860         6         8.357183        0.466661085984E-02
  861         1       129.435482        0.298786702069E-35
  861         2         5.234671        0.249770501085E-33
  861         3         5.234671        0.897682851782E-34
  861         4       131.934844        0.512636644413E-03
  861         5       129.435482        0.395130745504E-35
  861         6         8.913107        0.411962200816E-02
  862         1       129.431845        0.103398499239E-27
  862         2         5.561099        0.903801698947E-26
  862         3         5.561099        0.904013269694E-26
  862         4       132.240319        0.444362899444E-03
  862         5       129.431845        0.241144081895E-36
  862         6         9.468797        0.366381659189E-02
  863         1       129.427903        0.177476063979E-35
  863         2         5.887387        0.990457388374E-26
  863         3         5.887387        0.722310388707E-26
  863         4       132.561082        0.387347101454E-03
  863         5       129.427903        0.923500222176E-28
  863         6        10.024239        0.327986629824E-02
  864         1       129.423643        0.155834546471E-28
  864         2         6.213528        0.160881310258E-25
  864         3         6.213528        0.798915933587E-26
  864         4       132.896605        0.339233162271E-03
  864         5       129.423643        0.603520073861E-28
  864         6        10.579419        0.295301201615E-02
  865         1       129.419052        0.187147714417E-27
  865         2         6.539510        0.660577346333E-26
  865         3         6.539510        0.132141762368E-25
  865         4       133.246343        0.298318833702E-03
  865         5       129.419052        0.323780120363E-36
  865         6        11.134324        0.267239529645E-02
  866         1       129.414114        0.251947233510E-36
  866         2         6.865324        0.394972769839E-26
  866         3         6.865324        0.548208542320E-26
  866         4       133.609733        0.263287804921E-03
  866         5       129.414114        0.351118061719E-37
  866         6        11.688939        0.242962876938E-02
  867         1       129.408814        0.447371509569E-28
  867         2         7.190961        0.596329651966E-34
  867         3         7.190961        0.329295337061E-26
  867         4       133.986196        0.233065730448E-03
  867         5       129.408814        0.623495134869E-28
  867         6        12.243251        0.221794682269E-02
  868         1       129.403137        0.571808871986E-28
  868         2         7.516409        0.387641293870E-26
  868         3         7.516409        0.845962275125E-35
  868         4       134.375139        0.206867661690E-03
  868         5       129.403137        0.100980894836E-36
  868         6        12.797248        0.203228642817E-02
  869         1       129.397068        0.262887629491E-36
  869         2         7.841659        0.329814121536E-26
  869         3         7.841659        0.199020035079E-34
  869         4       134.775957        0.184015593154E-03
  869         5       129.397068        0.374135168163E-28
  869         6        13.350915        0.186836189584E-02
  870         1       129.390591        0.151249435188E-27
  870         2         8.166699        0.282629410518E-26
  870         3         8.166699        0.565259641310E-26
  870         4       135.188032        0.164000142298E-03
  870         5       129.390591        0.486444559887E-28
  870         6        13.904240        0.172288843230E-02
  871         1       129.383691        0.901914295280E-28
  871         2         8.491520        0.171408009063E-26
  871         3         8.491520        0.243762533067E-26
  871         4       135.610738        0.146404010996E-03
  871         5       129.383691        0.238303558894E-37
  871         6        14.457210        0.159318143685E-02
  872         1       129.376351        0.419292457772E-28
  872         2         8.816110        0.211536125634E-26
  872         3         8.816110        0.389303440029E-34
  872         4       136.043441        0.130861336493E-03
  872         5       129.376351        0.356091360101E-36
  872         6        15.009813        0.147691445006E-02
  873         1       129.368555        0.390982692449E-28
  873         2         9.140457        0.125310957866E-26
  873         3         9.140457        0.128393822002E-26
  873         4       136.485500        0.117093859526E-03
  873         5       129.368555        0.122555248229E-36
  873         6        15.562035        0.137228549955E-02
  874         1       129.360288        0.365583643398E-28
  874         2         9.464551        0.585777911486E-36
  874         3         9.464551        0.120250863362E-34
  874         4       136.936270        0.104867900868E-03
  874         5       129.360288        0.209131041319E-36
  874         6        16.113864        0.127778622754E-02
  875         1       129.351533        0.663599635844E-37
  875         2         9.788380        0.793378493274E-35
  875         3         9.788380        0.142702012818E-26
  875         4       137.395099        0.939715529681E-04
  875         5       129.351533        0.729597397693E-37
  875         6        16.665288        0.119206021175E-02
  876         1       129.342275        0.321917889686E-28
  876         2        10.111931        0.126349363763E-26
  876         3        10.111931        0.126331028138E-26
  876         4       137.861335        0.842423705983E-04
  876         5       129.342275        0.643829004142E-28
  876         6        17.216296        0.111405362857E-02
  877         1       129.332498        0.000000000000E+00
  877         2        10.435193        0.812742250538E-35
  877         3        10.435193        0.672608692972E-35
  877         4       138.334327        0.755411596980E-04
  877         5       129.332498        0.515921490478E-37
  877         6        17.766874        0.104286713930E-02
  878         1       129.322187        0.192787411455E-28
  878         2        10.758154        0.521739266396E-35
  878         3        10.758154        0.100294345173E-26
  878         4       138.813419        0.677380616227E-04
  878         5       129.322187        0.159300653263E-36
  878         6        18.317012        0.977663366492E-03
  879         1       129.311327        0.540691351881E-28
  879         2        11.080801        0.687501270736E-35
  879         3        11.080801        0.601810281020E-27
  879         4       139.297962        0.607359401850E-04
  879         5       129.311327        0.270345675533E-28
  879         6        18.866698        0.917813872774E-03
  880         1       129.299903        0.170238096226E-28
  880         2        11.403122        0.537423115732E-27
  880         3        11.403122        0.148034226921E-34
  880         4       139.787305        0.544386349930E-04
  880         5       129.299903        0.170168543494E-28
  880         6        19.415921        0.862695153951E-03
  881         1       129.287901        0.160283934755E-28
  881         2        11.725104        0.422174321769E-27
  881         3        11.725104        0.729565682255E-27
  881         4       140.280804        0.487717645922E-04
  881         5       129.287901        0.326616372369E-37
  881         6        19.964668        0.811826408659E-03
  882         1       129.275307        0.151179699342E-28
  882         2        12.046734        0.733985858266E-35
  882         3        12.046734        0.000000000000E+00
  882         4       140.777818        0.436698922596E-04
  882         5       129.275307        0.151187401213E-28
  882         6        20.512930        0.764786894478E-03
  883         1       129.262107        0.439213130119E-28
  883         2        12.368000        0.105345379521E-34
  883         3        12.368000        0.243833458596E-35
  883         4       141.277713        0.390697002446E-04
  883         5       129.262107        0.143790187148E-36
  883         6        21.060695        0.721162252684E-03
  884         1       129.248290        0.783015018957E-29
  884         2        12.688887        0.546096418841E-27
  884         3        12.688887        0.250271797406E-35
  884         4       141.779862        0.349219531905E-04
  884         5       129.248290        0.134994619019E-28
  884         6        21.607954        0.680636280058E-03
  885         1       129.233843        0.199800999375E-28
  885         2        13.009383        0.720292742845E-35
  885         3        13.009383        0.997300853945E-27
  885         4       142.283643        0.311827863404E-04
  885         5       129.233843        0.199852872275E-28
  885         6        22.154694        0.642928940879E-03
  886         1       129.218753        0.121157980178E-28
  886         2        13.329474        0.126238051611E-36
  886         3        13.329474        0.456371506853E-27
  886         4       142.788447        0.278090875396E-04
  886         5       129.218753        0.381820673609E-28
  886         6        22.700906        0.607755017683E-03
  887         1       129.203011        0.114944602054E-28
  887         2        13.649147        0.105089682574E-26
  887         3        13.649147        0.843368880931E-37
  887         4       143.293671        0.247682890780E-04
  887         5       129.203011        0.182708857732E-28
  887         6        23.246581        0.574911346934E-03
  888         1       129.186607        0.175088924940E-28
  888         2        13.968388        0.240341627219E-27
  888         3        13.968388        0.240296159485E-27
  888         4       143.798724        0.220264891316E-04
  888         5       129.186607        0.350212792286E-28
  888         6        23.791707        0.544171811861E-03
  889         1       129.169531        0.453963469509E-29
  889         2        14.287184        0.000000000000E+00
  889         3        14.287184        0.224868927975E-36
  889         4       144.303024        0.195570142481E-04
  889         5       129.169531        0.190943228815E-37
  889         6        24.336275        0.515368234559E-03
  890         1       129.151774        0.385093764474E-28
  890         2        14.605520        0.141258775435E-35
  890         3        14.605520        0.283485280643E-35
  890         4       144.806004        0.173356912045E-04
  890         5       129.151774        0.555358087830E-37
  890         6        24.880275        0.488349143256E-03
  891         1       129.133329        0.000000000000E+00
  891         2        14.923382        0.250321404358E-36
  891         3        14.923382        0.303863971546E-27
  891         4       145.307106        0.153383916871E-04
  891         5       129.133329        0.310162597171E-28
  891         6        25.423699        0.462951303745E-03
  892         1       129.114190        0.149222875225E-28
  892         2        15.240758        0.281885529427E-27
  892         3        15.240758        0.161272229955E-35
  892         4       145.805785        0.135459416677E-04
  892         5       129.114190        0.149236063639E-28
  892         6        25.966537        0.439055664395E-03
  893         1       129.094350        0.855929897135E-29
  893         2        15.557631        0.262101942351E-27
  893         3        15.557631        0.262073110503E-27
  893         4       146.301512        0.119408198334E-04
  893         5       129.094350        0.143781091976E-28
  893         6        26.508779        0.416554057757E-03
  894         1       129.073804        0.817215871327E-29
  894         2        15.873989        0.885658852770E-36
  894         3        15.873989        0.200533165719E-36
  894         4       146.793768        0.105054865256E-04
  894         5       129.073804        0.444941983581E-36
  894         6        27.050417        0.395325832390E-03
  895         1       129.052550        0.147472807418E-36
  895         2        16.189818        0.132798684767E-27
  895         3        16.189818        0.207466449691E-35
  895         4       147.282052        0.922626991190E-05
  895         5       129.052550        0.116608509699E-37
  895         6        27.591442        0.375291888698E-03
  896         1       129.030583        0.258480772550E-28
  896         2        16.505102        0.122809974372E-27
  896         3        16.505102        0.750663798495E-36
  896         4       147.765875        0.808884500346E-05
  896         5       129.030583        0.283143482203E-37
  896         6        28.131845        0.356352435077E-03
  897         1       129.007903        0.714106655158E-29
  897         2        16.819828        0.199066794734E-27
  897         3        16.819828        0.199026373372E-27
  897         4       148.244763        0.708156510807E-05
  897         5       129.007903        0.124964839061E-28
  897         6        28.671618        0.338437375207E-03
  898         1       128.984508        0.120929708024E-28
  898         2        17.133982        0.186575732567E-27
  898         3        17.133982        0.383098896840E-27
  898         4       148.718260        0.619366867459E-05
  898         5       128.984508        0.120925687709E-28
  898         6        29.210753        0.321482208144E-03
  899         1       128.960399        0.655012885322E-29
  899         2        17.447549        0.645691352140E-35
  899         3        17.447549        0.175179783411E-27
  899         4       149.185922        0.541444294575E-05
  899         5       128.960399        0.107922554103E-36
  899         6        29.749241        0.305410677719E-03
  900         1       128.935577        0.187429294445E-37
  900         2        17.760516        0.324285007088E-27
  900         3        17.760516        0.910665653295E-28
  900         4       149.647323        0.473502188206E-05
  900         5       128.935577        0.141867371564E-29
  900         6        30.287075        0.290170536324E-03
  901         1       128.910045        0.220126451329E-28
  901         2        18.072867        0.453527877760E-35
  901         3        18.072867        0.298774848073E-27
  901         4       150.102053        0.414717037606E-05
  901         5       128.910045        0.110087277025E-28
  901         6        30.824246        0.275713366181E-03
  902         1       128.883806        0.577661244760E-29
  902         2        18.384589        0.790124432280E-28
  902         3        18.384589        0.295193911089E-38
  902         4       150.549718        0.364276691944E-05
  902         5       128.883806        0.155534176024E-28
  902         6        31.360747        0.261979897635E-03
  903         1       128.856865        0.103761271571E-28
  903         2        18.695667        0.737290647207E-28
  903         3        18.695667        0.137953771231E-27
  903         4       150.989940        0.321508013349E-05
  903         5       128.856865        0.554592043089E-29
  903         6        31.896570        0.248935094234E-03
  904         1       128.829228        0.532339060391E-29
  904         2        19.006087        0.652950590773E-37
  904         3        19.006087        0.192924233594E-36
  904         4       151.422358        0.285731308758E-05
  904         5       128.829228        0.201706352158E-28
  904         6        32.431708        0.236528418940E-03
  905         1       128.800901        0.303890966455E-36
  905         2        19.315835        0.646015567763E-36
  905         3        19.315835        0.123410598189E-27
  905         4       151.846627        0.256363211850E-05
  905         5       128.800901        0.474829635086E-38
  905         6        32.966154        0.224726712684E-03
  906         1       128.771893        0.000000000000E+00
  906         2        19.624897        0.000000000000E+00
  906         3        19.624897        0.116934503307E-27
  906         4       152.262420        0.232858309963E-05
  906         5       128.771893        0.340709478951E-38
  906         6        33.499899        0.213498903959E-03
  907         1       128.742213        0.271874530385E-28
  907         2        19.933259        0.562454162142E-36
  907         3        19.933259        0.110916507573E-27
  907         4       152.669427        0.214691794705E-05
  907         5       128.742213        0.271930396383E-28
  907         6        34.032938        0.202804734135E-03
  908         1       128.711871        0.905518038004E-29
  908         2        20.240907        0.105324645304E-27
  908         3        20.240907        0.529072694630E-28
  908         4       153.067352        0.201401582878E-05
  908         5       128.711871        0.905527532216E-29
  908         6        34.565262        0.192618460849E-03
  909         1       128.680879        0.882835761276E-29
  909         2        20.547826        0.200240610022E-27
  909         3        20.547826        0.761561936364E-38
  909         4       153.455919        0.192554480366E-05
  909         5       128.680879        0.437774117062E-29
  909         6        35.096866        0.182915814775E-03
  910         1       128.649248        0.248580863688E-28
  910         2        20.854003        0.232439855772E-36
  910         3        20.854003        0.000000000000E+00
  910         4       153.834868        0.187741707497E-05
  910         5       128.649248        0.861124348012E-29
  910         6        35.627741        0.173664305379E-03
  911         1       128.616992        0.000000000000E+00
  911         2        21.159424        0.438360064688E-28
  911         3        21.159424        0.000000000000E+00
  911         4       154.203955        0.186593180357E-05
  911         5       128.616992        0.405926043398E-29
  911         6        36.157882        0.164843670473E-03
  912         1       128.584125        0.390937252064E-29
  912         2        21.464076        0.334121631108E-27
  912         3        21.464076        0.865590026696E-28
  912         4       154.562953        0.188761317915E-05
  912         5       128.584125        0.203935231730E-36
  912         6        36.687282        0.156434684693E-03
  913         1       128.550664        0.484037978669E-37
  913         2        21.767943        0.486585282880E-39
  913         3        21.767943        0.388292420247E-28
  913         4       154.911652        0.193925386929E-05
  913         5       128.550664        0.295145108944E-41
  913         6        37.215934        0.148410821199E-03
  914         1       128.516624        0.112082766622E-40
  914         2        22.071014        0.789218816714E-28
  914         3        22.071014        0.819939565511E-37
  914         4       155.249859        0.201783830893E-05
  914         5       128.516624        0.783787121088E-29
  914         6        37.743832        0.140758533911E-03
  915         1       128.482022        0.436663897660E-37
  915         2        22.373274        0.754730076198E-28
  915         3        22.373274        0.116858441744E-27
  915         4       155.577396        0.212062879624E-05
  915         5       128.482022        0.108310930579E-36
  915         6        38.270969        0.133454509275E-03
  916         1       128.446877        0.414889359737E-37
  916         2        22.674710        0.325341306929E-28
  916         3        22.674710        0.325322746502E-28
  916         4       155.894103        0.224501989803E-05
  916         5       128.446877        0.293176376405E-28
  916         6        38.797339        0.126484727697E-03
  917         1       128.411208        0.269936428841E-38
  917         2        22.975309        0.706209000335E-36
  917         3        22.975309        0.307042868330E-28
  917         4       156.199836        0.238856212401E-05
  917         5       128.411208        0.734143683941E-29
  917         6        39.322935        0.119835749708E-03
  918         1       128.375035        0.719006647171E-29
  918         2        23.275057        0.132709130573E-27
  918         3        23.275057        0.000000000000E+00
  918         4       156.494466        0.254908769819E-05
  918         5       128.375035        0.558733258492E-37
  918         6        39.847750        0.113488202241E-03
  919         1       128.338378        0.268807913802E-36
  919         2        23.573941        0.506532388333E-38
  919         3        23.573941        0.127330790486E-27
  919         4       156.777880        0.272446904996E-05
  919         5       128.338378        0.303540896398E-29
  919         6        40.371780        0.107430638439E-03
  920         1       128.301259        0.315214957645E-38
  920         2        23.871948        0.118383136649E-36
  920         3        23.871948        0.303060829820E-36
  920         4       157.049983        0.291270736957E-05
  920         5       128.301259        0.272341437166E-28
  920         6        40.895017        0.101652016249E-03
  921         1       128.263701        0.282763844846E-29
  921         2        24.169065        0.157596937898E-27
  921         3        24.169065        0.587447526310E-28
  921         4       157.310693        0.311207984601E-05
  921         5       128.263701        0.134719258806E-37
  921         6        41.417455        0.961360866064E-04
  922         1       128.225725        0.132845302819E-28
  922         2        24.465280        0.223391583637E-27
  922         3        24.465280        0.232439786022E-28
  922         4       157.559943        0.332079232979E-05
  922         5       128.225725        0.664234891400E-29
  922         6        41.939088        0.908751447235E-04
  923         1       128.187356        0.367057571601E-38
  923         2        24.760580        0.220188566865E-28
  923         3        24.760580        0.543796836618E-28
  923         4       157.797685        0.353736474472E-05
  923         5       128.187356        0.112490080959E-28
  923         6        42.459910        0.858546678605E-04
  924         1       128.148617        0.285961607184E-37
  924         2        25.054951        0.523677140537E-28
  924         3        25.054951        0.523687965481E-28
  924         4       158.023881        0.376027076895E-05
  924         5       128.148617        0.639983558452E-29
  924         6        42.979913        0.810662312506E-04
  925         1       128.109534        0.000000000000E+00
  925         2        25.348383        0.504724248844E-28
  925         3        25.348383        0.197838147455E-28
  925         4       158.238510        0.398808184786E-05
  925         5       128.109534        0.000000000000E+00
  925         6        43.499093        0.765016268215E-04
  926         1       128.070130        0.238062384773E-29
  926         2        25.640862        0.481408853995E-28
  926         3        25.640862        0.486868661446E-28
  926         4       158.441566        0.421961867395E-05
  926         5       128.070130        0.880354823968E-38
  926         6        44.017443        0.721484995120E-04
  927         1       128.030432        0.134552314625E-29
  927         2        25.932376        0.469850066617E-28
  927         3        25.932376        0.178118343509E-28
  927         4       158.633057        0.445363243112E-05
  927         5       128.030432        0.000000000000E+00
  927         6        44.534956        0.679997056953E-04
  928         1       127.990465        0.222535201039E-29
  928         2        26.222914        0.734757543517E-36
  928         3        26.222914        0.106662467233E-28
  928         4       158.813002        0.468895918857E-05
  928         5       127.990465        0.119353870338E-28
  928         6        45.051626        0.640482454733E-04
  929         1       127.950256        0.229685153132E-37
  929         2        26.512463        0.803714290004E-28
  929         3        26.512463        0.438483501017E-28
  929         4       158.981438        0.492466036075E-05
  929         5       127.950256        0.215150923457E-29
  929         6        45.567446        0.602835279637E-04
  930         1       127.909830        0.439175923945E-37
  930         2        26.801013        0.000000000000E+00
  930         3        26.801013        0.322464100343E-36
  930         4       159.138413        0.515967419332E-05
  930         5       127.909830        0.267840445377E-37
  930         6        46.082411        0.567005899127E-04
  931         1       127.869215        0.101601867727E-28
  931         2        27.088550        0.410193670060E-28
  931         3        27.088550        0.154691612594E-36
  931         4       159.283987        0.539319619706E-05
  931         5       127.869215        0.000000000000E+00
  931         6        46.596513        0.532898356253E-04
  932         1       127.828436        0.559577794958E-29
  932         2        27.375064        0.138105869752E-28
  932         3        27.375064        0.313337777614E-37
  932         4       159.418234        0.562434550920E-05
  932         5       127.828436        0.423235299604E-37
  932         6        47.109746        0.500456648015E-04
  933         1       127.787521        0.793793532229E-37
  933         2        27.660545        0.384792784213E-28
  933         3        27.660545        0.131380303747E-28
  933         4       159.541241        0.585231063687E-05
  933         5       127.787521        0.188135116808E-29
  933         6        47.622104        0.469625435958E-04
  934         1       127.746496        0.603262818440E-37
  934         2        27.944980        0.525155401166E-36
  934         3        27.944980        0.979133391957E-37
  934         4       159.653105        0.607645677209E-05
  934         5       127.746496        0.182089274081E-29
  934         6        48.133580        0.440321509211E-04
  935         1       127.705388        0.176710739468E-37
  935         2        28.228359        0.361705752500E-28
  935         3        28.228359        0.361634092860E-28
  935         4       159.753937        0.629608208549E-05
  935         5       127.705388        0.183198823853E-29
  935         6        48.644166        0.412495586588E-04
  936         1       127.664223        0.189460695227E-29
  936         2        28.510671        0.167423509852E-36
  936         3        28.510671        0.350933829257E-28
  936         4       159.843858        0.651054724183E-05
  936         5       127.664223        0.527326591282E-29
  936         6        49.153857        0.386098759869E-04
  937         1       127.623028        0.362644436958E-29
  937         2        28.791907        0.563627600192E-37
  937         3        28.791907        0.120650245165E-36
  937         4       159.923000        0.671935689323E-05
  937         5       127.623028        0.519872042431E-29
  937         6        49.662645        0.361058427624E-04
  938         1       127.581829        0.512807005643E-29
  938         2        29.072055        0.383471097892E-37
  938         3        29.072055        0.330890039435E-28
  938         4       159.991506        0.692196492660E-05
  938         5       127.581829        0.000000000000E+00
  938         6        50.170523        0.337330669079E-04
  939         1       127.540652        0.154326451259E-29
  939         2        29.351106        0.321516794971E-28
  939         3        29.351106        0.321552774564E-28
  939         4       160.049529        0.711788204988E-05
  939         5       127.540652        0.505954976896E-29
  939         6        50.677484        0.314871743062E-04
  940         1       127.499522        0.385633267751E-38
  940         2        29.629050        0.312664585804E-28
  940         3        29.629050        0.139931276402E-36
  940         4       160.097232        0.730672880432E-05
  940         5       127.499522        0.499225557353E-29
  940         6        51.183521        0.293617947871E-04
  941         1       127.458464        0.492731778196E-29
  941         2        29.905877        0.898887134897E-37
  941         3        29.905877        0.234425692048E-28
  941         4       160.134788        0.748808130699E-05
  941         5       127.458464        0.105328363672E-28
  941         6        51.688626        0.273536019038E-04
  942         1       127.417503        0.144191690747E-37
  942         2        30.181579        0.296019821107E-28
  942         3        30.181579        0.127401929356E-36
  942         4       160.162378        0.766162682296E-05
  942         5       127.417503        0.896717869842E-38
  942         6        52.192791        0.254567413888E-04
  943         1       127.376663        0.135305281277E-29
  943         2        30.456145        0.811660621362E-29
  943         3        30.456145        0.836869349933E-37
  943         4       160.180193        0.782703895106E-05
  943         5       127.376663        0.320042866278E-37
  943         6        52.696011        0.236674964656E-04
  944         1       127.335967        0.000000000000E+00
  944         2        30.729568        0.159769231121E-36
  944         3        30.729568        0.157950602682E-28
  944         4       160.188432        0.798404041466E-05
  944         5       127.335967        0.754612751952E-38
  944         6        53.198275        0.219821502403E-04
  945         1       127.295439        0.126766311725E-29
  945         2        31.001838        0.000000000000E+00
  945         3        31.001838        0.953790716407E-37
  945         4       160.187302        0.813240578632E-05
  945         5       127.295439        0.126698623711E-29
  945         6        53.699578        0.203955256884E-04
  946         1       127.255101        0.463419462378E-29
  946         2        31.272948        0.266832997410E-28
  946         3        31.272948        0.159615734487E-36
  946         4       160.177016        0.827192168801E-05
  946         5       127.255101        0.122675519939E-29
  946         6        54.199910        0.189042178577E-04
  947         1       127.214973        0.122786714169E-37
  947         2        31.542889        0.674046316328E-29
  947         3        31.542889        0.635701915149E-37
  947         4       160.157797        0.840241992853E-05
  947         5       127.214973        0.458049601367E-29
  947         6        54.699265        0.175048171582E-04
  948         1       127.175078        0.452958986685E-29
  948         2        31.811654        0.643884650683E-29
  948         3        31.811654        0.147643246142E-28
  948         4       160.129872        0.852374982482E-05
  948         5       127.175078        0.114813512484E-29
  948         6        55.197632        0.161927278025E-04
  949         1       127.135434        0.447921810125E-29
  949         2        32.079235        0.614897600721E-29
  949         3        32.079235        0.247881302114E-28
  949         4       160.093475        0.863581165088E-05
  949         5       127.135434        0.215767650126E-37
  949         6        55.695005        0.149651755550E-04
  950         1       127.096060        0.443045891645E-29
  950         2        32.345624        0.242088599806E-28
  950         3        32.345624        0.109751970764E-37
  950         4       160.048848        0.873849881827E-05
  950         5       127.096060        0.107490077650E-29
  950         6        56.191375        0.138179079240E-04
  951         1       127.056976        0.804336802322E-29
  951         2        32.610816        0.236536776379E-28
  951         3        32.610816        0.561343063616E-29
  951         4       159.996235        0.883176155678E-05
  951         5       127.056976        0.104052257950E-29
  951         6        56.686733        0.127479367253E-04
  952         1       127.018197        0.127017358637E-37
  952         2        32.874803        0.247524619414E-37
  952         3        32.874803        0.231171748657E-28
  952         4       159.935887        0.891558923354E-05
  952         5       127.018197        0.100633365322E-29
  952         6        57.181071        0.117522683323E-04
  953         1       126.979740        0.950935340025E-38
  953         2        33.137578        0.904477520366E-38
  953         3        33.137578        0.226032950174E-28
  953         4       159.868060        0.898993417501E-05
  953         5       126.979740        0.207493476696E-37
  953         6        57.674379        0.108271098110E-04
  954         1       126.941620        0.108759029669E-36
  954         2        33.399137        0.325217473028E-37
  954         3        33.399137        0.221039754472E-28
  954         4       159.793013        0.905483194992E-05
  954         5       126.941620        0.837028153316E-38
  954         6        58.166648        0.996968048708E-05
  955         1       126.903852        0.420849311571E-29
  955         2        33.659473        0.216325078329E-28
  955         3        33.659473        0.216339942096E-28
  955         4       159.711008        0.911035380950E-05
  955         5       126.903852        0.841680369830E-29
  955         6        58.657871        0.917719658415E-05
  956         1       126.866447        0.000000000000E+00
  956         2        33.918581        0.152608598239E-36
  956         3        33.918581        0.211773501896E-28
  956         4       159.622312        0.915650350358E-05
  956         5       126.866447        0.746206977006E-37
  956         6        59.148036        0.844626903404E-05
  957         1       126.829419        0.000000000000E+00
  957         2        34.176455        0.156526527760E-28
  957         3        34.176455        0.427981764229E-29
  957         4       159.527195        0.919342992920E-05
  957         5       126.829419        0.745014087645E-38
  957         6        59.637135        0.777448743019E-05
  958         1       126.792778        0.269566840406E-37
  958         2        34.433092        0.408926412028E-29
  958         3        34.433092        0.463067451905E-37
  958         4       159.425927        0.922116752103E-05
  958         5       126.792778        0.409046961658E-29
  958         6        60.125159        0.715870593665E-05
  959         1       126.756533        0.748961860990E-37
  959         2        34.688485        0.199021500717E-28
  959         3        34.688485        0.398039374780E-28
  959         4       159.318781        0.923987499040E-05
  959         5       126.756533        0.783846068252E-38
  959         6        60.612098        0.659644574609E-05
  960         1       126.720693        0.401674538854E-29
  960         2        34.942633        0.786486356923E-29
  960         3        34.942633        0.374151811598E-29
  960         4       159.206033        0.924974078506E-05
  960         5       126.720693        0.401748321177E-29
  960         6        61.097942        0.608523191528E-05
  961         1       126.685265        0.744494489852E-30
  961         2        35.195529        0.191264562434E-28
  961         3        35.195529        0.191264562831E-28
  961         4       159.087958        0.925084040456E-05
  961         5       126.685265        0.000000000000E+00
  961         6        61.582681        0.562225077659E-05
  962         1       126.650256        0.394816330065E-29
  962         2        35.447172        0.103467409637E-36
  962         3        35.447172        0.187596479529E-28
  962         4       158.964834        0.924339538811E-05
  962         5       126.650256        0.789550738626E-29
  962         6        62.066305        0.520518795266E-05
  963         1       126.615669        0.180459761382E-38
  963         2        35.697558        0.326844811756E-29
  963         3        35.697558        0.184055270479E-28
  963         4       158.836935        0.922765337861E-05
  963         5       126.615669        0.391546269232E-29
  963         6        62.548804        0.483173815324E-05
  964         1       126.581509        0.672027847561E-30
  964         2        35.946683        0.180619631910E-28
  964         3        35.946683        0.182021723171E-37
  964         4       158.704540        0.920372536068E-05
  964         5       126.581509        0.388186119070E-29
  964         6        63.030169        0.449938655020E-05
  965         1       126.547779        0.553234892445E-29
  965         2        36.194546        0.343437216616E-37
  965         3        36.194546        0.750287823008E-38
  965         4       158.567922        0.917194307096E-05
  965         5       126.547779        0.927292290614E-38
  965         6        63.510388        0.420603887568E-05
  966         1       126.514478        0.149820907375E-29
  966         2        36.441143        0.175852145498E-37
  966         3        36.441143        0.174149974157E-28
  966         4       158.427358        0.913243817703E-05
  966         5       126.514478        0.763921849196E-29
  966         6        63.989451        0.394936379135E-05
  967         1       126.481609        0.379006796411E-29
  967         2        36.686474        0.340547292081E-37
  967         3        36.686474        0.171074489232E-28
  967         4       158.283120        0.908551857645E-05
  967         5       126.481609        0.479831263492E-38
  967         6        64.467349        0.372730632209E-05
  968         1       126.449168        0.693240139652E-38
  968         2        36.930536        0.261341365598E-29
  968         3        36.930536        0.000000000000E+00
  968         4       158.135478        0.903151185319E-05
  968         5       126.449168        0.123558027554E-37
  968         6        64.944070        0.353782996284E-05
  969         1       126.417154        0.373231610883E-29
  969         2        37.173328        0.872002360946E-37
  969         3        37.173328        0.165189756427E-28
  969         4       157.984703        0.897057629308E-05
  969         5       126.417154        0.498527168561E-29
  969         6        65.419603        0.337885840359E-05
  970         1       126.385564        0.113399139364E-28
  970         2        37.414849        0.596908063617E-37
  970         3        37.414849        0.724701349462E-38
  970         4       157.831059        0.890306028719E-05
  970         5       126.385564        0.370501323750E-29
  970         6        65.893939        0.324848784698E-05
  971         1       126.354393        0.367831292161E-29
  971         2        37.655098        0.200605256849E-28
  971         3        37.655098        0.159718815651E-28
  971         4       157.674810        0.882932790432E-05
  971         5       126.354393        0.693550297625E-29
  971         6        66.367066        0.314483862230E-05
  972         1       126.323635        0.730428339469E-29
  972         2        37.894074        0.157117091184E-28
  972         3        37.894074        0.314254582966E-28
  972         4       157.516215        0.874955868799E-05
  972         5       126.323635        0.168893287597E-38
  972         6        66.838974        0.306606846453E-05
  973         1       126.293283        0.362679798042E-29
  973         2        38.131778        0.154591322952E-28
  973         3        38.131778        0.309199670550E-28
  973         4       157.355529        0.866413278663E-05
  973         5       126.293283        0.224815964576E-38
  973         6        67.309651        0.301042347055E-05
  974         1       126.263329        0.360246024320E-29
  974         2        38.368208        0.199440857779E-29
  974         3        38.368208        0.201445585648E-28
  974         4       157.193005        0.857344189321E-05
  974         5       126.263329        0.360331826002E-29
  974         6        67.779087        0.297617926119E-05
  975         1       126.233765        0.250942251912E-37
  975         2        38.603365        0.190444865415E-29
  975         3        38.603365        0.988532787745E-37
  975         4       157.028888        0.847768134518E-05
  975         5       126.233765        0.317111614111E-39
  975         6        68.247271        0.296170959784E-05
  976         1       126.204580        0.231066766664E-37
  976         2        38.837250        0.147446448981E-28
  976         3        38.837250        0.623490642769E-29
  976         4       156.863420        0.837732323051E-05
  976         5       126.204580        0.380542063965E-29
  976         6        68.714192        0.296538381840E-05
  977         1       126.175763        0.706348959522E-29
  977         2        39.069863        0.145244015995E-28
  977         3        39.069863        0.929839869562E-37
  977         4       156.696839        0.827257033949E-05
  977         5       126.175763        0.956652385174E-39
  977         6        69.179839        0.298571083688E-05
  978         1       126.147303        0.350975221915E-29
  978         2        39.301204        0.257151464301E-28
  978         3        39.301204        0.143088161663E-28
  978         4       156.529374        0.816383571987E-05
  978         5       126.147303        0.350937250078E-29
  978         6        69.644201        0.302118588618E-05
  979         1       126.119186        0.348791654336E-29
  979         2        39.531276        0.140991597065E-28
  979         3        39.531276        0.140988091091E-28
  979         4       156.361252        0.805153694395E-05
  979         5       126.119186        0.220071873231E-37
  979         6        70.107267        0.307034174657E-05
  980         1       126.091400        0.498192363784E-29
  980         2        39.760078        0.138969499393E-28
  980         3        39.760078        0.138984454405E-28
  980         4       156.192690        0.793588324476E-05
  980         5       126.091400        0.346685966865E-29
  980         6        70.569027        0.313187811053E-05
  981         1       126.063929        0.000000000000E+00
  981         2        39.987612        0.286226013039E-38
  981         3        39.987612        0.826146785580E-37
  981         4       156.023902        0.781729521489E-05
  981         5       126.063929        0.958361256302E-29
  981         6        71.029468        0.320443960716E-05
  982         1       126.036758        0.342616474815E-29
  982         2        40.213880        0.135090036612E-28
  982         3        40.213880        0.149691179504E-36
  982         4       155.855094        0.769619381143E-05
  982         5       126.036758        0.269184757000E-38
  982         6        71.488581        0.328671243958E-05
  983         1       126.009872        0.000000000000E+00
  983         2        40.438884        0.304799731573E-39
  983         3        40.438884        0.108297384707E-36
  983         4       155.686464        0.757278897825E-05
  983         5       126.009872        0.909253834045E-29
  983         6        71.946354        0.337757396669E-05
  984         1       125.983253        0.338738946024E-29
  984         2        40.662624        0.997605460154E-38
  984         3        40.662624        0.153024467897E-28
  984         4       155.518205        0.744756910585E-05
  984         5       125.983253        0.000000000000E+00
  984         6        72.402776        0.347576762258E-05
  985         1       125.956886        0.225397747781E-38
  985         2        40.885102        0.338691189935E-28
  985         3        40.885102        0.219626650036E-28
  985         4       155.350500        0.732074147264E-05
  985         5       125.956886        0.310695357247E-30
  985         6        72.857838        0.358028243299E-05
  986         1       125.930751        0.130361333453E-37
  986         2        41.106321        0.127987461201E-28
  986         3        41.106321        0.718630948569E-37
  986         4       155.183527        0.719271913436E-05
  986         5       125.930751        0.188001276018E-37
  986         6        73.311527        0.369001080550E-05
  987         1       125.904831        0.513563481653E-39
  987         2        41.326282        0.108511715412E-29
  987         3        41.326282        0.108553441225E-29
  987         4       155.017456        0.706390883902E-05
  987         5       125.904831        0.326576528239E-29
  987         6        73.763834        0.380389177167E-05
  988         1       125.879107        0.181579357462E-37
  988         2        41.544987        0.170712443905E-37
  988         3        41.544987        0.103406316572E-29
  988         4       154.852447        0.693450919300E-05
  988         5       125.879107        0.331575611805E-29
  988         6        74.214747        0.392107227836E-05
  989         1       125.853560        0.313957067678E-29
  989         2        41.762439        0.613832679290E-38
  989         3        41.762439        0.662364485918E-37
  989         4       154.688653        0.680491716249E-05
  989         5       125.853560        0.000000000000E+00
  989         6        74.664257        0.404059142604E-05
  990         1       125.828171        0.253127533406E-30
  990         2        41.978638        0.121610336432E-28
  990         3        41.978638        0.100812110295E-38
  990         4       154.526221        0.667551967342E-05
  990         5       125.828171        0.000000000000E+00
  990         6        75.112353        0.416153698056E-05
  991         1       125.802919        0.399364520632E-29
  991         2        42.193588        0.120130530368E-28
  991         3        42.193588        0.106103105697E-36
  991         4       154.365287        0.654650136760E-05
  991         5       125.802919        0.326683055141E-29
  991         6        75.559025        0.428320271099E-05
  992         1       125.777785        0.104884597295E-38
  992         2        42.407290        0.118693207767E-28
  992         3        42.407290        0.567699921453E-38
  992         4       154.205980        0.641829733064E-05
  992         5       125.777785        0.247033679290E-39
  992         6        76.004261        0.440472090823E-05
  993         1       125.752750        0.323566650874E-29
  993         2        42.619746        0.144873373161E-28
  993         3        42.619746        0.117291222058E-28
  993         4       154.048421        0.629108012872E-05
  993         5       125.752750        0.206508144524E-37
  993         6        76.448054        0.452547720719E-05
  994         1       125.727792        0.171941552144E-37
  994         2        42.830958        0.767070507199E-30
  994         3        42.830958        0.766977500940E-30
  994         4       153.892720        0.616520236164E-05
  994         5       125.727792        0.322082170024E-29
  994         6        76.890392        0.464474880400E-05
  995         1       125.702892        0.209316124237E-37
  995         2        43.040928        0.728375151106E-30
  995         3        43.040928        0.142748248207E-28
  995         4       153.738982        0.604100119216E-05
  995         5       125.702892        0.869665093170E-38
  995         6        77.331265        0.476186299842E-05
  996         1       125.678030        0.000000000000E+00
  996         2        43.249657        0.113300973675E-28
  996         3        43.249657        0.280908789109E-37
  996         4       153.587302        0.591862735466E-05
  996         5       125.678030        0.000000000000E+00
  996         6        77.770665        0.487633441312E-05
  997         1       125.653185        0.317838582978E-29
  997         2        43.457148        0.655881908226E-30
  997         3        43.457148        0.656193674381E-30
  997         4       153.437766        0.579839766337E-05
  997         5       125.653185        0.477118845331E-29
  997         6        78.208581        0.498757730471E-05
  998         1       125.628338        0.397295487152E-37
  998         2        43.663401        0.621762357262E-30
  998         3        43.663401        0.377402384813E-37
  998         4       153.290453        0.568061083488E-05
  998         5       125.628338        0.316574591384E-29
  998         6        78.645004        0.509505582774E-05
  999         1       125.603469        0.315231726173E-29
  999         2        43.868419        0.109639674763E-28
  999         3        43.868419        0.219264525407E-28
  999         4       153.145431        0.556539189529E-05
  999         5       125.603469        0.315080422372E-29
  999         6        79.079925        0.519840301487E-05
 1000         1       125.578559        0.889023103057E-38
 1000         2        44.072203        0.220313364395E-37
 1000         3        44.072203        0.705494741699E-29
 1000         4       153.002764        0.545301624944E-05
 1000         5       125.578559        0.161663662567E-30
 1000         6        79.513335        0.529716434446E-05
 1001         1       125.553588        0.143309596050E-37
 1001         2        44.274753        0.306391250912E-37
 1001         3        44.274753        0.683556609705E-39
 1001         4       152.862503        0.534373911001E-05
 1001         5       125.553588        0.312601042972E-29
 1001         6        79.945225        0.539093422750E-05
 1002         1       125.528539        0.209728579923E-29
 1002         2        44.476071        0.106235551474E-28
 1002         3        44.476071        0.500315585346E-30
 1002         4       152.724694        0.523765666968E-05
 1002         5       125.528539        0.311465063195E-29
 1002         6        80.375586        0.547945348959E-05
 1003         1       125.503391        0.346574330997E-38
 1003         2        44.676159        0.105148350366E-28
 1003         3        44.676159        0.133424929846E-28
 1003         4       152.589375        0.513504261684E-05
 1003         5       125.503391        0.455143702356E-38
 1003         6        80.804410        0.556236183636E-05
 1004         1       125.478129        0.478363991394E-37
 1004         2        44.875016        0.104097346867E-28
 1004         3        44.875016        0.840188226261E-37
 1004         4       152.456574        0.503597266801E-05
 1004         5       125.478129        0.309075505097E-29
 1004         6        81.231689        0.563946608602E-05
 1005         1       125.452734        0.249898866273E-29
 1005         2        45.072643        0.140353226205E-37
 1005         3        45.072643        0.103065102794E-28
 1005         4       152.326313        0.494064415097E-05
 1005         5       125.452734        0.307963985686E-29
 1005         6        81.657413        0.571051427808E-05
 1006         1       125.427190        0.122297438810E-37
 1006         2        45.269040        0.102071697893E-28
 1006         3        45.269040        0.175707055247E-36
 1006         4       152.198606        0.484923192396E-05
 1006         5       125.427190        0.306866395415E-29
 1006         6        82.081576        0.577529994285E-05
 1007         1       125.401481        0.000000000000E+00
 1007         2        45.464209        0.812965334233E-29
 1007         3        45.464209        0.374311316508E-30
 1007         4       152.073458        0.476177973940E-05
 1007         5       125.401481        0.457999060067E-29
 1007         6        82.504168        0.583372000697E-05
 1008         1       125.375591        0.207771394192E-38
 1008         2        45.658148        0.802345930263E-29
 1008         3        45.658148        0.100167326898E-28
 1008         4       151.950871        0.467843482645E-05
 1008         5       125.375591        0.304759376895E-29
 1008         6        82.925184        0.588563245867E-05
 1009         1       125.349505        0.787268504799E-38
 1009         2        45.850858        0.657341165099E-38
 1009         3        45.850858        0.331327102113E-30
 1009         4       151.830835        0.459932140255E-05
 1009         5       125.349505        0.545042264038E-39
 1009         6        83.344615        0.593093783291E-05
 1010         1       125.323211        0.249272858246E-38
 1010         2        46.042338        0.805608178900E-37
 1010         3        46.042338        0.809562197620E-38
 1010         4       151.713337        0.452445065504E-05
 1010         5       125.323211        0.383323303309E-29
 1010         6        83.762453        0.596961253019E-05
 1011         1       125.296694        0.130674997487E-37
 1011         2        46.232588        0.974328281323E-29
 1011         3        46.232588        0.550535826023E-38
 1011         4       151.598354        0.445394694360E-05
 1011         5       125.296694        0.301688323587E-29
 1011         6        84.178693        0.600160578372E-05
 1012         1       125.269941        0.117803330962E-37
 1012         2        46.421607        0.273589674883E-30
 1012         3        46.421607        0.965726332548E-29
 1012         4       151.485861        0.438779991145E-05
 1012         5       125.269941        0.120306206879E-37
 1012         6        84.593326        0.602694102649E-05
 1013         1       125.242943        0.972955927309E-38
 1013         2        46.609393        0.131164849563E-38
 1013         3        46.609393        0.754698672508E-38
 1013         4       151.375822        0.432607240657E-05
 1013         5       125.242943        0.118512065860E-37
 1013         6        85.006346        0.604563707701E-05
 1014         1       125.215688        0.753679236782E-31
 1014         2        46.795946        0.000000000000E+00
 1014         3        46.795946        0.949011551548E-29
 1014         4       151.268200        0.426880466594E-05
 1014         5       125.215688        0.298989826449E-29
 1014         6        85.417747        0.605774912079E-05
 1015         1       125.188166        0.243656866728E-29
 1015         2        46.981264        0.363152938304E-37
 1015         3        46.981264        0.117870191259E-28
 1015         4       151.162948        0.421595497362E-05
 1015         5       125.188166        0.115052209797E-37
 1015         6        85.827522        0.606336233671E-05
 1016         1       125.160369        0.000000000000E+00
 1016         2        47.165346        0.488194006198E-37
 1016         3        47.165346        0.932967480575E-29
 1016         4       151.060017        0.416753723209E-05
 1016         5       125.160369        0.297194572965E-29
 1016         6        86.235665        0.606257729885E-05
 1017         1       125.132290        0.180305405628E-37
 1017         2        47.348189        0.431230630751E-37
 1017         3        47.348189        0.185069678967E-28
 1017         4       150.959351        0.412354377972E-05
 1017         5       125.132290        0.000000000000E+00
 1017         6        86.642170        0.605552664436E-05
 1018         1       125.103920        0.437532737543E-39
 1018         2        47.529791        0.869511361546E-39
 1018         3        47.529791        0.917849029505E-29
 1018         4       150.860891        0.408390346038E-05
 1018         5       125.103920        0.110160842527E-37
 1018         6        87.047031        0.604234678614E-05
 1019         1       125.075255        0.175193745648E-37
 1019         2        47.710151        0.670886731441E-37
 1019         3        47.710151        0.910486086077E-29
 1019         4       150.764571        0.404859644888E-05
 1019         5       125.075255        0.294823316714E-29
 1019         6        87.450242        0.602321935956E-05
 1020         1       125.046289        0.294000100297E-29
 1020         2        47.889266        0.903332736345E-29
 1020         3        47.889266        0.177345173926E-37
 1020         4       150.670323        0.401753346233E-05
 1020         5       125.046289        0.214171101900E-37
 1020         6        87.851797        0.599830921182E-05
 1021         1       125.017020        0.000000000000E+00
 1021         2        48.067133        0.322749276458E-37
 1021         3        48.067133        0.896392585898E-29
 1021         4       150.578075        0.399065374662E-05
 1021         5       125.017020        0.293273827020E-29
 1021         6        88.251692        0.596782685485E-05
 1022         1       124.987445        0.432818983386E-31
 1022         2        48.243748        0.791679628482E-38
 1022         3        48.243748        0.889523633604E-29
 1022         4       150.487750        0.396787779862E-05
 1022         5       124.987445        0.292514834355E-29
 1022         6        88.649920        0.593200699763E-05
 1023         1       124.957561        0.291811361495E-29
 1023         2        48.419110        0.174769789066E-37
 1023         3        48.419110        0.882642540912E-29
 1023         4       150.399269        0.394909189116E-05
 1023         5       124.957561        0.102728222993E-37
 1023         6        89.046477        0.589104873742E-05
 1024         1       124.927368        0.984657873847E-38
 1024         2        48.593215        0.274755219268E-37
 1024         3        48.593215        0.305014245299E-37
 1024         4       150.312550        0.393419638230E-05
 1024         5       124.927368        0.368377763765E-31
 1024         6        89.441357        0.584521229104E-05
 1025         1       124.896868        0.000000000000E+00
 1025         2        48.766060        0.869726273017E-29
 1025         3        48.766060        0.299427632193E-37
 1025         4       150.227507        0.392307513671E-05
 1025         5       124.896868        0.290379490294E-29
 1025         6        89.834555        0.579477707800E-05
 1026         1       124.866060        0.310575920365E-31
 1026         2        48.937640        0.630881991507E-37
 1026         3        48.937640        0.863478358335E-29
 1026         4       150.144053        0.391559383313E-05
 1026         5       124.866060        0.289721646804E-29
 1026         6        90.226067        0.573996669526E-05
 1027         1       124.834949        0.759212421528E-39
 1027         2        49.107953        0.839497905732E-31
 1027         3        49.107953        0.857225463790E-29
 1027         4       150.062098        0.391161946678E-05
 1027         5       124.834949        0.409833419944E-37
 1027         6        90.615887        0.568107879722E-05
 1028         1       124.803538        0.103027969055E-37
 1028         2        49.276994        0.000000000000E+00
 1028         3        49.276994        0.851264568759E-29
 1028         4       149.981551        0.391100509922E-05
 1028         5       124.803538        0.960843038708E-38
 1028         6        91.004010        0.561842514688E-05
 1029         1       124.771830        0.287855795211E-29
 1029         2        49.444760        0.557092582267E-37
 1029         3        49.444760        0.845525237957E-29
 1029         4       149.902318        0.391360014084E-05
 1029         5       124.771830        0.337782156883E-29
 1029         6        91.390433        0.555224457586E-05
 1030         1       124.739833        0.652448640219E-39
 1030         2        49.611246        0.103949226716E-38
 1030         3        49.611246        0.273671136427E-37
 1030         4       149.824306        0.391924025450E-05
 1030         5       124.739833        0.775826120337E-38
 1030         6        91.775149        0.548288937920E-05
 1031         1       124.707553        0.337999888361E-37
 1031         2        49.776447        0.268922043023E-37
 1031         3        49.776447        0.834033909348E-29
 1031         4       149.747420        0.392776655151E-05
 1031         5       124.707553        0.109217227316E-37
 1031         6        92.158155        0.541060363470E-05
 1032         1       124.674997        0.286081215528E-29
 1032         2        49.940361        0.828562015445E-29
 1032         3        49.940361        0.828554067220E-29
 1032         4       149.671563        0.393900438084E-05
 1032         5       124.674997        0.162304178244E-37
 1032         6        92.539447        0.533572063085E-05
 1033         1       124.642174        0.571139317794E-29
 1033         2        50.102981        0.431868144606E-31
 1033         3        50.102981        0.328799863444E-37
 1033         4       149.596640        0.395276995515E-05
 1033         5       124.642174        0.000000000000E+00
 1033         6        92.919018        0.525857950714E-05
 1034         1       124.609094        0.890006804280E-38
 1034         2        50.264305        0.638511721583E-38
 1034         3        50.264305        0.817969673483E-29
 1034         4       149.522553        0.396889594378E-05
 1034         5       124.609094        0.285022534818E-29
 1034         6        93.296864        0.517942533534E-05
 1035         1       124.575767        0.000000000000E+00
 1035         2        50.424326        0.812727079239E-29
 1035         3        50.424326        0.869109210535E-37
 1035         4       149.449206        0.398719173276E-05
 1035         5       124.575767        0.000000000000E+00
 1035         6        93.672982        0.509859749760E-05
 1036         1       124.542204        0.397520158042E-40
 1036         2        50.583040        0.285212517507E-31
 1036         3        50.583040        0.807640087659E-29
 1036         4       149.376504        0.400746058203E-05
 1036         5       124.542204        0.993800395105E-41
 1036         6        94.047365        0.501643646867E-05
 1037         1       124.508419        0.000000000000E+00
 1037         2        50.740444        0.244258909998E-37
 1037         3        50.740444        0.485796031582E-37
 1037         4       149.304351        0.402953156800E-05
 1037         5       124.508419        0.000000000000E+00
 1037         6        94.420010        0.493318069933E-05
 1038         1       124.474423        0.566025782101E-29
 1038         2        50.896531        0.000000000000E+00
 1038         3        50.896531        0.797865651564E-29
 1038         4       149.232653        0.405319438403E-05
 1038         5       124.474423        0.000000000000E+00
 1038         6        94.790911        0.484919874839E-05
 1039         1       124.440231        0.611417271860E-32
 1039         2        51.051297        0.587688219225E-37
 1039         3        51.051297        0.793191414783E-29
 1039         4       149.161315        0.407827835731E-05
 1039         5       124.440231        0.493386248111E-38
 1039         6        95.160063        0.476472078641E-05
 1040         1       124.405858        0.428517151990E-37
 1040         2        51.204737        0.330862293363E-37
 1040         3        51.204737        0.578269294681E-38
 1040         4       149.090245        0.410458169590E-05
 1040         5       124.405858        0.272876130693E-37
 1040         6        95.527462        0.468007304949E-05
 1041         1       124.371318        0.563229954370E-29
 1041         2        51.356847        0.783992169139E-29
 1041         3        51.356847        0.569085641892E-38
 1041         4       149.019353        0.413190150286E-05
 1041         5       124.371318        0.000000000000E+00
 1041         6        95.893101        0.459557566605E-05
 1042         1       124.336629        0.281217592720E-29
 1042         2        51.507621        0.270365516184E-37
 1042         3        51.507621        0.727646517479E-29
 1042         4       148.948549        0.416007136625E-05
 1042         5       124.336629        0.281189763259E-29
 1042         6        96.256976        0.451144123798E-05
 1043         1       124.301806        0.546421878535E-29
 1043         2        51.657055        0.779379571024E-29
 1043         3        51.657055        0.821968603360E-29
 1043         4       148.877747        0.418889182500E-05
 1043         5       124.301806        0.919686692189E-41
 1043         6        96.619081        0.442797564955E-05
 1044         1       124.266866        0.344999978160E-37
 1044         2        51.805143        0.770819955539E-29
 1044         3        51.805143        0.509623990110E-32
 1044         4       148.806860        0.421816518874E-05
 1044         5       124.266866        0.185262085092E-32
 1044         6        96.979409        0.434547488883E-05
 1045         1       124.231829        0.000000000000E+00
 1045         2        51.951882        0.203462860412E-37
 1045         3        51.951882        0.536372716426E-38
 1045         4       148.735805        0.424773368135E-05
 1045         5       124.231829        0.000000000000E+00
 1045         6        97.337957        0.426412860533E-05
 1046         1       124.196711        0.000000000000E+00
 1046         2        52.097266        0.231356827316E-32
 1046         3        52.097266        0.762492211899E-29
 1046         4       148.664502        0.427739436631E-05
 1046         5       124.196711        0.129561327277E-37
 1046         6        97.694716        0.418424513840E-05
 1047         1       124.161533        0.190784753772E-38
 1047         2        52.241291        0.758658967468E-29
 1047         3        52.241291        0.758542400550E-29
 1047         4       148.592873        0.430699746627E-05
 1047         5       124.161533        0.484213015152E-37
 1047         6        98.049681        0.410599634766E-05
 1048         1       124.126313        0.273648627228E-29
 1048         2        52.383952        0.138316993039E-38
 1048         3        52.383952        0.150922865880E-28
 1048         4       148.520841        0.433636130981E-05
 1048         5       124.126313        0.557504427672E-29
 1048         6        98.402844        0.402963700707E-05
 1049         1       124.091071        0.556858062628E-29
 1049         2        52.525245        0.392703055936E-39
 1049         3        52.525245        0.200865530597E-33
 1049         4       148.448334        0.436531033132E-05
 1049         5       124.091071        0.278436222874E-29
 1049         6        98.754200        0.395540675353E-05
 1050         1       124.055826        0.295231829102E-37
 1050         2        52.665164        0.225376968763E-37
 1050         3        52.665164        0.495278350723E-38
 1050         4       148.375282        0.439370978806E-05
 1050         5       124.055826        0.278066494450E-29
 1050         6        99.103740        0.388344773928E-05
 1051         1       124.020600        0.277748858774E-29
 1051         2        52.803707        0.743801756854E-29
 1051         3        52.803707        0.206360375409E-37
 1051         4       148.301617        0.442139609677E-05
 1051         5       124.020600        0.114505259698E-37
 1051         6        99.451457        0.381397580508E-05
 1052         1       123.985412        0.277409813330E-29
 1052         2        52.940868        0.350931115799E-33
 1052         3        52.940868        0.739751577927E-29
 1052         4       148.227277        0.444821401153E-05
 1052         5       123.985412        0.000000000000E+00
 1052         6        99.797344        0.374718930572E-05
 1053         1       123.950284        0.559188431958E-29
 1053         2        53.076643        0.870802785364E-33
 1053         3        53.076643        0.614794271079E-38
 1053         4       148.152200        0.447404697830E-05
 1053         5       123.950284        0.000000000000E+00
 1053         6       100.141390        0.368319798688E-05
 1054         1       123.915236        0.000000000000E+00
 1054         2        53.211028        0.736684668766E-29
 1054         3        53.211028        0.732699017261E-29
 1054         4       148.076329        0.449874498519E-05
 1054         5       123.915236        0.604442886812E-33
 1054         6       100.483589        0.362219626636E-05
 1055         1       123.880289        0.276398516905E-29
 1055         2        53.344020        0.749378324204E-37
 1055         3        53.344020        0.257463445581E-32
 1055         4       147.999610        0.452220506323E-05
 1055         5       123.880289        0.000000000000E+00
 1055         6       100.823931        0.356427131589E-05
 1056         1       123.845464        0.567439617671E-29
 1056         2        53.475614        0.725925823849E-29
 1056         3        53.475614        0.725925816687E-29
 1056         4       147.921992        0.454430377688E-05
 1056         5       123.845464        0.142076446687E-32
 1056         6       101.162406        0.350956482959E-05
 1057         1       123.810783        0.275841540006E-29
 1057         2        53.605807        0.722753400635E-29
 1057         3        53.605807        0.476421389543E-38
 1057         4       147.843427        0.456492897524E-05
 1057         5       123.810783        0.000000000000E+00
 1057         6       101.499004        0.345819841839E-05
 1058         1       123.776265        0.256284155020E-32
 1058         2        53.734595        0.669217645669E-32
 1058         3        53.734595        0.189413102454E-37
 1058         4       147.763873        0.458399974818E-05
 1058         5       123.776265        0.271312675478E-29
 1058         6       101.833715        0.341022468923E-05
 1059         1       123.741932        0.275273947873E-29
 1059         2        53.861975        0.716454164247E-29
 1059         3        53.861975        0.716252446165E-29
 1059         4       147.683289        0.460142135721E-05
 1059         5       123.741932        0.275287689602E-29
 1059         6       102.166528        0.336573765448E-05
 1060         1       123.707805        0.103690228284E-39
 1060         2        53.987943        0.268929129553E-39
 1060         3        53.987943        0.713260241428E-29
 1060         4       147.601638        0.461711155340E-05
 1060         5       123.707805        0.401741441863E-32
 1060         6       102.497431        0.332481052181E-05
 1061         1       123.673903        0.250483028467E-37
 1061         2        54.112497        0.710217836352E-29
 1061         3        54.112497        0.710224840147E-29
 1061         4       147.518887        0.463101293486E-05
 1061         5       123.673903        0.384677356965E-37
 1061         6       102.826413        0.328746145424E-05
 1062         1       123.640248        0.549002971380E-29
 1062         2        54.235634        0.732025154565E-29
 1062         3        54.235634        0.387676479062E-38
 1062         4       147.435008        0.464306172014E-05
 1062         5       123.640248        0.236718724125E-38
 1062         6       103.153459        0.325373618154E-05
 1063         1       123.606859        0.249693221581E-29
 1063         2        54.357350        0.704384048720E-29
 1063         3        54.357350        0.174356461286E-37
 1063         4       147.349974        0.465320742337E-05
 1063         5       123.606859        0.548409286971E-29
 1063         6       103.478558        0.322365952222E-05
 1064         1       123.573755        0.548019099751E-29
 1064         2        54.477643        0.673420414159E-29
 1064         3        54.477643        0.200661611458E-31
 1064         4       147.263762        0.466141685911E-05
 1064         5       123.573755        0.000000000000E+00
 1064         6       103.801696        0.319721633197E-05
 1065         1       123.540957        0.273783993114E-29
 1065         2        54.596510        0.698755403444E-29
 1065         3        54.596510        0.229041043855E-31
 1065         4       147.176356        0.466765816231E-05
 1065         5       123.540957        0.633343441434E-38
 1065         6       104.122858        0.317440957922E-05
 1066         1       123.508482        0.273530016208E-29
 1066         2        54.713950        0.258449105545E-31
 1066         3        54.713950        0.656739582652E-37
 1066         4       147.087739        0.467191433260E-05
 1066         5       123.508482        0.000000000000E+00
 1066         6       104.442029        0.315520301992E-05
 1067         1       123.476350        0.273272886704E-29
 1067         2        54.829960        0.340002400347E-39
 1067         3        54.829960        0.616914398076E-29
 1067         4       146.997900        0.467417548218E-05
 1067         5       123.476350        0.273228049507E-29
 1067         6       104.759194        0.313956441306E-05
 1068         1       123.444578        0.127307005086E-31
 1068         2        54.944537        0.138147359500E-28
 1068         3        54.944537        0.289201884429E-38
 1068         4       146.906831        0.467444535643E-05
 1068         5       123.444578        0.612472027889E-38
 1068         6       105.074335        0.312744181240E-05
 1069         1       123.413184        0.600900166347E-29
 1069         2        55.057681        0.688191801245E-29
 1069         3        55.057681        0.125336176661E-37
 1069         4       146.814528        0.467273072782E-05
 1069         5       123.413184        0.000000000000E+00
 1069         6       105.387436        0.311876965565E-05
 1070         1       123.382184        0.309294868107E-29
 1070         2        55.169389        0.685699331984E-29
 1070         3        55.169389        0.685506227390E-29
 1070         4       146.720991        0.466905372989E-05
 1070         5       123.382184        0.000000000000E+00
 1070         6       105.698479        0.311347262677E-05
 1071         1       123.351595        0.273705369927E-39
 1071         2        55.279659        0.683219616007E-29
 1071         3        55.279659        0.209827470468E-38
 1071         4       146.626221        0.466344976754E-05
 1071         5       123.351595        0.272410006363E-29
 1071         6       106.007445        0.311145715362E-05
 1072         1       123.321432        0.272211128184E-29
 1072         2        55.388491        0.921103935428E-39
 1072         3        55.388491        0.442348659256E-38
 1072         4       146.530224        0.465594811852E-05
 1072         5       123.321432        0.000000000000E+00
 1072         6       106.314314        0.311263189548E-05
 1073         1       123.291711        0.271991343242E-29
 1073         2        55.495882        0.591419885674E-37
 1073         3        55.495882        0.508135477686E-31
 1073         4       146.433011        0.464660876719E-05
 1073         5       123.291711        0.212891408627E-37
 1073         6       106.619067        0.311687463700E-05
 1074         1       123.262445        0.234886168071E-29
 1074         2        55.601833        0.143818915842E-37
 1074         3        55.601833        0.487191402470E-37
 1074         4       146.334594        0.463547495190E-05
 1074         5       123.262445        0.000000000000E+00
 1074         6       106.921683        0.312407919752E-05
 1075         1       123.233649        0.245331879676E-38
 1075         2        55.706341        0.592519174526E-31
 1075         3        55.706341        0.673918088892E-29
 1075         4       146.234988        0.462261840379E-05
 1075         5       123.233649        0.390014082539E-38
 1075         6       107.222138        0.313410847136E-05
 1076         1       123.205335        0.271428305170E-29
 1076         2        55.809406        0.140400923997E-37
 1076         3        55.809406        0.671645097728E-29
 1076         4       146.134213        0.460812255646E-05
 1076         5       123.205335        0.000000000000E+00
 1076         6       107.520411        0.314681057864E-05
 1077         1       123.177516        0.255123929501E-38
 1077         2        55.911027        0.669435919040E-29
 1077         3        55.911027        0.133887183739E-28
 1077         4       146.032290        0.459204950787E-05
 1077         5       123.177516        0.723170719104E-38
 1077         6       107.816477        0.316206101923E-05
 1078         1       123.150202        0.542129642700E-29
 1078         2        56.011204        0.505368841340E-37
 1078         3        56.011204        0.571740280250E-29
 1078         4       145.929246        0.457449690360E-05
 1078         5       123.150202        0.000000000000E+00
 1078         6       108.110312        0.317969327204E-05
 1079         1       123.123405        0.270885864587E-29
 1079         2        56.109935        0.518411474785E-37
 1079         3        56.109935        0.189813360623E-37
 1079         4       145.825108        0.455557264696E-05
 1079         5       123.123405        0.316017331030E-31
 1079         6       108.401891        0.319952862521E-05
 1080         1       123.097134        0.231279111413E-29
 1080         2        56.207221        0.663164310328E-29
 1080         3        56.207221        0.118138597082E-36
 1080         4       145.719908        0.453535462161E-05
 1080         5       123.097134        0.000000000000E+00
 1080         6       108.691185        0.322142951233E-05
 1081         1       123.071398        0.231268453300E-29
 1081         2        56.303062        0.661239902020E-29
 1081         3        56.303062        0.770834652702E-38
 1081         4       145.613680        0.451397632004E-05
 1081         5       123.071398        0.000000000000E+00
 1081         6       108.978168        0.324518823734E-05
 1082         1       123.046206        0.270369352556E-29
 1082         2        56.397456        0.923905545066E-31
 1082         3        56.397456        0.923894059197E-31
 1082         4       145.506461        0.449152417740E-05
 1082         5       123.046206        0.379259342519E-31
 1082         6       109.262811        0.327066161663E-05
 1083         1       123.021565        0.400403141085E-31
 1083         2        56.490405        0.995713035495E-39
 1083         3        56.490405        0.976214778355E-31
 1083         4       145.398290        0.446812987522E-05
 1083         5       123.021565        0.299303023900E-38
 1083         6       109.545084        0.329764928077E-05
 1084         1       122.997481        0.270062063036E-29
 1084         2        56.581908        0.655419192682E-29
 1084         3        56.581908        0.512819662289E-37
 1084         4       145.289211        0.444393216037E-05
 1084         5       122.997481        0.423753937581E-31
 1084         6       109.824955        0.332594365251E-05
 1085         1       122.973960        0.447173545285E-31
 1085         2        56.671964        0.000000000000E+00
 1085         3        56.671964        0.373006628704E-38
 1085         4       145.179267        0.441902692076E-05
 1085         5       122.973960        0.157356206968E-38
 1085         6       110.102393        0.335539796638E-05
 1086         1       122.951007        0.207204126512E-37
 1086         2        56.760575        0.312934507731E-38
 1086         3        56.760575        0.156467253866E-37
 1086         4       145.068507        0.439355956399E-05
 1086         5       122.951007        0.269737972281E-29
 1086         6       110.377365        0.338580151569E-05
 1087         1       122.928626        0.539123738526E-29
 1087         2        56.847740        0.805320699176E-29
 1087         3        56.847740        0.764140548612E-29
 1087         4       144.956981        0.436768031128E-05
 1087         5       122.928626        0.504028632745E-39
 1087         6       110.649835        0.341693957847E-05
 1088         1       122.906821        0.316618487996E-29
 1088         2        56.933460        0.648281702094E-29
 1088         3        56.933460        0.648227196649E-29
 1088         4       144.844741        0.434149010221E-05
 1088         5       122.906821        0.440115310546E-29
 1088         6       110.919767        0.344866774236E-05
 1089         1       122.885593        0.269273745692E-29
 1089         2        57.017735        0.646541209991E-29
 1089         3        57.017735        0.130648335253E-30
 1089         4       144.731843        0.431514232763E-05
 1089         5       122.885593        0.185439272109E-37
 1089         6       111.187125        0.348077275934E-05
 1090         1       122.864944        0.269140862472E-29
 1090         2        57.100566        0.136488824546E-30
 1090         3        57.100566        0.818663486024E-29
 1090         4       144.618344        0.428879278663E-05
 1090         5       122.864944        0.538174477292E-29
 1090         6       111.451871        0.351304060502E-05
 1091         1       122.844875        0.316334803262E-37
 1091         2        57.181952        0.148216963806E-37
 1091         3        57.181952        0.148216963806E-37
 1091         4       144.504303        0.426254271380E-05
 1091         5       122.844875        0.234779213084E-29
 1091         6       111.713963        0.354533515090E-05
 1092         1       122.825386        0.245759163874E-37
 1092         2        57.261894        0.148483321081E-30
 1092         3        57.261894        0.562585585475E-29
 1092         4       144.389783        0.423656619052E-05
 1092         5       122.825386        0.181703559171E-37
 1092         6       111.973362        0.357742235756E-05
 1093         1       122.806476        0.268705433927E-29
 1093         2        57.340393        0.000000000000E+00
 1093         3        57.340393        0.640060622878E-29
 1093         4       144.274847        0.421096192863E-05
 1093         5       122.806476        0.452250489726E-38
 1093         6       112.230024        0.360917480666E-05
 1094         1       122.788143        0.268541910400E-29
 1094         2        57.417449        0.638607525062E-29
 1094         3        57.417449        0.160856489647E-30
 1094         4       144.159562        0.418588294141E-05
 1094         5       122.788143        0.513341783402E-38
 1094         6       112.483904        0.364039225870E-05
 1095         1       122.770386        0.479042458301E-38
 1095         2        57.493063        0.466373176453E-29
 1095         3        57.493063        0.127427160757E-28
 1095         4       144.043995        0.416148033808E-05
 1095         5       122.770386        0.115251650198E-38
 1095         6       112.734958        0.367087899831E-05
 1096         1       122.753200        0.268240001988E-29
 1096         2        57.567236        0.173261502779E-30
 1096         3        57.567236        0.635700768934E-29
 1096         4       143.928219        0.413784485394E-05
 1096         5       122.753200        0.163918221613E-38
 1096         6       112.983138        0.370052528185E-05
 1097         1       122.736583        0.661482754644E-29
 1097         2        57.639967        0.634174962689E-29
 1097         3        57.639967        0.126862698020E-28
 1097         4       143.812304        0.411512077736E-05
 1097         5       122.736583        0.140539953703E-37
 1097         6       113.228395        0.372914857266E-05
 1098         1       122.720529        0.268030661907E-29
 1098         2        57.711257        0.186280107122E-30
 1098         3        57.711257        0.632851261910E-29
 1098         4       143.696326        0.409344791321E-05
 1098         5       122.720529        0.268023339287E-29
 1098         6       113.470678        0.375657380367E-05
 1099         1       122.705034        0.267882475498E-29
 1099         2        57.781107        0.107020182679E-37
 1099         3        57.781107        0.545901564626E-37
 1099         4       143.580361        0.407290405973E-05
 1099         5       122.705034        0.267833742715E-29
 1099         6       113.709935        0.378271401184E-05
 1100         1       122.690091        0.229646667043E-37
 1100         2        57.849518        0.630133152865E-29
 1100         3        57.849518        0.630133152865E-29
 1100         4       143.464487        0.405363708596E-05
 1100         5       122.690091        0.535722811042E-38
 1100         6       113.946112        0.380738491115E-05
 1101         1       122.675694        0.877677350472E-31
 1101         2        57.916489        0.206483904510E-30
 1101         3        57.916489        0.000000000000E+00
 1101         4       143.348785        0.403571351113E-05
 1101         5       122.675694        0.105629091682E-37
 1101         6       114.179153        0.383051725699E-05
 1102         1       122.661836        0.267535724946E-29
 1102         2        57.982022        0.627583068426E-29
 1102         3        57.982022        0.627428335430E-29
 1102         4       143.233337        0.401924924529E-05
 1102         5       122.661836        0.109098947643E-37
 1102         6       114.409001        0.385197268482E-05
 1103         1       122.648510        0.267393958115E-29
 1103         2        58.046116        0.626416382547E-29
 1103         3        58.046116        0.209912745718E-37
 1103         4       143.118227        0.400435171580E-05
 1103         5       122.648510        0.112006870157E-37
 1103         6       114.635595        0.387162456431E-05
 1104         1       122.635707        0.534492806747E-29
 1104         2        58.108772        0.226905957084E-30
 1104         3        58.108772        0.226843007369E-30
 1104         4       143.003541        0.399106679377E-05
 1104         5       122.635707        0.534435795043E-29
 1104         6       114.858874        0.388943350941E-05
 1105         1       122.623419        0.176297732102E-37
 1105         2        58.169991        0.623888485627E-29
 1105         3        58.169991        0.199982036730E-38
 1105         4       142.889367        0.397948575682E-05
 1105         5       122.623419        0.881488660508E-38
 1105         6       115.078775        0.390529505848E-05
 1106         1       122.611636        0.876504618196E-39
 1106         2        58.229772        0.622754891380E-29
 1106         3        58.229772        0.622784003327E-29
 1106         4       142.775794        0.396968929972E-05
 1106         5       122.611636        0.296869020759E-38
 1106         6       115.295231        0.391911850761E-05
 1107         1       122.600349        0.172108318912E-29
 1107         2        58.288117        0.000000000000E+00
 1107         3        58.288117        0.683785167544E-29
 1107         4       142.662914        0.396169871264E-05
 1107         5       122.600349        0.439635615604E-38
 1107         6       115.508177        0.393089741084E-05
 1108         1       122.589548        0.256076220951E-38
 1108         2        58.345025        0.281435502132E-37
 1108         3        58.345025        0.396388963298E-29
 1108         4       142.550821        0.395559125827E-05
 1108         5       122.589548        0.256076220951E-38
 1108         6       115.717542        0.394054277036E-05
 1109         1       122.579223        0.387080128770E-29
 1109         2        58.400496        0.773920190881E-38
 1109         3        58.400496        0.262308566644E-30
 1109         4       142.439609        0.395137004356E-05
 1109         5       122.579223        0.133344747834E-38
 1109         6       115.923254        0.394807129765E-05
 1110         1       122.569363        0.338636804664E-37
 1110         2        58.454531        0.000000000000E+00
 1110         3        58.454531        0.123672105551E-28
 1110         4       142.329375        0.394907504475E-05
 1110         5       122.569363        0.266464212729E-29
 1110         6       116.125240        0.395344362881E-05
 1111         1       122.559956        0.977314686222E-39
 1111         2        58.507130        0.243305361111E-38
 1111         3        58.507130        0.389288577778E-37
 1111         4       142.220217        0.394873304276E-05
 1111         5       122.559956        0.119699466202E-30
 1111         6       116.323425        0.395663627341E-05
 1112         1       122.550992        0.122984557382E-30
 1112         2        58.558293        0.284599325322E-30
 1112         3        58.558293        0.313457218843E-37
 1112         4       142.112235        0.395031796547E-05
 1112         5       122.550992        0.951713939645E-37
 1112         6       116.517729        0.395770144263E-05
 1113         1       122.542460        0.000000000000E+00
 1113         2        58.608020        0.000000000000E+00
 1113         3        58.608020        0.123068814417E-28
 1113         4       142.005532        0.395383478198E-05
 1113         5       122.542460        0.266119369946E-29
 1113         6       116.708074        0.395664150937E-05
 1114         1       122.534347        0.164026847415E-37
 1114         2        58.656310        0.299698777260E-30
 1114         3        58.656310        0.947104806183E-38
 1114         4       141.900210        0.395927444863E-05
 1114         5       122.534347        0.266011321738E-29
 1114         6       116.894377        0.395347510830E-05
 1115         1       122.526642        0.133352094048E-30
 1115         2        58.703165        0.918699909946E-29
 1115         3        58.703165        0.243745643289E-38
 1115         4       141.796374        0.396658063901E-05
 1115         5       122.526642        0.265891365857E-29
 1115         6       117.076555        0.394828950952E-05
 1116         1       122.519332        0.255449254675E-37
 1116         2        58.748583        0.731142708775E-38
 1116         3        58.748583        0.247995614436E-38
 1116         4       141.694131        0.397573241263E-05
 1116         5       122.519332        0.618461583173E-38
 1116         6       117.254520        0.394111195108E-05
 1117         1       122.512407        0.200270934048E-37
 1117         2        58.792565        0.252223712978E-38
 1117         3        58.792565        0.419105902385E-38
 1117         4       141.593587        0.398665354053E-05
 1117         5       122.512407        0.158031592593E-29
 1117         6       117.428187        0.393205189989E-05
 1118         1       122.505853        0.298065383274E-37
 1118         2        58.835110        0.610794068164E-29
 1118         3        58.835110        0.000000000000E+00
 1118         4       141.494852        0.399928899188E-05
 1118         5       122.505853        0.265524690513E-29
 1118         6       117.597464        0.392117957938E-05
 1119         1       122.499659        0.265478633494E-29
 1119         2        58.876219        0.100620468984E-28
 1119         3        58.876219        0.000000000000E+00
 1119         4       141.398036        0.401356999457E-05
 1119         5       122.499659        0.141111384726E-37
 1119         6       117.762260        0.390858031764E-05
 1120         1       122.493812        0.265308141256E-29
 1120         2        58.915890        0.356690510703E-29
 1120         3        58.915890        0.000000000000E+00
 1120         4       141.303248        0.402939237441E-05
 1120         5       122.493812        0.155326229788E-29
 1120         6       117.922483        0.389439355205E-05
 1121         1       122.488301        0.235350623651E-37
 1121         2        58.954124        0.268881401356E-38
 1121         3        58.954124        0.354125823596E-30
 1121         4       141.210601        0.404666771334E-05
 1121         5       122.488301        0.258096547023E-29
 1121         6       118.078038        0.387872535382E-05
 1122         1       122.483113        0.265094293348E-29
 1122         2        58.990920        0.121530358594E-28
 1122         3        58.990920        0.000000000000E+00
 1122         4       141.120208        0.406529521805E-05
 1122         5       122.483113        0.265073866451E-29
 1122         6       118.228830        0.386169493760E-05
 1123         1       122.478238        0.105256770963E-37
 1123         2        59.026278        0.936286768577E-29
 1123         3        59.026278        0.000000000000E+00
 1123         4       141.032180        0.408514725007E-05
 1123         5       122.478238        0.152977415213E-37
 1123         6       118.374761        0.384346550051E-05
 1124         1       122.473662        0.264860200420E-29
 1124         2        59.060198        0.000000000000E+00
 1124         3        59.060198        0.569889385624E-29
 1124         4       140.946632        0.410610722176E-05
 1124         5       122.473662        0.189771775571E-37
 1124         6       118.515735        0.382417199247E-05
 1125         1       122.469376        0.529462653384E-29
 1125         2        59.092679        0.121091753561E-28
 1125         3        59.092679        0.000000000000E+00
 1125         4       140.863675        0.412804856015E-05
 1125         5       122.469376        0.617154990182E-38
 1125         6       118.651652        0.380395952218E-05
 1126         1       122.465367        0.000000000000E+00
 1126         2        59.123721        0.604725067973E-29
 1126         3        59.123721        0.000000000000E+00
 1126         4       140.783422        0.415082738065E-05
 1126         5       122.465367        0.456217025752E-29
 1126         6       118.782415        0.378300613823E-05
 1127         1       122.461625        0.000000000000E+00
 1127         2        59.153323        0.604129161292E-29
 1127         3        59.153323        0.403202895653E-30
 1127         4       140.705985        0.417430916812E-05
 1127         5       122.461625        0.000000000000E+00
 1127         6       118.907925        0.376145859236E-05
 1128         1       122.458139        0.117063252498E-37
 1128         2        59.181484        0.000000000000E+00
 1128         3        59.181484        0.000000000000E+00
 1128         4       140.631476        0.419834460473E-05
 1128         5       122.458139        0.152327142342E-29
 1128         6       119.028083        0.373949854408E-05
 1129         1       122.454899        0.264274540992E-29
 1129         2        59.208206        0.419816830684E-30
 1129         3        59.208206        0.000000000000E+00
 1129         4       140.560003        0.422278978785E-05
 1129         5       122.454899        0.264295749919E-29
 1129         6       119.142792        0.371728569822E-05
 1130         1       122.451894        0.392282323634E-37
 1130         2        59.233486        0.351514180831E-37
 1130         3        59.233486        0.850159669427E-38
 1130         4       140.491675        0.424749709161E-05
 1130         5       122.451894        0.528355230710E-29
 1130         6       119.251956        0.369498270484E-05
 1131         1       122.449116        0.226395953863E-29
 1131         2        59.257324        0.348220799185E-29
 1131         3        59.257324        0.601641842526E-29
 1131         4       140.426598        0.427231913681E-05
 1131         5       122.449116        0.144047453063E-37
 1131         6       119.355479        0.367276535450E-05
 1132         1       122.446555        0.160233644879E-38
 1132         2        59.279721        0.172980262137E-37
 1132         3        59.279721        0.601179076675E-29
 1132         4       140.364875        0.429711192811E-05
 1132         5       122.446555        0.738235589057E-29
 1132         6       119.453269        0.365078984555E-05
 1133         1       122.444202        0.199288565906E-30
 1133         2        59.300675        0.791922579598E-29
 1133         3        59.300675        0.000000000000E+00
 1133         4       140.306605        0.432173257843E-05
 1133         5       122.444202        0.199311829782E-30
 1133         6       119.545233        0.362921002941E-05
 1134         1       122.442049        0.203223872467E-30
 1134         2        59.320186        0.340616545884E-37
 1134         3        59.320186        0.600111346783E-29
 1134         4       140.251887        0.434604948549E-05
 1134         5       122.442049        0.563573634225E-37
 1134         6       119.631285        0.360818070477E-05
 1135         1       122.440088        0.263638936751E-29
 1135         2        59.338254        0.941043314948E-29
 1135         3        59.338254        0.471017823536E-30
 1135         4       140.200813        0.436992969201E-05
 1135         5       122.440088        0.263614939711E-29
 1135         6       119.711340        0.358783767906E-05
 1136         1       122.438312        0.115765926843E-37
 1136         2        59.354878        0.000000000000E+00
 1136         3        59.354878        0.479935496495E-30
 1136         4       140.153471        0.439326025700E-05
 1136         5       122.438312        0.263512559712E-29
 1136         6       119.785316        0.356831301907E-05
 1137         1       122.436714        0.330560938517E-38
 1137         2        59.370058        0.598679085084E-29
 1137         3        59.370058        0.598650531896E-29
 1137         4       140.109946        0.441592963731E-05
 1137         5       122.436714        0.413128352899E-29
 1137         6       119.853136        0.354972177324E-05
 1138         1       122.435288        0.157702421052E-29
 1138         2        59.383793        0.598257725156E-29
 1138         3        59.383793        0.598257725156E-29
 1138         4       140.070316        0.443783576004E-05
 1138         5       122.435288        0.263289311631E-29
 1138         6       119.914730        0.353216765940E-05
 1139         1       122.434027        0.354720449288E-38
 1139         2        59.396084        0.000000000000E+00
 1139         3        59.396084        0.115475928177E-28
 1139         4       140.034652        0.445890538552E-05
 1139         5       122.434027        0.263164558911E-29
 1139         6       119.970029        0.351573623680E-05
 1140         1       122.432927        0.263068695376E-29
 1140         2        59.406929        0.777728156553E-38
 1140         3        59.406929        0.515296406072E-30
 1140         4       140.003022        0.447906529903E-05
 1140         5       122.432927        0.218802475590E-37
 1140         6       120.018973        0.350049781028E-05
 1141         1       122.431984        0.262959979468E-29
 1141         2        59.416329        0.597062677984E-29
 1141         3        59.416329        0.194899057869E-37
 1141         4       139.975485        0.449825585032E-05
 1141         5       122.431984        0.133911308649E-37
 1141         6       120.061506        0.348650706498E-05
 1142         1       122.431192        0.146558857270E-37
 1142         2        59.424283        0.428925442156E-29
 1142         3        59.424283        0.680279527339E-37
 1142         4       139.952093        0.451645514395E-05
 1142         5       122.431192        0.262828976181E-29
 1142         6       120.097581        0.347379083459E-05
 1143         1       122.430549        0.227930930507E-38
 1143         2        59.430792        0.596456316909E-29
 1143         3        59.430792        0.528476295281E-37
 1143         4       139.932891        0.453363057226E-05
 1143         5       122.430549        0.238993524734E-30
 1143         6       120.127154        0.346236797785E-05
 1144         1       122.430052        0.184501931887E-38
 1144         2        59.435854        0.595991143161E-29
 1144         3        59.435854        0.154614289121E-36
 1144         4       139.917918        0.454979871351E-05
 1144         5       122.430052        0.782624186822E-38
 1144         6       120.150192        0.345222177340E-05
 1145         1       122.429698        0.262526756838E-29
 1145         2        59.439470        0.295627746595E-37
 1145         3        59.439470        0.595706970050E-29
 1145         4       139.907201        0.456497113055E-05
 1145         5       122.429698        0.262529108912E-29
 1145         6       120.166668        0.344332614461E-05
 1146         1       122.429487        0.262395367468E-29
 1146         2        59.441639        0.715921619107E-37
 1146         3        59.441639        0.119090435804E-28
 1146         4       139.900763        0.457917583911E-05
 1146         5       122.429487        0.262395541454E-29
 1146         6       120.176561        0.343563642652E-05
 1147         1       122.429416        0.255110268982E-30
 1147         2        59.442363        0.595163470412E-29
 1147         3        59.442363        0.595168695550E-29
 1147         4       139.898615        0.459248899252E-05
 1147         5       122.429416        0.262279100075E-29
 1147         6       120.179860        0.342906870187E-05
 1148         1       122.429129        0.453790800474E-14
 1148         2        59.443496        0.222787697059E-15
 1148         3        59.444888        0.126838068049E-09
 1148         4       139.897832        0.459230267173E-05
 1148         5       122.429855        0.542948299918E-09
 1148         6       120.179512        0.342873225765E-05
 1149         1       122.428267        0.726476099262E-13
 1149         2        59.446896        0.356904788381E-14
 1149         3        59.452461        0.507274610221E-09
 1149         4       139.895483        0.459174363878E-05
 1149         5       122.431169        0.216947737614E-08
 1149         6       120.178468        0.342772523902E-05
 1150         1       122.426829        0.367821703522E-12
 1150         2        59.452563        0.180734055784E-13
 1150         3        59.465079        0.114107685562E-08
 1150         4       139.891569        0.459081172301E-05
 1150         5       122.433358        0.487267883865E-08
 1150         6       120.176731        0.342605445799E-05
 1151         1       122.424817        0.116255062385E-11
 1151         2        59.460494        0.571228222016E-13
 1151         3        59.482737        0.202889535524E-08
 1151         4       139.886093        0.458950618672E-05
 1151         5       122.436416        0.864103296283E-08
 1151         6       120.174302        0.342373147377E-05
 1152         1       122.422229        0.283835218867E-11
 1152         2        59.470689        0.139438134325E-12
 1152         3        59.505426        0.316837255290E-08
 1152         4       139.879056        0.458782745563E-05
 1152         5       122.440339        0.134591053694E-07
 1152         6       120.171185        0.342077116003E-05
 1153         1       122.419064        0.588576793926E-11
 1153         2        59.483146        0.289063688304E-12
 1153         3        59.533136        0.455959434123E-08
 1153         4       139.870464        0.458577468367E-05
 1153         5       122.445120        0.193070940452E-07
 1153         6       120.167384        0.341719318206E-05
 1154         1       122.415322        0.109044010468E-10
 1154         2        59.497861        0.535341143843E-12
 1154         3        59.565855        0.620171774622E-08
 1154         4       139.860319        0.458334727531E-05
 1154         5       122.450750        0.261615859707E-07
 1154         6       120.162906        0.341302060217E-05
 1155         1       122.411002        0.186029505259E-10
 1155         2        59.514834        0.912883234945E-12
 1155         3        59.603569        0.809375178199E-08
 1155         4       139.848629        0.458054450862E-05
 1155         5       122.457220        0.339958226733E-07
 1155         6       120.157755        0.340827977021E-05
 1156         1       122.406102        0.297992617206E-10
 1156         2        59.534059        0.146154200583E-11
 1156         3        59.646259        0.102345601356E-07
 1156         4       139.835397        0.457736557785E-05
 1156         5       122.464520        0.427801067145E-07
 1156         6       120.151940        0.340299990342E-05
 1157         1       122.400623        0.454203938150E-10
 1157         2        59.555535        0.222637255437E-11
 1157         3        59.693908        0.126228640887E-07
 1157         4       139.820632        0.457380955713E-05
 1157         5       122.472636        0.524822366641E-07
 1157         6       120.145467        0.339721265974E-05
 1158         1       122.394561        0.665025704888E-10
 1158         2        59.579256        0.325763261923E-11
 1158         3        59.746495        0.152600825297E-07
 1158         4       139.804341        0.456987416458E-05
 1158         5       122.481555        0.630676004529E-07
 1158         6       120.138346        0.339095255296E-05
 1159         1       122.387917        0.941918012116E-10
 1159         2        59.605218        0.461058841164E-11
 1159         3        59.803995        0.181392422640E-07
 1159         4       139.786532        0.456556067955E-05
 1159         5       122.491264        0.745010378184E-07
 1159         6       120.130584        0.338425307771E-05
 1160         1       122.380688        0.129743324174E-09
 1160         2        59.633416        0.634567399314E-11
 1160         3        59.866384        0.212612404151E-07
 1160         4       139.767215        0.456086672442E-05
 1160         5       122.501747        0.867452326177E-07
 1160         6       120.122192        0.337715126782E-05
 1161         1       122.372872        0.174522223182E-09
 1161         2        59.663846        0.852830887692E-11
 1161         3        59.933634        0.246242645786E-07
 1161         4       139.746399        0.455579098214E-05
 1161         5       122.512987        0.997624957156E-07
 1161         6       120.113180        0.336968399382E-05
 1162         1       122.364469        0.230003551737E-09
 1162         2        59.696501        0.112288721789E-10
 1162         3        60.005717        0.282263795269E-07
 1162         4       139.724094        0.455033203191E-05
 1162         5       122.524967        0.113514855013E-06
 1162         6       120.103558        0.336188833250E-05
 1163         1       122.355476        0.297772607803E-09
 1163         2        59.731376        0.145226426985E-10
 1163         3        60.082600        0.320655320096E-07
 1163         4       139.700313        0.454448836365E-05
 1163         5       122.537670        0.127964444366E-06
 1163         6       120.093336        0.335380117392E-05
 1164         1       122.345890        0.379525267490E-09
 1164         2        59.768464        0.184897362501E-10
 1164         3        60.164252        0.361395554427E-07
 1164         4       139.675066        0.453825837617E-05
 1164         5       122.551076        0.143073858575E-06
 1164         6       120.082525        0.334545888397E-05
 1165         1       122.335711        0.477067663047E-09
 1165         2        59.807758        0.232152123073E-10
 1165         3        60.250635        0.404507646323E-07
 1165         4       139.648368        0.453163835469E-05
 1165         5       122.565167        0.158805916591E-06
 1165         6       120.071136        0.333689832804E-05
 1166         1       122.324935        0.592319382775E-09
 1166         2        59.849251        0.287883454096E-10
 1166         3        60.341715        0.449878490172E-07
 1166         4       139.620231        0.452463046968E-05
 1166         5       122.579923        0.175126132206E-06
 1166         6       120.059180        0.332815119310E-05
 1167         1       122.313560        0.727310145624E-09
 1167         2        59.892935        0.353035039102E-10
 1167         3        60.437452        0.497526770517E-07
 1167         4       139.590669        0.451723094911E-05
 1167         5       122.595323        0.191999699383E-06
 1167         6       120.046669        0.331925177104E-05
 1168         1       122.301585        0.884182918957E-09
 1168         2        59.938803        0.428594697446E-10
 1168         3        60.537806        0.547426825365E-07
 1168         4       139.559698        0.450943786559E-05
 1168         5       122.611347        0.209393829380E-06
 1168         6       120.033614        0.331023146635E-05
 1169         1       122.289006        0.106519409178E-08
 1169         2        59.986846        0.515595102515E-10
 1169         3        60.642735        0.599552137312E-07
 1169         4       139.527332        0.450124921025E-05
 1169         5       122.627975        0.227277377828E-06
 1169         6       120.020025        0.330111995425E-05
 1170         1       122.275821        0.127271435312E-08
 1170         2        60.037056        0.615113018797E-10
 1170         3        60.752196        0.653875385393E-07
 1170         4       139.493587        0.449266290847E-05
 1170         5       122.645183        0.245620963753E-06
 1170         6       120.005914        0.329194505060E-05
 1171         1       122.262028        0.150922969879E-08
 1171         2        60.089423        0.728268536463E-10
 1171         3        60.866144        0.710368506607E-07
 1171         4       139.458481        0.448367682332E-05
 1171         5       122.662952        0.264397050991E-06
 1171         6       119.991291        0.328273263483E-05
 1172         1       122.247623        0.177734021401E-08
 1172         2        60.143938        0.856228742683E-10
 1172         3        60.984532        0.769065439576E-07
 1172         4       139.422029        0.447428599019E-05
 1172         5       122.681258        0.283579273654E-06
 1172         6       119.976167        0.327350836519E-05
 1173         1       122.232604        0.207977050924E-08
 1173         2        60.200592        0.100018966634E-09
 1173         3        61.107312        0.829813766936E-07
 1173         4       139.384251        0.446449356353E-05
 1173         5       122.700081        0.303145341569E-06
 1173         6       119.960553        0.326429057326E-05
 1174         1       122.216968        0.241935805927E-08
 1174         2        60.259374        0.116140064975E-09
 1174         3        61.234436        0.892643882494E-07
 1174         4       139.345165        0.445429457887E-05
 1174         5       122.719398        0.323072745187E-06
 1174         6       119.944459        0.325510081021E-05
 1175         1       122.200712        0.279906333860E-08
 1175         2        60.320275        0.134114727138E-09
 1175         3        61.365852        0.957525338927E-07
 1175         4       139.304788        0.444368667629E-05
 1175         5       122.739187        0.343341567288E-06
 1175         6       119.927895        0.324595690485E-05
 1176         1       122.183833        0.322196968540E-08
 1176         2        60.383282        0.154075453638E-09
 1176         3        61.501509        0.102442723324E-06
 1176         4       139.263142        0.443266744567E-05
 1176         5       122.759425        0.363933735284E-06
 1176         6       119.910871        0.323687470977E-05
 1177         1       122.166329        0.369128544684E-08
 1177         2        60.448386        0.176158608507E-09
 1177         3        61.641355        0.109331826336E-06
 1177         4       139.220245        0.442123445156E-05
 1177         5       122.780090        0.384832961434E-06
 1177         6       119.893397        0.322786816558E-05
 1178         1       122.148196        0.421034088896E-08
 1178         2        60.515575        0.200505158180E-09
 1178         3        61.785335        0.116424314589E-06
 1178         4       139.176117        0.440938188461E-05
 1178         5       122.801161        0.406023800175E-06
 1178         6       119.875481        0.321895147771E-05
 1179         1       122.129432        0.478261200913E-08
 1179         2        60.584838        0.227257420660E-09
 1179         3        61.933394        0.123701945207E-06
 1179         4       139.130780        0.439711383059E-05
 1179         5       122.822614        0.427495020487E-06
 1179         6       119.857133        0.321013081287E-05
 1180         1       122.110034        0.541169286162E-08
 1180         2        60.656163        0.256563647409E-09
 1180         3        62.085477        0.131168915276E-06
 1180         4       139.084255        0.438442452430E-05
 1180         5       122.844426        0.449234372337E-06
 1180         6       119.838362        0.320141686056E-05
 1181         1       122.089997        0.610131865722E-08
 1181         2        60.729537        0.288574919169E-09
 1181         3        62.241526        0.138821991225E-06
 1181         4       139.036564        0.437131143459E-05
 1181         5       122.866577        0.471231897697E-06
 1181         6       119.819176        0.319281666274E-05
 1182         1       122.069321        0.685536464033E-08
 1182         2        60.804948        0.323445817877E-09
 1182         3        62.401485        0.146657926214E-06
 1182         4       138.987728        0.435777202286E-05
 1182         5       122.889043        0.493478988257E-06
 1182         6       119.799583        0.318433574059E-05
 1183         1       122.048001        0.767785018254E-08
 1183         2        60.882384        0.361334363592E-09
 1183         3        62.565293        0.154673465104E-06
 1183         4       138.937769        0.434380374104E-05
 1183         5       122.911802        0.515968288052E-06
 1183         6       119.779591        0.317597819803E-05
 1184         1       122.026034        0.857294325406E-08
 1184         2        60.961832        0.402401946448E-09
 1184         3        62.732893        0.162865349704E-06
 1184         4       138.886712        0.432940406140E-05
 1184         5       122.934831        0.538693590748E-06
 1184         6       119.759208        0.316774679694E-05
 1185         1       122.003419        0.954495295198E-08
 1185         2        61.043278        0.446814678930E-09
 1185         3        62.904224        0.171239452404E-06
 1185         4       138.834578        0.431456649167E-05
 1185         5       122.958110        0.561648698136E-06
 1185         6       119.738442        0.315964547360E-05
 1186         1       121.980152        0.105983834818E-07
 1186         2        61.126709        0.494737807966E-09
 1186         3        63.079226        0.179774465291E-06
 1186         4       138.781390        0.429929636873E-05
 1186         5       122.981615        0.584831492412E-06
 1186         6       119.717299        0.315166979193E-05
 1187         1       121.956229        0.117378694260E-07
 1187         2        61.212111        0.546343807865E-09
 1187         3        63.257838        0.188476069207E-06
 1187         4       138.727174        0.428358733666E-05
 1187         5       123.005324        0.608237630366E-06
 1187         6       119.695786        0.314382140389E-05
 1188         1       121.931650        0.129682283104E-07
 1188         2        61.299471        0.601806996969E-09
 1188         3        63.439998        0.197341034362E-06
 1188         4       138.671951        0.426743695376E-05
 1188         5       123.029216        0.631864570034E-06
 1188         6       119.673910        0.313609857102E-05
 1189         1       121.906410        0.142944567663E-07
 1189         2        61.388775        0.661304800942E-09
 1189         3        63.625646        0.206366148643E-06
 1189         4       138.615748        0.425084281589E-05
 1189         5       123.053268        0.655710463680E-06
 1189         6       119.651677        0.312849863053E-05
 1190         1       121.880507        0.157217384816E-07
 1190         2        61.480008        0.725017714877E-09
 1190         3        63.814717        0.215548219958E-06
 1190         4       138.558587        0.423380257169E-05
 1190         5       123.077460        0.679774077843E-06
 1190         6       119.629094        0.312101804479E-05
 1191         1       121.853940        0.172554530124E-07
 1191         2        61.573156        0.793129260299E-09
 1191         3        64.007150        0.224884080157E-06
 1191         4       138.500493        0.421631393358E-05
 1191         5       123.101768        0.704054716511E-06
 1191         6       119.606166        0.311365247288E-05
 1192         1       121.826705        0.189011600938E-07
 1192         2        61.668204        0.865828125036E-09
 1192         3        64.202882        0.234381095813E-06
 1192         4       138.441491        0.419837017212E-05
 1192         5       123.126173        0.728550874292E-06
 1192         6       119.582899        0.310639949929E-05
 1193         1       121.798800        0.206647090739E-07
 1193         2        61.765137        0.943299594424E-09
 1193         3        64.401850        0.244015326321E-06
 1193         4       138.381606        0.417997805464E-05
 1193         5       123.150651        0.753265231563E-06
 1193         6       119.559298        0.309924800723E-05
 1194         1       121.770224        0.225521055917E-07
 1194         2        61.863941        0.102573815973E-08
 1194         3        64.603990        0.253794011199E-06
 1194         4       138.320863        0.416113109289E-05
 1194         5       123.175182        0.778197052851E-06
 1194         6       119.535368        0.309219418145E-05
 1195         1       121.740973        0.245696185403E-07
 1195         2        61.964600        0.111333919438E-08
 1195         3        64.809239        0.263714105077E-06
 1195         4       138.259286        0.414182730975E-05
 1195         5       123.199745        0.803347119151E-06
 1195         6       119.511115        0.308523095929E-05
 1196         1       121.711048        0.267237707544E-07
 1196         2        62.067099        0.120630099008E-08
 1196         3        65.017534        0.273772600331E-06
 1196         4       138.196902        0.412206482806E-05
 1196         5       123.224318        0.828716432183E-06
 1196         6       119.486544        0.307835068433E-05
 1197         1       121.680445        0.290213540707E-07
 1197         2        62.171422        0.130482475167E-08
 1197         3        65.228811        0.283966529498E-06
 1197         4       138.133734        0.410184188296E-05
 1197         5       123.248881        0.854306167281E-06
 1197         6       119.461658        0.307154514452E-05
 1198         1       121.649163        0.314694457678E-07
 1198         2        62.277554        0.140911459428E-08
 1198         3        65.443007        0.294292963484E-06
 1198         4       138.069809        0.408115683061E-05
 1198         5       123.273413        0.880117624168E-06
 1198         6       119.436462        0.306480559164E-05
 1199         1       121.617202        0.340753792933E-07
 1199         2        62.385480        0.151938059061E-08
 1199         3        65.660057        0.304760783805E-06
 1199         4       138.005151        0.406000322282E-05
 1199         5       123.297892        0.906150620949E-06
 1199         6       119.410961        0.305812569224E-05
 1200         1       121.584560        0.368469480099E-07
 1200         2        62.495182        0.163582673195E-08
 1200         3        65.879900        0.315343787078E-06
 1200         4       137.939786        0.403838949187E-05
 1200         5       123.322298        0.932409662462E-06
 1200         6       119.385158        0.305148986751E-05
 1201         1       121.551236        0.397921558892E-07
 1201         2        62.606646        0.175866882190E-08
 1201         3        66.102470        0.326050772702E-06
 1201         4       137.873739        0.401630953243E-05
 1201         5       123.346612        0.958894660160E-06
 1201         6       119.359056        0.304489074257E-05
 1202         1       121.517230        0.429194173411E-07
 1202         2        62.719855        0.188812269667E-08
 1202         3        66.327707        0.336878989295E-06
 1202         4       137.807034        0.399376227878E-05
 1202         5       123.370812        0.985607016089E-06
 1202         6       119.332661        0.303831755770E-05
 1203         1       121.482541        0.462375389568E-07
 1203         2        62.834792        0.202440719204E-08
 1203         3        66.555545        0.347825737026E-06
 1203         4       137.739698        0.397074682848E-05
 1203         5       123.394878        0.101254807228E-05
 1203         6       119.305974        0.303175906350E-05
 1204         1       121.447169        0.497557468147E-07
 1204         2        62.951443        0.216774414654E-08
 1204         3        66.785924        0.358888361960E-06
 1204         4       137.671756        0.394726245587E-05
 1204         5       123.418791        0.103971908317E-05
 1204         6       119.278998        0.302520349362E-05
 1205         1       121.411115        0.534837162071E-07
 1205         2        63.069790        0.231835843724E-08
 1205         3        67.018779        0.370064258279E-06
 1205         4       137.603231        0.392330863645E-05
 1205         5       123.442531        0.106712119045E-05
 1205         6       119.251738        0.301863857547E-05
 1206         1       121.374378        0.574315228371E-07
 1206         2        63.189816        0.247648205247E-08
 1206         3        67.254050        0.381363773648E-06
 1206         4       137.534149        0.389887977718E-05
 1206         5       123.466077        0.109475345562E-05
 1206         6       119.224195        0.301205463784E-05
 1207         1       121.336960        0.616099959332E-07
 1207         2        63.311506        0.264233825196E-08
 1207         3        67.491674        0.392758753529E-06
 1207         4       137.464535        0.387398623218E-05
 1207         5       123.489411        0.112262053805E-05
 1207         6       119.196372        0.300543206779E-05
 1208         1       121.298862        0.660302876715E-07
 1208         2        63.434843        0.281616519922E-08
 1208         3        67.731589        0.404259488595E-06
 1208         4       137.394413        0.384862288171E-05
 1208         5       123.512514        0.115072121588E-05
 1208         6       119.168271        0.299876002050E-05
 1209         1       121.260084        0.707042207458E-07
 1209         2        63.559809        0.299820046372E-08
 1209         3        67.973736        0.415863574876E-06
 1209         4       137.323808        0.382279005571E-05
 1209         5       123.535365        0.117905594987E-05
 1209         6       119.139893        0.299202394004E-05
 1210         1       121.220630        0.756442578486E-07
 1210         2        63.686389        0.318868491148E-08
 1210         3        68.218051        0.427568657965E-06
 1210         4       137.252744        0.379648832897E-05
 1210         5       123.557946        0.120762497802E-05
 1210         6       119.111242        0.298520860757E-05
 1211         1       121.180501        0.808635493192E-07
 1211         2        63.814565        0.338786280125E-08
 1211         3        68.464476        0.439372435888E-06
 1211         4       137.181245        0.376971852815E-05
 1211         5       123.580239        0.123642830747E-05
 1211         6       119.082318        0.297829812266E-05
 1212         1       121.139699        0.863759855384E-07
 1212         2        63.944321        0.359598183546E-08
 1212         3        68.712951        0.451272652519E-06
 1212         4       137.109335        0.374248174597E-05
 1212         5       123.602224        0.126546569298E-05
 1212         6       119.053122        0.297127584686E-05
 1213         1       121.098228        0.921961207710E-07
 1213         2        64.075640        0.381329818817E-08
 1213         3        68.963415        0.463281024266E-06
 1213         4       137.037036        0.371477389905E-05
 1213         5       123.623884        0.129473420709E-05
 1213         6       119.023655        0.296412769296E-05
 1214         1       121.056091        0.983397519635E-07
 1214         2        64.208504        0.404005699233E-08
 1214         3        69.215809        0.475367697773E-06
 1214         4       136.964374        0.368660752250E-05
 1214         5       123.645200        0.132423781437E-05
 1214         6       118.993919        0.295682872255E-05
 1215         1       121.013292        0.104823219084E-06
 1215         2        64.342898        0.427652161348E-08
 1215         3        69.470075        0.487544350160E-06
 1215         4       136.891371        0.365797914647E-05
 1215         5       123.666154        0.135397309411E-05
 1215         6       118.963913        0.294936307213E-05
 1216         1       120.969835        0.111663976484E-06
 1216         2        64.478803        0.452295441817E-08
 1216         3        69.726155        0.499808923848E-06
 1216         4       136.818049        0.362889102616E-05
 1216         5       123.686728        0.138393865903E-05
 1216         6       118.933637        0.294171057511E-05
 1217         1       120.925725        0.118880544447E-06
 1217         2        64.616203        0.477962166679E-08
 1217         3        69.983991        0.512159414856E-06
 1217         4       136.744432        0.359934575103E-05
 1217         5       123.706905        0.141413281128E-05
 1217         6       118.903092        0.293385002239E-05
 1218         1       120.880967        0.126492588926E-06
 1218         2        64.755081        0.504679361684E-08
 1218         3        70.243525        0.524593862905E-06
 1218         4       136.670542        0.356934623218E-05
 1218         5       123.726668        0.144455351989E-05
 1218         6       118.872275        0.292575907591E-05
 1219         1       120.835568        0.134521007265E-06
 1219         2        64.895420        0.532474463126E-08
 1219         3        70.504702        0.537110357256E-06
 1219         4       136.596402        0.353889573037E-05
 1219         5       123.745999        0.147519841995E-05
 1219         6       118.841187        0.291741417966E-05
 1220         1       120.789534        0.142987816852E-06
 1220         2        65.037202        0.561375903321E-08
 1220         3        70.767463        0.549721851924E-06
 1220         4       136.522031        0.350799235012E-05
 1220         5       123.764881        0.150606180173E-05
 1220         6       118.809826        0.290879402087E-05
 1221         1       120.742872        0.151917048519E-06
 1221         2        65.180411        0.591410837435E-08
 1221         3        71.031755        0.562397012109E-06
 1221         4       136.447453        0.347665110065E-05
 1221         5       123.783297        0.153714649473E-05
 1221         6       118.778190        0.289986527440E-05
 1222         1       120.695590        0.161333670730E-06
 1222         2        65.325030        0.622608564634E-08
 1222         3        71.297522        0.575148762070E-06
 1222         4       136.372689        0.344487083173E-05
 1222         5       123.801232        0.156844615232E-05
 1222         6       118.746277        0.289060368327E-05
 1223         1       120.647696        0.171264470370E-06
 1223         2        65.471042        0.654998278354E-08
 1223         3        71.564708        0.587975373896E-06
 1223         4       136.297759        0.341265628696E-05
 1223         5       123.818668        0.159995695411E-05
 1223         6       118.714083        0.288097987146E-05
 1224         1       120.599200        0.181737974281E-06
 1224         2        65.618429        0.688609645139E-08
 1224         3        71.833261        0.600875163990E-06
 1224         4       136.222684        0.338001262108E-05
 1224         5       123.835590        0.163167469706E-05
 1224         6       118.681606        0.287096272533E-05
 1225         1       120.550111        0.192784566007E-06
 1225         2        65.767175        0.723472810320E-08
 1225         3        72.103125        0.613846491183E-06
 1225         4       136.147484        0.334694538849E-05
 1225         5       123.851982        0.166359477823E-05
 1225         6       118.648841        0.286051928735E-05
 1226         1       120.500441        0.204436325191E-06
 1226         2        65.917263        0.759619037295E-08
 1226         3        72.374249        0.626903259157E-06
 1226         4       136.072179        0.331345511684E-05
 1226         5       123.867828        0.169570860095E-05
 1226         6       118.615784        0.284961835616E-05
 1227         1       120.450201        0.216728256761E-06
 1227         2        66.068674        0.797078249657E-08
 1227         3        72.646579        0.640013015546E-06
 1227         4       135.996789        0.327955916230E-05
 1227         5       123.883113        0.172801781683E-05
 1227         6       118.582431        0.283821550577E-05
 1228         1       120.399403        0.229696776747E-06
 1228         2        66.221394        0.835882738320E-08
 1228         3        72.920064        0.653189639202E-06
 1228         4       135.921332        0.324525890090E-05
 1228         5       123.897822        0.176051309585E-05
 1228         6       118.548774        0.282627519922E-05
 1229         1       120.348062        0.243380911172E-06
 1229         2        66.375404        0.876064719925E-08
 1229         3        73.194652        0.666431656293E-06
 1229         4       135.845828        0.321056165150E-05
 1229         5       123.911939        0.179318816208E-05
 1229         6       118.514808        0.281375586217E-05
 1230         1       120.296191        0.257822151365E-06
 1230         2        66.530688        0.917656969121E-08
 1230         3        73.470291        0.679737631633E-06
 1230         4       135.770295        0.317547519070E-05
 1230         5       123.925451        0.182603629817E-05
 1230         6       118.480525        0.280061346101E-05
 1231         1       120.243807        0.273064564378E-06
 1231         2        66.687228        0.960692828246E-08
 1231         3        73.746932        0.693106170619E-06
 1231         4       135.694751        0.314000776560E-05
 1231         5       123.938342        0.185905034489E-05
 1231         6       118.445917        0.278680138750E-05
 1232         1       120.190925        0.289154894721E-06
 1232         2        66.845008        0.100520622051E-07
 1232         3        74.024524        0.706535914418E-06
 1232         4       135.619214        0.310416811466E-05
 1232         5       123.950600        0.189222268235E-05
 1232         6       118.410975        0.277227035423E-05
 1233         1       120.137565        0.306142258833E-06
 1233         2        67.004011        0.105123231200E-07
 1233         3        74.303018        0.720041747350E-06
 1233         4       135.543701        0.306796019557E-05
 1233         5       123.962209        0.192554084981E-05
 1233         6       118.375689        0.275697223178E-05
 1234         1       120.083745        0.324079759049E-06
 1234         2        67.164220        0.109880496580E-07
 1234         3        74.582365        0.733590074727E-06
 1234         4       135.468229        0.303140429705E-05
 1234         5       123.973156        0.195900493523E-05
 1234         6       118.340047        0.274084432128E-05
 1235         1       120.029485        0.343022217561E-06
 1235         2        67.325618        0.114796059910E-07
 1235         3        74.862516        0.747195757703E-06
 1235         4       135.392815        0.299450535118E-05
 1235         5       123.983428        0.199260165078E-05
 1235         6       118.304039        0.272383276660E-05
 1236         1       119.974807        0.363027690143E-06
 1236         2        67.488189        0.119873563362E-07
 1236         3        75.143424        0.760857587121E-06
 1236         4       135.317475        0.295727410337E-05
 1236         5       123.993013        0.202632149043E-05
 1236         6       118.267650        0.270587694808E-05
 1237         1       119.919736        0.384157037715E-06
 1237         2        67.651915        0.125116716626E-07
 1237         3        75.425040        0.774574388877E-06
 1237         4       135.242224        0.291972181836E-05
 1237         5       124.001896        0.206015445762E-05
 1237         6       118.230865        0.268691343835E-05
 1238         1       119.864295        0.406473815462E-06
 1238         2        67.816780        0.130529296793E-07
 1238         3        75.707318        0.788345021745E-06
 1238         4       135.167078        0.288186028531E-05
 1238         5       124.010066        0.209409006923E-05
 1238         6       118.193670        0.266687610641E-05
 1239         1       119.808512        0.430044081207E-06
 1239         2        67.982768        0.136115151723E-07
 1239         3        75.990211        0.802168379661E-06
 1239         4       135.092052        0.284370182743E-05
 1239         5       124.017511        0.212811733902E-05
 1239         6       118.156047        0.264569630885E-05
 1240         1       119.752414        0.454935604739E-06
 1240         2        68.149861        0.141878261200E-07
 1240         3        76.273673        0.816060193262E-06
 1240         4       135.017160        0.280525436954E-05
 1240         5       124.024218        0.216221951742E-05
 1240         6       118.117976        0.262330727053E-05
 1241         1       119.696032        0.481219520524E-06
 1241         2        68.318043        0.147822498000E-07
 1241         3        76.557658        0.829985894414E-06
 1241         4       134.942416        0.276654120858E-05
 1241         5       124.030177        0.219639502760E-05
 1241         6       118.079438        0.259962806710E-05
 1242         1       119.639398        0.508966773226E-06
 1242         2        68.487297        0.153951992278E-07
 1242         3        76.842121        0.843961202980E-06
 1242         4       134.867834        0.272757128630E-05
 1242         5       124.035376        0.223062625236E-05
 1242         6       118.040411        0.257458871758E-05
 1243         1       119.582546        0.538249458076E-06
 1243         2        68.657608        0.160270890427E-07
 1243         3        77.127017        0.857985140252E-06
 1243         4       134.793428        0.268835906191E-05
 1243         5       124.039805        0.226490020822E-05
 1243         6       118.000871        0.254811449386E-05
 1244         1       119.525510        0.569139487691E-06
 1244         2        68.828958        0.166783419100E-07
 1244         3        77.412301        0.872056767904E-06
 1244         4       134.719209        0.264891952621E-05
 1244         5       124.043452        0.229920340991E-05
 1244         6       117.960793        0.252013083432E-05
 1245         1       119.468330        0.601707564030E-06
 1245         2        69.001330        0.173493886288E-07
 1245         3        77.697930        0.886175173235E-06
 1245         4       134.645190        0.260926820286E-05
 1245         5       124.046308        0.233352188335E-05
 1245         6       117.920150        0.249056437370E-05
 1246         1       119.411045        0.636021937245E-06
 1246         2        69.174709        0.180406683262E-07
 1246         3        77.983860        0.900339476654E-06
 1246         4       134.571382        0.256942113787E-05
 1246         5       124.048363        0.236784115635E-05
 1246         6       117.878913        0.245934418364E-05
 1247         1       119.353697        0.672146320115E-06
 1247         2        69.349078        0.187526335333E-07
 1247         3        78.270048        0.914566141169E-06
 1247         4       134.497798        0.252939043869E-05
 1247         5       124.049609        0.240214002748E-05
 1247         6       117.837052        0.242640749872E-05
 1248         1       119.296329        0.710140673965E-06
 1248         2        69.524421        0.194857308632E-07
 1248         3        78.556450        0.928819795997E-06
 1248         4       134.424448        0.248920216285E-05
 1248         5       124.050035        0.243641541422E-05
 1248         6       117.794533        0.239168437747E-05
 1249         1       119.238989        0.750055567781E-06
 1249         2        69.700722        0.202404307777E-07
 1249         3        78.843024        0.943116895299E-06
 1249         4       134.351342        0.244886934935E-05
 1249         5       124.049634        0.247064532109E-05
 1249         6       117.751322        0.235512516063E-05
 1250         1       119.181723        0.791932485644E-06
 1250         2        69.877963        0.210172080307E-07
 1250         3        79.129728        0.957456683489E-06
 1250         4       134.278490        0.240841005279E-05
 1250         5       124.048397        0.250481339085E-05
 1250         6       117.707384        0.231668562367E-05
 1251         1       119.124582        0.835800871370E-06
 1251         2        70.056130        0.218165466960E-07
 1251         3        79.416519        0.971838436436E-06
 1251         4       134.205902        0.236784278873E-05
 1251         5       124.046317        0.253890283629E-05
 1251         6       117.662682        0.227633357324E-05
 1252         1       119.067617        0.881675638374E-06
 1252         2        70.235205        0.226389405766E-07
 1252         3        79.703357        0.986261457739E-06
 1252         4       134.133585        0.232718653174E-05
 1252         5       124.043388        0.257289644447E-05
 1252         6       117.617175        0.223405132304E-05
 1253         1       119.010880        0.929554612028E-06
 1253         2        70.415172        0.234848933487E-07
 1253         3        79.990200        0.100072508189E-05
 1253         4       134.061549        0.228646068339E-05
 1253         5       124.039602        0.260677659605E-05
 1253         6       117.570825        0.218983825979E-05
 1254         1       118.954425        0.979415326589E-06
 1254         2        70.596017        0.243549213631E-07
 1254         3        80.277007        0.101524639765E-05
 1254         4       133.989801        0.224568116617E-05
 1254         5       124.034953        0.264051800671E-05
 1254         6       117.523590        0.214371770749E-05
 1255         1       118.898307        0.103121526706E-05
 1255         2        70.777721        0.252495434372E-07
 1255         3        80.563737        0.102978940572E-05
 1255         4       133.918348        0.220487602564E-05
 1255         5       124.029436        0.267411674033E-05
 1255         6       117.475429        0.209572204569E-05
 1256         1       118.842581        0.108488577278E-05
 1256         2        70.960270        0.261692973583E-07
 1256         3        80.850350        0.104437119998E-05
 1256         4       133.847196        0.216406183696E-05
 1256         5       124.023047        0.270754696737E-05
 1256         6       117.426299        0.204592075285E-05
 1257         1       118.787302        0.114033299888E-05
 1257         2        71.143647        0.271147289546E-07
 1257         3        81.136805        0.105899123478E-05
 1257         4       133.776352        0.212325946900E-05
 1257         5       124.015779        0.274078970326E-05
 1257         6       117.376161        0.199440482553E-05
 1258         1       118.732526        0.119743614861E-05
 1258         2        71.327836        0.280863953277E-07
 1258         3        81.423062        0.107364899817E-05
 1258         4       133.705822        0.208249007994E-05
 1258         5       124.007631        0.277382567772E-05
 1258         6       117.324971        0.194129219109E-05
 1259         1       118.678305        0.125604712326E-05
 1259         2        71.512822        0.290848649120E-07
 1259         3        81.709083        0.108834400634E-05
 1259         4       133.635609        0.204177508764E-05
 1259         5       123.998598        0.280663539472E-05
 1259         6       117.272692        0.188672806164E-05
 1260         1       118.624692        0.131599105313E-05
 1260         2        71.698588        0.301107180512E-07
 1260         3        81.994826        0.110307580332E-05
 1260         4       133.565717        0.200113611945E-05
 1260         5       123.988679        0.283919914984E-05
 1260         6       117.219283        0.183088440576E-05
 1261         1       118.571738        0.137706725812E-05
 1261         2        71.885119        0.311645461379E-07
 1261         3        82.280253        0.111786201988E-05
 1261         4       133.496152        0.196059176280E-05
 1261         5       123.977871        0.287148873377E-05
 1261         6       117.164711        0.177396264381E-05
 1262         1       118.519490        0.143905396384E-05
 1262         2        72.072399        0.322469553234E-07
 1262         3        82.565324        0.113266620023E-05
 1262         4       133.426915        0.192017050909E-05
 1262         5       123.966173        0.290350071826E-05
 1262         6       117.108941        0.171617428304E-05
 1263         1       118.467994        0.150170847950E-05
 1263         2        72.260411        0.333585627548E-07
 1263         3        82.850001        0.114750599280E-05
 1263         4       133.358008        0.187989106457E-05
 1263         5       123.953584        0.293520684355E-05
 1263         6       117.051943        0.165776272199E-05
 1264         1       118.417292        0.156477386019E-05
 1264         2        72.449141        0.344999989137E-07
 1264         3        83.134244        0.116238106763E-05
 1264         4       133.289434        0.183977550626E-05
 1264         5       123.940105        0.296658703244E-05
 1264         6       116.993691        0.159898192694E-05
 1265         1       118.367421        0.162798348482E-05
 1265         2        72.638572        0.356719077726E-07
 1265         3        83.418014        0.117729112808E-05
 1265         4       133.221193        0.179984589784E-05
 1265         5       123.925737        0.299762121388E-05
 1265         6       116.934163        0.154009552743E-05
 1266         1       118.318415        0.169106668620E-05
 1266         2        72.828689        0.368749470888E-07
 1266         3        83.701274        0.119223590493E-05
 1266         4       133.153285        0.176012424953E-05
 1266         5       123.910481        0.302828939448E-05
 1266         6       116.873339        0.148137116820E-05
 1267         1       118.270304        0.175375462655E-05
 1267         2        73.019476        0.381097888009E-07
 1267         3        83.983984        0.120721516418E-05
 1267         4       133.085711        0.172063245870E-05
 1267         5       123.894339        0.305857169493E-05
 1267         6       116.811208        0.142307465182E-05
 1268         1       118.223113        0.181578587878E-05
 1268         2        73.210918        0.393771131102E-07
 1268         3        84.266105        0.122224699613E-05
 1268         4       133.018468        0.168138973827E-05
 1268         5       123.877316        0.308843899597E-05
 1268         6       116.747758        0.136546799361E-05
 1269         1       118.176864        0.187691276893E-05
 1269         2        73.402998        0.406776328662E-07
 1269         3        84.547600        0.123729466844E-05
 1269         4       132.951556        0.164242274936E-05
 1269         5       123.859414        0.311789050317E-05
 1269         6       116.682987        0.130878848186E-05
 1270         1       118.131573        0.193690474382E-05
 1270         2        73.595701        0.420120595027E-07
 1270         3        84.828430        0.125237630632E-05
 1270         4       132.884971        0.160375010969E-05
 1270         5       123.840638        0.314689774980E-05
 1270         6       116.616893        0.125326721187E-05
 1271         1       118.087252        0.199555338591E-05
 1271         2        73.789013        0.433811256623E-07
 1271         3        85.108556        0.126749180622E-05
 1271         4       132.818711        0.156539273601E-05
 1271         5       123.820995        0.317544187673E-05
 1271         6       116.549481        0.119910946884E-05
 1272         1       118.043912        0.205267516884E-05
 1272         2        73.982916        0.447855802190E-07
 1272         3        85.387940        0.128264108914E-05
 1272         4       132.752771        0.152737116014E-05
 1272         5       123.800489        0.320350441426E-05
 1272         6       116.480760        0.114649561712E-05
 1273         1       118.001558        0.210811345290E-05
 1273         2        74.177396        0.462261888444E-07
 1273         3        85.666545        0.129782411911E-05
 1273         4       132.687147        0.148970547262E-05
 1273         5       123.779130        0.323106733717E-05
 1273         6       116.410740        0.109557910688E-05
 1274         1       117.960191        0.216173966910E-05
 1274         2        74.372437        0.477037222094E-07
 1274         3        85.944330        0.131305931809E-05
 1274         4       132.621834        0.145241336446E-05
 1274         5       123.756923        0.325810283912E-05
 1274         6       116.339438        0.104648892077E-05
 1275         1       117.919813        0.221345258495E-05
 1275         2        74.568024        0.492190045023E-07
 1275         3        86.221259        0.132830986185E-05
 1275         4       132.556826        0.141551780555E-05
 1275         5       123.733879        0.328461436956E-05
 1275         6       116.266871        0.999315772556E-06
 1276         1       117.880420        0.226317849167E-05
 1276         2        74.764141        0.507728436734E-07
 1276         3        86.497291        0.134359422184E-05
 1276         4       132.492116        0.137903524127E-05
 1276         5       123.710008        0.331057542723E-05
 1276         6       116.193061        0.954133722692E-06
 1277         1       117.842009        0.231086910662E-05
 1277         2        74.960774        0.523660780426E-07
 1277         3        86.772390        0.135891249004E-05
 1277         4       132.427696        0.134298347502E-05
 1277         5       123.685318        0.333597029750E-05
 1277         6       116.118029        0.910987737464E-06
 1278         1       117.804575        0.235649965417E-05
 1278         2        75.157905        0.539995650301E-07
 1278         3        87.046516        0.137426478496E-05
 1278         4       132.363559        0.130737961816E-05
 1278         5       123.659823        0.336078397242E-05
 1278         6       116.041801        0.869899232506E-06
 1279         1       117.768111        0.240006649098E-05
 1279         2        75.355522        0.556741828084E-07
 1279         3        87.319631        0.138965126187E-05
 1279         4       132.299696        0.127224003534E-05
 1279         5       123.633533        0.338500220054E-05
 1279         6       115.964402        0.830868462080E-06
 1280         1       117.732610        0.244158447923E-05
 1280         2        75.553607        0.573908301529E-07
 1280         3        87.591695        0.140507211004E-05
 1280         4       132.236097        0.123758030939E-05
 1280         5       123.606463        0.340861151976E-05
 1280         6       115.885858        0.793877124760E-06
 1281         1       117.698066        0.248108508015E-05
 1281         2        75.752145        0.591504056280E-07
 1281         3        87.862670        0.142054605884E-05
 1281         4       132.172752        0.120341398088E-05
 1281         5       123.578626        0.343158807958E-05
 1281         6       115.806198        0.758893889922E-06
 1282         1       117.664470        0.251861078707E-05
 1282         2        75.951122        0.609538941050E-07
 1282         3        88.132515        0.143603633506E-05
 1282         4       132.109651        0.116975747141E-05
 1282         5       123.550036        0.345394244387E-05
 1282         6       115.725447        0.725865533896E-06
 1283         1       117.631817        0.255421685704E-05
 1283         2        76.150523        0.628022410483E-07
 1283         3        88.401193        0.145156172309E-05
 1283         4       132.046782        0.113662246920E-05
 1283         5       123.520709        0.347565266700E-05
 1283         6       115.643635        0.694736838215E-06
 1284         1       117.600100        0.258796623341E-05
 1284         2        76.350331        0.646964364584E-07
 1284         3        88.668663        0.146712253369E-05
 1284         4       131.984133        0.110402105151E-05
 1284         5       123.490661        0.349670883918E-05
 1284         6       115.560788        0.665441250452E-06
 1285         1       117.569313        0.261992808879E-05
 1285         2        76.550532        0.666374947971E-07
 1285         3        88.934886        0.148271910121E-05
 1285         4       131.921692        0.107196434673E-05
 1285         5       123.459910        0.351710201046E-05
 1285         6       115.476934        0.637905934123E-06
 1286         1       117.539453        0.265017596242E-05
 1286         2        76.751111        0.686264565066E-07
 1286         3        89.199820        0.149835178855E-05
 1286         4       131.859446        0.104046251041E-05
 1286         5       123.428472        0.353682421251E-05
 1286         6       115.392099        0.612053634291E-06
 1287         1       117.510514        0.267878614658E-05
 1287         2        76.952052        0.706643887291E-07
 1287         3        89.463427        0.151402098050E-05
 1287         4       131.797380        0.100952471565E-05
 1287         5       123.396367        0.355586849097E-05
 1287         6       115.306310        0.587804298129E-06
 1288         1       117.482495        0.270583757030E-05
 1288         2        77.153341        0.727523517926E-07
 1288         3        89.725664        0.152974558633E-05
 1288         4       131.735480        0.979158547719E-06
 1288         5       123.363613        0.357421686136E-05
 1288         6       115.219593        0.565078751884E-06
 1289         1       117.455394        0.273140564757E-05
 1289         2        77.354962        0.748915354558E-07
 1289         3        89.986492        0.154548903030E-05
 1289         4       131.673733        0.949372420724E-06
 1289         5       123.330231        0.359188837361E-05
 1289         6       115.131971        0.543790556130E-06
 1290         1       117.429211        0.275556875473E-05
 1290         2        77.556900        0.770830607545E-07
 1290         3        90.245868        0.156127026688E-05
 1290         4       131.612122        0.920171817199E-06
 1290         5       123.296240        0.360886721746E-05
 1290         6       115.043471        0.523860989970E-06
 1291         1       117.403947        0.277840260457E-05
 1291         2        77.759141        0.793281117433E-07
 1291         3        90.503751        0.157708975690E-05
 1291         4       131.550632        0.891561874675E-06
 1291         5       123.261663        0.362515054083E-05
 1291         6       114.954115        0.505210353166E-06
 1292         1       117.379603        0.279998089089E-05
 1292         2        77.961668        0.816279051745E-07
 1292         3        90.760099        0.159294797902E-05
 1292         4       131.489247        0.863546724847E-06
 1292         5       123.226520        0.364073652564E-05
 1292         6       114.863926        0.487760925896E-06
 1293         1       117.356184        0.282037482608E-05
 1293         2        78.164468        0.839836910876E-07
 1293         3        91.014869        0.160884541309E-05
 1293         4       131.427951        0.836129501309E-06
 1293         5       123.190835        0.365562437608E-05
 1293         6       114.772927        0.471437403362E-06
 1294         1       117.333694        0.283965284687E-05
 1294         2        78.367526        0.863967539849E-07
 1294         3        91.268017        0.162478254217E-05
 1294         4       131.366726        0.809312350612E-06
 1294         5       123.154629        0.366981431420E-05
 1294         6       114.681139        0.456167210404E-06
 1295         1       117.312139        0.285788216358E-05
 1295         2        78.570825        0.888683655930E-07
 1295         3        91.519502        0.164077823220E-05
 1295         4       131.305555        0.783096408690E-06
 1295         5       123.117926        0.368329485528E-05
 1295         6       114.588584        0.441882519818E-06
 1296         1       117.291526        0.287512163294E-05
 1296         2        78.774353        0.913999820985E-07
 1296         3        91.769277        0.165679615970E-05
 1296         4       131.244421        0.757482052078E-06
 1296         5       123.080750        0.369609350682E-05
 1296         6       114.495283        0.428513089998E-06
 1297         1       117.271864        0.289143210427E-05
 1297         2        78.978092        0.939929548662E-07
 1297         3        92.017300        0.167285519214E-05
 1297         4       131.183305        0.732468469480E-06
 1297         5       123.043126        0.370820080741E-05
 1297         6       114.401255        0.415997361182E-06
 1298         1       117.253161        0.290686955398E-05
 1298         2        79.182030        0.966487237180E-07
 1298         3        92.263523        0.168895576024E-05
 1298         4       131.122191        0.708054060463E-06
 1298         5       123.005077        0.371962084859E-05
 1298         6       114.306521        0.404275037702E-06
 1299         1       117.235428        0.292148681848E-05
 1299         2        79.386150        0.993687713106E-07
 1299         3        92.507903        0.170509825950E-05
 1299         4       131.061060        0.684236353141E-06
 1299         5       122.966629        0.373035861823E-05
 1299         6       114.211100        0.393288926010E-06
 1300         1       117.218677        0.293533367277E-05
 1300         2        79.590438        0.102154625363E-06
 1300         3        92.750392        0.172128305201E-05
 1300         4       130.999893        0.661012038282E-06
 1300         5       122.927808        0.374041998027E-05
 1300         6       114.115012        0.382984867936E-06
 1301         1       117.202920        0.294845693044E-05
 1301         2        79.794880        0.105007860503E-06
 1301         3        92.990943        0.173751043413E-05
 1301         4       130.938672        0.638376999583E-06
 1301         5       122.888637        0.374981164441E-05
 1301         6       114.018275        0.373311651747E-06
 1302         1       117.188170        0.296090279675E-05
 1302         2        79.999460        0.107930029770E-06
 1302         3        93.229508        0.175379879977E-05
 1302         4       130.877378        0.616326752415E-06
 1302         5       122.849145        0.375852791437E-05
 1302         6       113.920910        0.364222273898E-06
 1303         1       117.174443        0.297270807499E-05
 1303         2        80.204163        0.110922945211E-06
 1303         3        93.466039        0.177011194516E-05
 1303         4       130.815993        0.594854936831E-06
 1303         5       122.809355        0.376660341336E-05
 1303         6       113.822934        0.355668294996E-06
 1304         1       117.161754        0.298391359598E-05
 1304         2        80.408975        0.113988268110E-06
 1304         3        93.700486        0.178646812071E-05
 1304         4       130.754498        0.573955590380E-06
 1304         5       122.769295        0.377403401675E-05
 1304         6       113.724367        0.347608096117E-06
 1305         1       117.150119        0.299455555618E-05
 1305         2        80.613882        0.117127783101E-06
 1305         3        93.932800        0.180286726391E-05
 1305         4       130.692873        0.553621754915E-06
 1305         5       122.728991        0.378082942416E-05
 1305         6       113.625229        0.340001112866E-06
 1306         1       117.139554        0.300466784241E-05
 1306         2        80.818868        0.120343332977E-06
 1306         3        94.162928        0.181930917222E-05
 1306         4       130.631102        0.533845864414E-06
 1306         5       122.688469        0.378699998712E-05
 1306         6       113.525540        0.332809137102E-06
 1307         1       117.130078        0.301428217185E-05
 1307         2        81.023918        0.123636822709E-06
 1307         3        94.390820        0.183579348682E-05
 1307         4       130.569164        0.514619786035E-06
 1307         5       122.647755        0.379255665839E-05
 1307         6       113.425318        0.325996200985E-06
 1308         1       117.121709        0.302342821239E-05
 1308         2        81.229018        0.127010221401E-06
 1308         3        94.616422        0.185231965518E-05
 1308         4       130.507042        0.495934861293E-06
 1308         5       122.606877        0.379751096457E-05
 1308         6       113.324586        0.319528461964E-06
 1309         1       117.114466        0.303213647619E-05
 1309         2        81.434154        0.130465470037E-06
 1309         3        94.839680        0.186890470897E-05
 1309         4       130.444717        0.477782673848E-06
 1309         5       122.565859        0.380186142254E-05
 1309         6       113.223363        0.313375087956E-06
 1310         1       117.108370        0.304042753769E-05
 1310         2        81.639310        0.134004864338E-06
 1310         3        95.060540        0.188551198447E-05
 1310         4       130.382171        0.460152234810E-06
 1310         5       122.524729        0.380564759357E-05
 1310         6       113.121672        0.307504156795E-06
 1311         1       117.103439        0.304832839174E-05
 1311         2        81.844472        0.137630494928E-06
 1311         3        95.278946        0.190215803747E-05
 1311         4       130.319386        0.443034252184E-06
 1311         5       122.483512        0.380886894745E-05
 1311         6       113.019535        0.301888646263E-06
 1312         1       117.099695        0.305586181440E-05
 1312         2        82.049625        0.141344622793E-06
 1312         3        95.494840        0.191884123923E-05
 1312         4       130.256345        0.426418396293E-06
 1312         5       122.442235        0.381153885313E-05
 1312         6       112.916975        0.296502255334E-06
 1313         1       117.097160        0.306304914126E-05
 1313         2        82.254755        0.145149591032E-06
 1313         3        95.708164        0.193555959637E-05
 1313         4       130.193030        0.410294021351E-06
 1313         5       122.400923        0.381367103870E-05
 1313         6       112.814017        0.291320373687E-06
 1314         1       117.095855        0.306991037460E-05
 1314         2        82.459846        0.149047829591E-06
 1314         3        95.918859        0.195231068819E-05
 1314         4       130.129423        0.394650210836E-06
 1314         5       122.359602        0.381527954234E-05
 1314         6       112.710686        0.286320026465E-06
 1315         1       117.095802        0.307646427398E-05
 1315         2        82.664884        0.153041859292E-06
 1315         3        96.126863        0.196909161714E-05
 1315         4       130.065509        0.379475813765E-06
 1315         5       122.318297        0.381637868428E-05
 1315         6       112.607008        0.281479830270E-06
 1316         1       117.097022        0.308273172572E-05
 1316         2        82.869854        0.157134169369E-06
 1316         3        96.332116        0.198591621430E-05
 1316         4       130.001271        0.364760417424E-06
 1316         5       122.277033        0.381696930837E-05
 1316         6       112.503011        0.276780635319E-06
 1317         1       117.099540        0.308872278737E-05
 1317         2        83.074742        0.161327728550E-06
 1317         3        96.534554        0.200274579839E-05
 1317         4       129.936693        0.350490672642E-06
 1317         5       122.235834        0.381709360096E-05
 1317         6       112.398725        0.272202769258E-06
 1318         1       117.103376        0.309445620797E-05
 1318         2        83.279533        0.165625238444E-06
 1318         3        96.734111        0.201959297971E-05
 1318         4       129.871759        0.336655865929E-06
 1318         5       122.194726        0.381675278961E-05
 1318         6       112.294180        0.267730194153E-06
 1319         1       117.108555        0.309994661571E-05
 1319         2        83.484212        0.170029636610E-06
 1319         3        96.930722        0.203645224410E-05
 1319         4       129.806454        0.323244287490E-06
 1319         5       122.153733        0.381596194396E-05
 1319         6       112.189408        0.263347694972E-06
 1320         1       117.115098        0.310520778695E-05
 1320         2        83.688763        0.174543978952E-06
 1320         3        97.124318        0.205331720535E-05
 1320         4       129.740765        0.310244175584E-06
 1320         5       122.112877        0.381473623990E-05
 1320         6       112.084444        0.259041617149E-06
 1321         1       117.123028        0.311025271261E-05
 1321         2        83.893173        0.179171446036E-06
 1321         3        97.314830        0.207018049858E-05
 1321         4       129.674676        0.297643750301E-06
 1321         5       122.072181        0.381309092051E-05
 1321         6       111.979324        0.254799897623E-06
 1322         1       117.132367        0.311509744144E-05
 1322         2        84.097426        0.183915190263E-06
 1322         3        97.502187        0.208705034162E-05
 1322         4       129.608175        0.285432272025E-06
 1322         5       122.031669        0.381102751374E-05
 1322         6       111.874086        0.250612585428E-06
 1323         1       117.143139        0.311974603979E-05
 1323         2        84.301507        0.188778982906E-06
 1323         3        97.686316        0.210388359535E-05
 1323         4       129.541249        0.273595968292E-06
 1323         5       121.991364        0.380858884344E-05
 1323         6       111.768771        0.246470003353E-06
 1324         1       117.155364        0.312421314947E-05
 1324         2        84.505401        0.193766269961E-06
 1324         3        97.867143        0.212068600942E-05
 1324         4       129.473885        0.262124205323E-06
 1324         5       121.951285        0.380577645378E-05
 1324         6       111.663421        0.242365723784E-06
 1325         1       117.169064        0.312850911761E-05
 1325         2        84.709093        0.198880811229E-06
 1325         3        98.044590        0.213744503368E-05
 1325         4       129.406073        0.251005432080E-06
 1325         5       121.911455        0.380260561955E-05
 1325         6       111.558082        0.238294705554E-06
 1326         1       117.184260        0.313264373602E-05
 1326         2        84.912568        0.204126531825E-06
 1326         3        98.218579        0.215414643828E-05
 1326         4       129.337800        0.240228225427E-06
 1326         5       121.871895        0.379909155208E-05
 1326         6       111.452801        0.234253905962E-06
 1327         1       117.200972        0.313662626813E-05
 1327         2        85.115809        0.209507534891E-06
 1327         3        98.389031        0.217077413004E-05
 1327         4       129.269057        0.229781317731E-06
 1327         5       121.832624        0.379524940821E-05
 1327         6       111.347630        0.230242410650E-06
 1328         1       117.219220        0.314046549572E-05
 1328         2        85.318803        0.215028110152E-06
 1328         3        98.555861        0.218730995376E-05
 1328         4       129.199836        0.219653621364E-06
 1328         5       121.793663        0.379109424909E-05
 1328         6       111.242623        0.226261582588E-06
 1329         1       117.239023        0.314417422513E-05
 1329         2        85.521533        0.220692536980E-06
 1329         3        98.718987        0.220374925272E-05
 1329         4       129.130126        0.209835300531E-06
 1329         5       121.755029        0.378662734730E-05
 1329         6       111.137835        0.222315558847E-06
 1330         1       117.260398        0.314775141389E-05
 1330         2        85.723983        0.226505928658E-06
 1330         3        98.878321        0.222003740973E-05
 1330         4       129.059921        0.200313609586E-06
 1330         5       121.716743        0.378189096044E-05
 1330         6       111.033329        0.218410101613E-06
 1331         1       117.283362        0.315120889071E-05
 1331         2        85.926138        0.232473009844E-06
 1331         3        99.033773        0.223616466718E-05
 1331         4       128.989213        0.191079202612E-06
 1331         5       121.678821        0.377688610511E-05
 1331         6       110.929167        0.214554808867E-06
 1332         1       117.307930        0.315455364882E-05
 1332         2        86.127981        0.238598947759E-06
 1332         3        99.185254        0.225210236250E-05
 1332         4       128.917996        0.182121966006E-06
 1332         5       121.641280        0.377162738631E-05
 1332         6       110.825417        0.210761974639E-06
 1333         1       117.334118        0.315779226634E-05
 1333         2        86.329496        0.244889165323E-06
 1333         3        99.332669        0.226781856617E-05
 1333         4       128.846265        0.173432091703E-06
 1333         5       121.604139        0.376612926610E-05
 1333         6       110.722150        0.207047156680E-06
 1334         1       117.361936        0.316093090517E-05
 1334         2        86.530666        0.251349359903E-06
 1334         3        99.475922        0.228327780707E-05
 1334         4       128.774017        0.165000103800E-06
 1334         5       121.567411        0.376040606855E-05
 1334         6       110.619441        0.203429411494E-06
 1335         1       117.391398        0.316397529342E-05
 1335         2        86.731476        0.257985521283E-06
 1335         3        99.614916        0.229844080679E-05
 1335         4       128.701247        0.156816883596E-06
 1335         5       121.531114        0.375447197924E-05
 1335         6       110.517369        0.199931534684E-06
 1336         1       117.422512        0.316693605040E-05
 1336         2        86.931907        0.264803681576E-06
 1336         3        99.749551        0.231327877352E-05
 1336         4       128.627954        0.148874670068E-06
 1336         5       121.495262        0.374832750760E-05
 1336         6       110.416017        0.196580650552E-06
 1337         1       117.455286        0.316980747254E-05
 1337         2        87.131942        0.271811008187E-06
 1337         3        99.879723        0.232771460932E-05
 1337         4       128.554137        0.141163186017E-06
 1337         5       121.459869        0.374201367987E-05
 1337         6       110.315472        0.193407065571E-06
 1338         1       117.489726        0.317259909771E-05
 1338         2        87.331564        0.279014237168E-06
 1338         3       100.005329        0.234171074109E-05
 1338         4       128.479795        0.133675547273E-06
 1338         5       121.424949        0.373553071899E-05
 1338         6       110.215825        0.190446525032E-06
 1339         1       117.525835        0.317531474501E-05
 1339         2        87.530755        0.286420750107E-06
 1339         3       100.126261        0.235520999157E-05
 1339         4       128.404930        0.126404362875E-06
 1339         5       121.390516        0.372889230670E-05
 1339         6       110.117172        0.187739051521E-06
 1340         1       117.563614        0.317795765870E-05
 1340         2        87.729496        0.294038343199E-06
 1340         3       100.242412        0.236815017188E-05
 1340         4       128.329545        0.119342758357E-06
 1340         5       121.356580        0.372211201872E-05
 1340         6       110.019612        0.185329420959E-06
 1341         1       117.603064        0.318053046847E-05
 1341         2        87.927768        0.301875258161E-06
 1341         3       100.353671        0.238046396413E-05
 1341         4       128.253642        0.112484416108E-06
 1341         5       121.323155        0.371520336270E-05
 1341         6       109.923249        0.183267249046E-06
 1342         1       117.644180        0.318303511130E-05
 1342         2        88.125553        0.309940218017E-06
 1342         3       100.459929        0.239207886335E-05
 1342         4       128.177227        0.105823619784E-06
 1342         5       121.290253        0.370817976846E-05
 1342         6       109.828189        0.181606997491E-06
 1343         1       117.686956        0.318547906080E-05
 1343         2        88.322829        0.318242115593E-06
 1343         3       100.561073        0.240293033188E-05
 1343         4       128.100307        0.993561179680E-07
 1343         5       121.257882        0.370104134217E-05
 1343         6       109.734543        0.180408474254E-06
 1344         1       117.731383        0.318785021900E-05
 1344         2        88.519576        0.326791432208E-06
 1344         3       100.656991        0.241290939895E-05
 1344         4       128.022889        0.930758926022E-07
 1344         5       121.226055        0.369382813399E-05
 1344         6       109.642424        0.179734314042E-06
 1345         1       117.777449        0.319015411701E-05
 1345         2        88.715774        0.335598240444E-06
 1345         3       100.747572        0.242194216887E-05
 1345         4       127.944982        0.869801923819E-07
 1345         5       121.194780        0.368654023806E-05
 1345         6       109.551949        0.179653002429E-06
 1346         1       117.825140        0.319238906941E-05
 1346         2        88.911400        0.344673602198E-06
 1346         3       100.832706        0.242993728646E-05
 1346         4       127.866598        0.810662611475E-07
 1346         5       121.164067        0.367919117095E-05
 1346         6       109.463234        0.180236142782E-06
 1347         1       117.874437        0.319455219175E-05
 1347         2        89.106432        0.354029292593E-06
 1347         3       100.912284        0.243679990656E-05
 1347         4       127.787750        0.753322582333E-07
 1347         5       121.133924        0.367179456575E-05
 1347         6       109.376398        0.181558278755E-06
 1348         1       117.925318        0.319663923781E-05
 1348         2        89.300846        0.363677861077E-06
 1348         3       100.986200        0.244243258381E-05
 1348         4       127.708451        0.697773475962E-07
 1348         5       121.104359        0.366436424916E-05
 1348         6       109.291561        0.183695963105E-06
 1349         1       117.977759        0.319864442474E-05
 1349         2        89.494618        0.373632700274E-06
 1349         3       101.054352        0.244673636571E-05
 1349         4       127.628717        0.644017987256E-07
 1349         5       121.075381        0.365691428057E-05
 1349         6       109.208841        0.186726604406E-06
 1350         1       118.031731        0.320056759880E-05
 1350         2        89.687722        0.383907677924E-06
 1350         3       101.116646        0.244962331600E-05
 1350         4       127.548569        0.592076841667E-07
 1350         5       121.046996        0.364944602263E-05
 1350         6       109.128355        0.190728203419E-06
 1351         1       118.087202        0.320238469357E-05
 1351         2        89.880131        0.394518982296E-06
 1351         3       101.172989        0.245097293290E-05
 1351         4       127.468024        0.541966403327E-07
 1351         5       121.019212        0.364200038720E-05
 1351         6       109.050216        0.195773363269E-06
 1352         1       118.144136        0.320409118355E-05
 1352         2        90.071817        0.405482600468E-06
 1352         3       101.223302        0.245070198841E-05
 1352         4       127.387108        0.493736281277E-07
 1352         5       120.992034        0.363457962647E-05
 1352         6       108.974534        0.201933909464E-06
 1353         1       118.202492        0.320567278860E-05
 1353         2        90.262751        0.416816151307E-06
 1353         3       101.267511        0.244872072841E-05
 1353         4       127.305843        0.447446581776E-07
 1353         5       120.965468        0.362719969471E-05
 1353         6       108.901410        0.209274720145E-06
 1354         1       118.262226        0.320711233609E-05
 1354         2        90.452901        0.428538577056E-06
 1354         3       101.305556        0.244494634354E-05
 1354         4       127.224259        0.403176044074E-07
 1354         5       120.939521        0.361987732742E-05
 1354         6       108.830942        0.217852662681E-06
 1355         1       118.323289        0.320838935878E-05
 1355         2        90.642235        0.440670275562E-06
 1355         3       101.337388        0.243930498571E-05
 1355         4       127.142385        0.361024254750E-07
 1355         5       120.914196        0.361263020702E-05
 1355         6       108.763216        0.227714465457E-06
 1356         1       118.385628        0.320947963213E-05
 1356         2        90.830718        0.453233247869E-06
 1356         3       101.362974        0.243173370951E-05
 1356         4       127.060255        0.321114169629E-07
 1356         5       120.889500        0.360547714648E-05
 1356         6       108.698309        0.238894632260E-06
 1357         1       118.449185        0.321036319110E-05
 1357         2        91.018312        0.466250693040E-06
 1357         3       101.382296        0.242219131699E-05
 1357         4       126.977904        0.283597825168E-07
 1357         5       120.865436        0.359842557175E-05
 1357         6       108.636286        0.251415439592E-06
 1358         1       118.513898        0.321098969692E-05
 1358         2        91.204978        0.479749467694E-06
 1358         3       101.395355        0.241062337682E-05
 1358         4       126.895374        0.248647833631E-07
 1358         5       120.842010        0.359152285480E-05
 1358         6       108.577197        0.265277629100E-06
 1359         1       118.579698        0.321132848889E-05
 1359         2        91.390674        0.493756920738E-06
 1359         3       101.402168        0.239701857989E-05
 1359         4       126.812706        0.216479527939E-07
 1359         5       120.819225        0.358477998292E-05
 1359         6       108.521082        0.280470292576E-06
 1360         1       118.646514        0.321133408023E-05
 1360         2        91.575354        0.508303365479E-06
 1360         3       101.402774        0.238137228564E-05
 1360         4       126.729948        0.187342508992E-07
 1360         5       120.797084        0.357822310858E-05
 1360         6       108.467962        0.296962621934E-06
 1361         1       118.714265        0.321095357719E-05
 1361         2        91.758969        0.523421793973E-06
 1361         3       101.397233        0.236369599325E-05
 1361         4       126.647152        0.161528803909E-07
 1361         5       120.775593        0.357188119219E-05
 1361         6       108.417843        0.314705335202E-06
 1362         1       118.782868        0.321012553088E-05
 1362         2        91.941467        0.539148184052E-06
 1362         3       101.385627        0.234401686085E-05
 1362         4       126.564373        0.139378392610E-07
 1362         5       120.754754        0.356578660649E-05
 1362         6       108.370717        0.333630863406E-06
 1363         1       118.852233        0.320877860745E-05
 1363         2        92.122789        0.555521843609E-06
 1363         3       101.368058        0.232237661691E-05
 1363         4       126.481674        0.121285475060E-07
 1363         5       120.734571        0.355997582105E-05
 1363         6       108.326558        0.353654113213E-06
 1364         1       118.922262        0.320683984349E-05
 1364         2        92.302875        0.572585052502E-06
 1364         3       101.344652        0.229883662703E-05
 1364         4       126.399118        0.107704826570E-07
 1364         5       120.715048        0.355447775098E-05
 1364         6       108.285324        0.374676672361E-06
 1365         1       118.992851        0.320419371921E-05
 1365         2        92.481655        0.590386472117E-06
 1365         3       101.315555        0.227344817596E-05
 1365         4       126.316780        0.991621668267E-08
 1365         5       120.696189        0.354936486869E-05
 1365         6       108.246959        0.396577217614E-06
 1366         1       119.063890        0.320073824074E-05
 1366         2        92.659056        0.608977226366E-06
 1366         3       101.280938        0.224629141158E-05
 1366         4       126.234737        0.962603523819E-08
 1366         5       120.677997        0.354467940934E-05
 1366         6       108.211391        0.419230668934E-06
 1367         1       119.135259        0.319634362820E-05
 1367         2        92.834996        0.628414380435E-06
 1367         3       101.240990        0.221744414817E-05
 1367         4       126.153075        0.996906873925E-08
 1367         5       120.660478        0.354048511585E-05
 1367         6       108.178538        0.442499578166E-06
 1368         1       119.206830        0.319085872920E-05
 1368         2        93.009384        0.648760837057E-06
 1368         3       101.195922        0.218698562897E-05
 1368         4       126.071885        0.110243806377E-07
 1368         5       120.643637        0.353685679142E-05
 1368         6       108.148302        0.466239599460E-06
 1369         1       119.278467        0.318410720218E-05
 1369         2        93.182121        0.670086032928E-06
 1369         3       101.145967        0.215499306297E-05
 1369         4       125.991270        0.128821839630E-07
 1369         5       120.627478        0.353388294013E-05
 1369         6       108.120578        0.490302252934E-06
 1370         1       119.350022        0.317589374105E-05
 1370         2        93.353095        0.692465747423E-06
 1370         3       101.091376        0.212154321724E-05
 1370         4       125.911339        0.156447637184E-07
 1370         5       120.612010        0.353165676938E-05
 1370         6       108.095252        0.514541227536E-06
 1371         1       119.421338        0.316595481560E-05
 1371         2        93.522184        0.715986732851E-06
 1371         3       101.032420        0.208668853001E-05
 1371         4       125.832209        0.194294299858E-07
 1371         5       120.597239        0.353032997828E-05
 1371         6       108.072203        0.538800574696E-06
 1372         1       119.492245        0.315401663733E-05
 1372         2        93.689248        0.740741963873E-06
 1372         3       100.969390        0.205048514656E-05
 1372         4       125.754012        0.243677678700E-07
 1372         5       120.583177        0.353004412696E-05
 1372         6       108.051304        0.562938289106E-06
 1373         1       119.562560        0.313974326857E-05
 1373         2        93.854131        0.766835285992E-06
 1373         3       100.902598        0.201296899675E-05
 1373         4       125.676887        0.306085805618E-07
 1373         5       120.569835        0.353098738246E-05
 1373         6       108.032428        0.586814132470E-06
 1374         1       119.632084        0.312273652351E-05
 1374         2        94.016658        0.794381395945E-06
 1374         3       100.832377        0.197415861500E-05
 1374         4       125.600986        0.383190243242E-07
 1374         5       120.557230        0.353339148473E-05
 1374         6       108.015443        0.610294699645E-06
 1375         1       119.700602        0.310252258182E-05
 1375         2        94.176630        0.823506685856E-06
 1375         3       100.759084        0.193405312222E-05
 1375         4       125.526474        0.476859724956E-07
 1375         5       120.545382        0.353754380841E-05
 1375         6       108.000218        0.633254615974E-06
 1376         1       119.767881        0.307853560988E-05
 1376         2        94.333821        0.854349862482E-06
 1376         3       100.683098        0.189263072659E-05
 1376         4       125.453529        0.589171434638E-07
 1376         5       120.534318        0.354380263209E-05
 1376         6       107.986625        0.655577370057E-06
 1377         1       119.833663        0.305011077881E-05
 1377         2        94.487973        0.887060896033E-06
 1377         3       100.604830        0.184985151379E-05
 1377         4       125.382344        0.722411125753E-07
 1377         5       120.524073        0.355260328233E-05
 1377         6       107.974536        0.677159964465E-06
 1378         1       119.897666        0.301641439892E-05
 1378         2        94.638792        0.921805856139E-06
 1378         3       100.524722        0.180564324593E-05
 1378         4       125.313124        0.879102855416E-07
 1378         5       120.514698        0.356452848738E-05
 1378         6       107.963830        0.697896515642E-06
 1379         1       119.959575        0.297650007392E-05
 1379         2        94.785940        0.958757731593E-06
 1379         3       100.443254        0.175992467764E-05
 1379         4       125.246091        0.106195938366E-06
 1379         5       120.506259        0.358025185723E-05
 1379         6       107.954386        0.717702979103E-06
 1380         1       120.019031        0.292926154254E-05
 1380         2        94.929029        0.998098488874E-06
 1380         3       100.360949        0.171259413165E-05
 1380         4       125.181481        0.127389070280E-06
 1380         5       120.498852        0.360058789744E-05
 1380         6       107.946094        0.736500395478E-06
 1381         1       120.075627        0.287350373322E-05
 1381         2        95.067614        0.104001232445E-05
 1381         3       100.278383        0.166353915025E-05
 1381         4       125.119545        0.151796259685E-06
 1381         5       120.492611        0.362642417334E-05
 1381         6       107.938845        0.754218542060E-06
 1382         1       120.128879        0.280815393071E-05
 1382         2        95.201183        0.108467666742E-05
 1382         3       100.196187        0.161264604081E-05
 1382         4       125.060546        0.179734280803E-06
 1382         5       120.487731        0.365851552722E-05
 1382         6       107.932539        0.770795356929E-06
 1383         1       120.178209        0.273283697116E-05
 1383         2        95.329150        0.113224827434E-05
 1383         3       100.115063        0.155981441484E-05
 1383         4       125.004761        0.211522430811E-06
 1383         5       120.484494        0.369691660189E-05
 1383         6       107.927082        0.786176292638E-06
 1384         1       120.222912        0.264922166924E-05
 1384         2        95.450843        0.118284086548E-05
 1384         3       100.035785        0.150498103393E-05
 1384         4       124.952475        0.247471523121E-06
 1384         5       120.483298        0.373964648171E-05
 1384         6       107.922389        0.800318000163E-06
 1385         1       120.262160        0.256345323154E-05
 1385         2        95.565503        0.123650399375E-05
 1385         3        99.959211        0.144813823683E-05
 1385         4       124.903980        0.287873931128E-06
 1385         5       120.484661        0.378026611273E-05
 1385         6       107.918381        0.813170092205E-06
 1386         1       120.295076        0.248896546489E-05
 1386         2        95.672273        0.129317393005E-05
 1386         3        99.886283        0.138938909673E-05
 1386         4       124.859570        0.332983388633E-06
 1386         5       120.489148        0.380508636369E-05
 1386         6       107.914985        0.824700712665E-06
 1387         1       120.321021        0.244456666557E-05
 1387         2        95.770206        0.135263396453E-05
 1387         3        99.818028        0.132898402562E-05
 1387         4       124.819536        0.383000339737E-06
 1387         5       120.497092        0.379509689063E-05
 1387         6       107.912139        0.834878367094E-06
 1388         1       120.340026        0.244254280333E-05
 1388         2        95.858272        0.141445982826E-05
 1388         3        99.755542        0.126737693739E-05
 1388         4       124.784160        0.438052215024E-06
 1388         5       120.508165        0.373788263599E-05
 1388         6       107.909785        0.843675666309E-06
 1389         1       120.352994        0.247671075077E-05
 1389         2        95.935388        0.147796919659E-05
 1389         3        99.699971        0.120527629936E-05
 1389         4       124.753710        0.498174692085E-06
 1389         5       120.521185        0.363958935520E-05
 1389         6       107.907876        0.851068756965E-06
 1390         1       120.361362        0.252831558306E-05
 1390         2        96.000450        0.154218743082E-05
 1390         3        99.652468        0.114367989287E-05
 1390         4       124.728427        0.563295029902E-06
 1390         5       120.534463        0.351904300240E-05
 1390         6       107.906369        0.857036815253E-06
 1391         1       120.366535        0.258072240956E-05
 1391         2        96.052397        0.160584589054E-05
 1391         3        99.614136        0.108387668682E-05
 1391         4       124.708525        0.633219560680E-06
 1391         5       120.546373        0.339307122691E-05
 1391         6       107.905233        0.861565973171E-06
 1392         1       120.369572        0.262511288705E-05
 1392         2        96.090279        0.166744805660E-05
 1392         3        99.585956        0.102738182398E-05
 1392         4       124.694177        0.707627877525E-06
 1392         5       120.555673        0.327080953558E-05
 1392         6       107.904439        0.864631522362E-06
 1393         1       120.371152        0.265833922650E-05
 1393         2        96.113342        0.172537329946E-05
 1393         3        99.568707        0.975832170393E-06
 1393         4       124.685512        0.786073890189E-06
 1393         5       120.561552        0.315585081902E-05
 1393         6       107.903971        0.866223819535E-06
 1394         1       120.371640        0.267971109877E-05
 1394         2        96.121095        0.177809398172E-05
 1394         3        99.562893        0.930763582574E-06
 1394         4       124.682612        0.868084441507E-06
 1394         5       120.563563        0.304938209999E-05
 1394         6       107.903817        0.866305760661E-06
 1395         1       120.301755        0.455770368301E-06
 1395         2        96.119901        0.172885789787E-05
 1395         3        99.561366        0.881834074241E-06
 1395         4       124.682629        0.892500578765E-06
 1395         5       120.634990        0.531779219766E-05
 1395         6       107.904593        0.865063867039E-06
 1396         1       120.181883        0.144673280594E-06
 1396         2        96.116321        0.168108638182E-05
 1396         3        99.556789        0.834656321541E-06
 1396         4       124.682681        0.916859727525E-06
 1396         5       120.759487        0.567177162815E-05
 1396         6       107.906922        0.862628866752E-06
 1397         1       120.054889        0.775505717209E-07
 1397         2        96.110360        0.163475561779E-05
 1397         3        99.549163        0.789203533281E-06
 1397         4       124.682768        0.941149171220E-06
 1397         5       120.894186        0.578022816719E-05
 1397         6       107.910800        0.859011677880E-06
 1398         1       119.926946        0.554133994465E-07
 1398         2        96.102023        0.158991319348E-05
 1398         3        99.538494        0.745487499062E-06
 1398         4       124.682888        0.965334631387E-06
 1398         5       121.032910        0.584212674326E-05
 1398         6       107.916221        0.854231233487E-06
 1399         1       119.799561        0.462941002136E-07
 1399         2        96.091320        0.154652722223E-05
 1399         3        99.524791        0.703475032748E-06
 1399         4       124.683042        0.989403192044E-06
 1399         5       121.174142        0.588947956255E-05
 1399         6       107.923177        0.848306427023E-06
 1400         1       119.673278        0.420500413422E-07
 1400         2        96.078263        0.150463434369E-05
 1400         3        99.508062        0.663169610368E-06
 1400         4       124.683228        0.101332121534E-05
 1400         5       121.317327        0.593041302683E-05
 1400         6       107.931657        0.841265736878E-06
 1401         1       119.548347        0.399508133443E-07
 1401         2        96.062865        0.146419498661E-05
 1401         3        99.488321        0.624532441352E-06
 1401         4       124.683446        0.103707567365E-05
 1401         5       121.462205        0.596770735201E-05
 1401         6       107.941649        0.833135582972E-06
 1402         1       119.424900        0.389041833672E-07
 1402         2        96.045143        0.142521857203E-05
 1402         3        99.465582        0.587550619500E-06
 1402         4       124.683695        0.106063852397E-05
 1402         5       121.608628        0.600246043489E-05
 1402         6       107.953139        0.823951159116E-06
 1403         1       119.303017        0.384171013665E-07
 1403         2        96.025115        0.138770879871E-05
 1403         3        99.439860        0.552207240087E-06
 1403         4       124.683973        0.108398246622E-05
 1403         5       121.756501        0.603517461050E-05
 1403         6       107.966108        0.813752131780E-06
 1404         1       119.182751        0.382459841163E-07
 1404         2        96.002804        0.135161578723E-05
 1404         3        99.411175        0.518456678396E-06
 1404         4       124.684279        0.110709447119E-05
 1404         5       121.905751        0.606614968046E-05
 1404         6       107.980538        0.802574875570E-06
 1405         1       119.064137        0.382637894479E-07
 1405         2        95.978233        0.131695151751E-05
 1405         3        99.379548        0.486285308017E-06
 1405         4       124.684611        0.112994337483E-05
 1405         5       122.056322        0.609551210849E-05
 1405         6       107.996409        0.790468187174E-06
 1406         1       118.947202        0.383997182209E-07
 1406         2        95.951426        0.128366031102E-05
 1406         3        99.345001        0.455644024534E-06
 1406         4       124.684967        0.115251625994E-05
 1406         5       122.208162        0.612339212568E-05
 1406         6       108.013698        0.777473930446E-06
 1407         1       118.831967        0.386146649743E-07
 1407         2        95.922412        0.125174590185E-05
 1407         3        99.307560        0.426513918979E-06
 1407         4       124.685346        0.117478328425E-05
 1407         5       122.361229        0.614983305027E-05
 1407         6       108.032381        0.763647088056E-06
 1408         1       118.718446        0.388848994893E-07
 1408         2        95.891220        0.122114782271E-05
 1408         3        99.267251        0.398843259844E-06
 1408         4       124.685746        0.119673172516E-05
 1408         5       122.515478        0.617492043420E-05
 1408         6       108.052431        0.749033945188E-06
 1409         1       118.606651        0.391974503619E-07
 1409         2        95.857881        0.119184845342E-05
 1409         3        99.224103        0.372601789199E-06
 1409         4       124.686165        0.121833693199E-05
 1409         5       122.670871        0.619868867337E-05
 1409         6       108.073821        0.733691252927E-06
 1410         1       118.496588        0.395451172219E-07
 1410         2        95.822428        0.116382636278E-05
 1410         3        99.178148        0.347756850750E-06
 1410         4       124.686601        0.123957540118E-05
 1410         5       122.827368        0.622116852187E-05
 1410         6       108.096523        0.717677920136E-06
 1411         1       118.388263        0.399228639635E-07
 1411         2        95.784895        0.113701594042E-05
 1411         3        99.129420        0.324254294088E-06
 1411         4       124.687050        0.126043486453E-05
 1411         5       122.984931        0.624242896899E-05
 1411         6       108.120506        0.701044717594E-06
 1412         1       118.281678        0.403294447415E-07
 1412         2        95.745319        0.111140539530E-05
 1412         3        99.077951        0.302065850891E-06
 1412         4       124.687512        0.128088955337E-05
 1412         5       123.143523        0.626248374603E-05
 1412         6       108.145738        0.683856294858E-06
 1413         1       118.176834        0.407631173711E-07
 1413         2        95.703737        0.108692705824E-05
 1413         3        99.023781        0.281136702136E-06
 1413         4       124.687983        0.130092760282E-05
 1413         5       123.303107        0.628139905032E-05
 1413         6       108.172188        0.666164975842E-06
 1414         1       118.073729        0.412246800008E-07
 1414         2        95.660187        0.106356503492E-05
 1414         3        98.966947        0.261436270177E-06
 1414         4       124.688462        0.132052515647E-05
 1414         5       123.463645        0.629918852627E-05
 1414         6       108.199822        0.648036920224E-06
 1415         1       117.972360        0.417134965252E-07
 1415         2        95.614709        0.104125065124E-05
 1415         3        98.907490        0.242909748560E-06
 1415         4       124.688945        0.133967082716E-05
 1415         5       123.625101        0.631591712876E-05
 1415         6       108.228606        0.629524902572E-06
 1416         1       117.872721        0.422305104060E-07
 1416         2        95.567343        0.101995300214E-05
 1416         3        98.845452        0.225519724167E-06
 1416         4       124.689430        0.135834518910E-05
 1416         5       123.787439        0.633161137406E-05
 1416         6       108.258505        0.610691846136E-06
 1417         1       117.774804        0.427767392666E-07
 1417         2        95.518132        0.999639524230E-06
 1417         3        98.780877        0.209227791325E-06
 1417         4       124.689914        0.137653028838E-05
 1417         5       123.950623        0.634629852079E-05
 1417         6       108.289484        0.591600382414E-06
 1418         1       117.678600        0.433516680925E-07
 1418         2        95.467118        0.980241824005E-06
 1418         3        98.713811        0.193980279978E-06
 1418         4       124.690396        0.139421559579E-05
 1418         5       124.114616        0.636004210347E-05
 1418         6       108.321506        0.572302092168E-06
 1419         1       117.584100        0.439566302583E-07
 1419         2        95.414344        0.961738562696E-06
 1419         3        98.644300        0.179743895744E-06
 1419         4       124.690871        0.141138263422E-05
 1419         5       124.279384        0.637285723715E-05
 1419         6       108.354535        0.552861567071E-06
 1420         1       117.491291        0.445907840463E-07
 1420         2        95.359853        0.944062570561E-06
 1420         3        98.572394        0.166466356016E-06
 1420         4       124.691339        0.142802152652E-05
 1420         5       124.444890        0.638480631358E-05
 1420         6       108.388534        0.533328509659E-06
 1421         1       117.400159        0.452551116474E-07
 1421         2        95.303691        0.927191989015E-06
 1421         3        98.498141        0.154114311125E-06
 1421         4       124.691795        0.144411615725E-05
 1421         5       124.611100        0.639590465457E-05
 1421         6       108.423466        0.513765057995E-06
 1422         1       117.310690        0.459483154846E-07
 1422         2        95.245901        0.911061554616E-06
 1422         3        98.421595        0.142637278429E-06
 1422         4       124.692239        0.145965735825E-05
 1422         5       124.777978        0.640621324939E-05
 1422         6       108.459295        0.494218320481E-06
 1423         1       117.222867        0.466704054308E-07
 1423         2        95.186530        0.895639373741E-06
 1423         3        98.342806        0.131998473917E-06
 1423         4       124.692666        0.147463236297E-05
 1423         5       124.945489        0.641575828452E-05
 1423         6       108.495982        0.474743929282E-06
 1424         1       117.136673        0.474211680498E-07
 1424         2        95.125621        0.880893465079E-06
 1424         3        98.261829        0.122161106560E-06
 1424         4       124.693075        0.148903009854E-05
 1424         5       125.113598        0.642456606336E-05
 1424         6       108.533491        0.455395474418E-06
 1425         1       117.052089        0.481985350958E-07
 1425         2        95.063222        0.866762410046E-06
 1425         3        98.178718        0.113077994911E-06
 1425         4       124.693464        0.150284256079E-05
 1425         5       125.282272        0.643269501746E-05
 1425         6       108.571785        0.436215132668E-06
 1426         1       116.969095        0.490023379752E-07
 1426         2        94.999377        0.853226103447E-06
 1426         3        98.093530        0.104717558144E-06
 1426         4       124.693830        0.151605992636E-05
 1426         5       125.451476        0.644015949775E-05
 1426         6       108.610826        0.417255576999E-06
 1427         1       116.887671        0.498299940300E-07
 1427         2        94.934132        0.840226173519E-06
 1427         3        98.006321        0.970351087693E-07
 1427         4       124.694171        0.152867502418E-05
 1427         5       125.621177        0.644701594389E-05
 1427         6       108.650579        0.398555193546E-06
 1428         1       116.807795        0.506808770211E-07
 1428         2        94.867533        0.827744101515E-06
 1428         3        97.917148        0.900003432713E-07
 1428         4       124.694485        0.154068066098E-05
 1428         5       125.791340        0.645327782035E-05
 1428         6       108.691006        0.380161914304E-06
 1429         1       116.729445        0.515519176580E-07
 1429         2        94.799626        0.815724808135E-06
 1429         3        97.826070        0.835712227062E-07
 1429         4       124.694770        0.155207053625E-05
 1429         5       125.961933        0.645899941684E-05
 1429         6       108.732073        0.362110075295E-06
 1430         1       116.652596        0.524414984591E-07
 1430         2        94.730456        0.804142756038E-06
 1430         3        97.733145        0.777161873214E-07
 1430         4       124.695025        0.156283945699E-05
 1430         5       126.132922        0.646420309134E-05
 1430         6       108.773742        0.344440069576E-06
 1431         1       116.577226        0.533478237365E-07
 1431         2        94.660068        0.792973112937E-06
 1431         3        97.638434        0.724042100009E-07
 1431         4       124.695247        0.157298402832E-05
 1431         5       126.304275        0.646891084736E-05
 1431         6       108.815980        0.327189395299E-06
 1432         1       116.503309        0.542671825973E-07
 1432         2        94.588508        0.782165988348E-06
 1432         3        97.541996        0.675973836268E-07
 1432         4       124.695435        0.158249930606E-05
 1432         5       126.475960        0.647317352610E-05
 1432         6       108.858751        0.310386057384E-06
 1433         1       116.430820        0.551980052139E-07
 1433         2        94.515820        0.771708055803E-06
 1433         3        97.443892        0.632694444087E-07
 1433         4       124.695587        0.159138481794E-05
 1433         5       126.647945        0.647700149503E-05
 1433         6       108.902022        0.294064886483E-06
 1434         1       116.359734        0.561362292788E-07
 1434         2        94.442050        0.761552924788E-06
 1434         3        97.344182        0.593852689739E-07
 1434         4       124.695703        0.159963655066E-05
 1434         5       126.820198        0.648044320568E-05
 1434         6       108.945758        0.278249630802E-06
 1435         1       116.290025        0.570800217371E-07
 1435         2        94.367240        0.751689598631E-06
 1435         3        97.242927        0.559204032476E-07
 1435         4       124.695781        0.160725673078E-05
 1435         5       126.992687        0.648350756193E-05
 1435         6       108.989927        0.262969662434E-06
 1436         1       116.221666        0.580250396871E-07
 1436         2        94.291435        0.742075140914E-06
 1436         3        97.140188        0.528424804545E-07
 1436         4       124.695821        0.161424228751E-05
 1436         5       127.165382        0.648624057469E-05
 1436         6       109.034496        0.248244530092E-06
 1437         1       116.154630        0.589686438532E-07
 1437         2        94.214678        0.732692948897E-06
 1437         3        97.036026        0.501269484675E-07
 1437         4       124.695821        0.162059593285E-05
 1437         5       127.338251        0.648865880658E-05
 1437         6       109.079434        0.234096802446E-06
 1438         1       116.088892        0.599081471167E-07
 1438         2        94.137012        0.723527359030E-06
 1438         3        96.930503        0.477499825716E-07
 1438         4       124.695781        0.162632213789E-05
 1438         5       127.511266        0.649077819846E-05
 1438         6       109.124709        0.220546014884E-06
 1439         1       116.024424        0.608389288281E-07
 1439         2        94.058479        0.714540419521E-06
 1439         3        96.823679        0.456832222410E-07
 1439         4       124.695700        0.163141924751E-05
 1439         5       127.684395        0.649264114311E-05
 1439         6       109.170292        0.207605649372E-06
 1440         1       115.961199        0.617588433745E-07
 1440         2        93.979122        0.705727000941E-06
 1440         3        96.715615        0.439068445650E-07
 1440         4       124.695579        0.163589612922E-05
 1440         5       127.857608        0.649425253891E-05
 1440         6       109.216152        0.195291632955E-06
 1441         1       115.899190        0.626631826631E-07
 1441         2        93.898981        0.697052291846E-06
 1441         3        96.606371        0.423950354211E-07
 1441         4       124.695417        0.163975206088E-05
 1441         5       128.030878        0.649565239039E-05
 1441         6       109.262261        0.183613623070E-06
 1442         1       115.838372        0.635498191710E-07
 1442         2        93.818098        0.688513405294E-06
 1442         3        96.496008        0.411297845306E-07
 1442         4       124.695215        0.164299847619E-05
 1442         5       128.204174        0.649684395538E-05
 1442         6       109.308590        0.172582412925E-06
 1443         1       115.778716        0.644140338153E-07
 1443         2        93.736512        0.680078490684E-06
 1443         3        96.384585        0.400877010727E-07
 1443         4       124.694972        0.164563557560E-05
 1443         5       128.377467        0.649786490227E-05
 1443         6       109.355112        0.162204049368E-06
 1444         1       115.720198        0.652531159636E-07
 1444         2        93.654264        0.671739500756E-06
 1444         3        96.272162        0.392511395209E-07
 1444         4       124.694690        0.164767367656E-05
 1444         5       128.550730        0.649872546213E-05
 1444         6       109.401800        0.152484284313E-06
 1445         1       115.662789        0.660644505086E-07
 1445         2        93.571391        0.663489248160E-06
 1445         3        96.158796        0.386031684774E-07
 1445         4       124.694368        0.164912468907E-05
 1445         5       128.723934        0.649943519245E-05
 1445         6       109.448628        0.143426139561E-06
 1446         1       115.606466        0.668434374382E-07
 1446         2        93.487933        0.655299953201E-06
 1446         3        96.044547        0.381237741141E-07
 1446         4       124.694008        0.164999014993E-05
 1446         5       128.897052        0.650002840697E-05
 1446         6       109.495571        0.135030693285E-06
 1447         1       115.551202        0.675883301151E-07
 1447         2        93.403927        0.647173837837E-06
 1447         3        95.929472        0.377991949492E-07
 1447         4       124.693611        0.165028753166E-05
 1447         5       129.070056        0.650050430308E-05
 1447         6       109.542603        0.127296895960E-06
 1448         1       115.496971        0.682946899241E-07
 1448         2        93.319411        0.639085589229E-06
 1448         3        95.813627        0.376114859519E-07
 1448         4       124.693178        0.165001922648E-05
 1448         5       129.242918        0.650089506181E-05
 1448         6       109.589702        0.120222830672E-06
 1449         1       115.443751        0.689610403361E-07
 1449         2        93.234419        0.631039227726E-06
 1449         3        95.697069        0.375484398757E-07
 1449         4       124.692711        0.164920493241E-05
 1449         5       129.415612        0.650119833612E-05
 1449         6       109.636843        0.113803187313E-06
 1450         1       115.391514        0.695831615548E-07
 1450         2        93.148989        0.623011702420E-06
 1450         3        95.579852        0.375940307838E-07
 1450         4       124.692210        0.164784784818E-05
 1450         5       129.588112        0.650144424156E-05
 1450         6       109.684005        0.108033315885E-06
 1451         1       115.340240        0.701591517229E-07
 1451         2        93.063155        0.615001856999E-06
 1451         3        95.462031        0.377364832613E-07
 1451         4       124.691678        0.164596498616E-05
 1451         5       129.760390        0.650163711288E-05
 1451         6       109.731166        0.102905033316E-06
 1452         1       115.289903        0.706873097643E-07
 1452         2        92.976951        0.607009188173E-06
 1452         3        95.343659        0.379646306717E-07
 1452         4       124.691116        0.164357466729E-05
 1452         5       129.932421        0.650178066141E-05
 1452         6       109.778305        0.984079661496E-07
 1453         1       115.240481        0.711638330111E-07
 1453         2        92.890411        0.599013665988E-06
 1453         3        95.224788        0.382650485616E-07
 1453         4       124.690526        0.164068120453E-05
 1453         5       130.104178        0.650190214928E-05
 1453         6       109.825402        0.945338599967E-07
 1454         1       115.191951        0.715881403570E-07
 1454         2        92.803568        0.591023158495E-06
 1454         3        95.105471        0.386290037369E-07
 1454         4       124.689911        0.163730927936E-05
 1454         5       130.275637        0.650199563360E-05
 1454         6       109.872437        0.912681087071E-07
 1455         1       115.144293        0.719567532351E-07
 1455         2        92.716453        0.583019416290E-06
 1455         3        94.985757        0.390446263846E-07
 1455         4       124.689273        0.163346387497E-05
 1455         5       130.446772        0.650208659794E-05
 1455         6       109.919392        0.886003821244E-07
 1456         1       115.097484        0.722695112610E-07
 1456         2        92.629098        0.575011583177E-06
 1456         3        94.865696        0.395044061863E-07
 1456         4       124.688614        0.162917139386E-05
 1456         5       130.617557        0.650216779928E-05
 1456         6       109.966248        0.865129277943E-07
 1457         1       115.051505        0.725232867144E-07
 1457         2        92.541533        0.566983012774E-06
 1457         3        94.745337        0.399978912571E-07
 1457         4       124.687936        0.162443742169E-05
 1457         5       130.787968        0.650226303627E-05
 1457         6       110.012987        0.849935973091E-07
 1458         1       115.006335        0.727175391090E-07
 1458         2        92.453789        0.558937504495E-06
 1458         3        94.624726        0.405178848323E-07
 1458         4       124.687242        0.161928422230E-05
 1458         5       130.957980        0.650237165525E-05
 1458         6       110.059594        0.840239247201E-07
 1459         1       114.961955        0.728519733396E-07
 1459         2        92.365894        0.550879282579E-06
 1459         3        94.503909        0.410576733097E-07
 1459         4       124.686535        0.161373498170E-05
 1459         5       131.127569        0.650249252741E-05
 1459         6       110.106051        0.835839035972E-07
 1460         1       114.918346        0.729240178529E-07
 1460         2        92.277877        0.542793793631E-06
 1460         3        94.382933        0.416086909823E-07
 1460         4       124.685818        0.160779606269E-05
 1460         5       131.296709        0.650264712741E-05
 1460         6       110.152344        0.836591259535E-07
 1461         1       114.875490        0.729346331609E-07
 1461         2        92.189765        0.534692759164E-06
 1461         3        94.261840        0.421660873853E-07
 1461         4       124.685092        0.160149739075E-05
 1461         5       131.465377        0.650282538118E-05
 1461         6       110.198457        0.842254502403E-07
 1462         1       114.833369        0.728816268801E-07
 1462         2        92.101586        0.526562835687E-06
 1462         3        94.140673        0.427224052436E-07
 1462         4       124.684361        0.159484574619E-05
 1462         5       131.633549        0.650304736337E-05
 1462         6       110.244376        0.852672633524E-07
 1463         1       114.791967        0.727664104114E-07
 1463         2        92.013364        0.518416543864E-06
 1463         3        94.019475        0.432737095978E-07
 1463         4       124.683629        0.158787212557E-05
 1463         5       131.801202        0.650330200692E-05
 1463         6       110.290089        0.867584622390E-07
 1464         1       114.751266        0.725871676757E-07
 1464         2        91.925125        0.510241608614E-06
 1464         3        93.898284        0.438135419339E-07
 1464         4       124.682897        0.158058364236E-05
 1464         5       131.968310        0.650360809027E-05
 1464         6       110.335580        0.886824603670E-07
 1465         1       114.711251        0.723448677207E-07
 1465         2        91.836895        0.502045044142E-06
 1465         3        93.777142        0.443380969490E-07
 1465         4       124.682168        0.157300592193E-05
 1465         5       132.134851        0.650396112789E-05
 1465         6       110.380839        0.910143414221E-07
 1466         1       114.671907        0.720407086004E-07
 1466         2        91.748697        0.493834078440E-06
 1466         3        93.656086        0.448439376056E-07
 1466         4       124.681447        0.156516506810E-05
 1466         5       132.300801        0.650435632699E-05
 1466         6       110.425853        0.937283327910E-07
 1467         1       114.633219        0.716734188578E-07
 1467         2        91.660553        0.485597808559E-06
 1467         3        93.535152        0.453259163055E-07
 1467         4       124.680735        0.155706853189E-05
 1467         5       132.466138        0.650481070415E-05
 1467         6       110.470611        0.968068019517E-07
 1468         1       114.595173        0.712454729227E-07
 1468         2        91.572487        0.477350240021E-06
 1468         3        93.414377        0.457820563193E-07
 1468         4       124.680035        0.154874910698E-05
 1468         5       132.630837        0.650531117241E-05
 1468         6       110.515102        0.100220206623E-06
 1469         1       114.557755        0.707559406629E-07
 1469         2        91.484520        0.469081243664E-06
 1469         3        93.293796        0.462079706294E-07
 1469         4       124.679351        0.154021435026E-05
 1469         5       132.794876        0.650587371178E-05
 1469         6       110.559315        0.103950480150E-06
 1470         1       114.520952        0.702076775457E-07
 1470         2        91.396673        0.460805229349E-06
 1470         3        93.173441        0.466023458138E-07
 1470         4       124.678685        0.153149740577E-05
 1470         5       132.958232        0.650648458076E-05
 1470         6       110.603242        0.107967276775E-06
 1471         1       114.484752        0.696000721846E-07
 1471         2        91.308966        0.452512743565E-06
 1471         3        93.053346        0.469614735848E-07
 1471         4       124.678040        0.152260585190E-05
 1471         5       133.120882        0.650715881535E-05
 1471         6       110.646872        0.112252294847E-06
 1472         1       114.449142        0.689354048562E-07
 1472         2        91.221420        0.444212597086E-06
 1472         3        92.933542        0.472839760158E-07
 1472         4       124.677420        0.151356651991E-05
 1472         5       133.282802        0.650788927545E-05
 1472         6       110.690197        0.116777870752E-06
 1473         1       114.414111        0.682161248657E-07
 1473         2        91.134052        0.435913638787E-06
 1473         3        92.814059        0.475687469221E-07
 1473         4       124.676825        0.150440625573E-05
 1473         5       133.443972        0.650866868534E-05
 1473         6       110.733208        0.121516148945E-06
 1474         1       114.379648        0.674420472454E-07
 1474         2        91.046882        0.427607261079E-06
 1474         3        92.694926        0.478129578831E-07
 1474         4       124.676260        0.149513248123E-05
 1474         5       133.604367        0.650951081054E-05
 1474         6       110.775899        0.126448826888E-06
 1475         1       114.345741        0.666168258324E-07
 1475         2        90.959927        0.419308470715E-06
 1475         3        92.576172        0.480166921001E-07
 1475         4       124.675727        0.148577829365E-05
 1475         5       133.763965        0.651040072788E-05
 1475         6       110.818260        0.131544912728E-06
 1476         1       114.312381        0.657405217678E-07
 1476         2        90.873204        0.411009127413E-06
 1476         3        92.457824        0.481776247092E-07
 1476         4       124.675227        0.147635089848E-05
 1476         5       133.922745        0.651135145298E-05
 1476         6       110.860285        0.136786322968E-06
 1477         1       114.279558        0.648170372132E-07
 1477         2        90.786730        0.402724327565E-06
 1477         3        92.339907        0.482963031372E-07
 1477         4       124.674765        0.146688300700E-05
 1477         5       134.080682        0.651234775099E-05
 1477         6       110.901968        0.142142324518E-06
 1478         1       114.247263        0.638466467717E-07
 1478         2        90.700521        0.394446326997E-06
 1478         3        92.222448        0.483708462075E-07
 1478         4       124.674341        0.145738151426E-05
 1478         5       134.237756        0.651340197719E-05
 1478         6       110.943301        0.147595217064E-06
 1479         1       114.215485        0.628325226591E-07
 1479         2        90.614592        0.386184632637E-06
 1479         3        92.105469        0.484015552537E-07
 1479         4       124.673958        0.144787224747E-05
 1479         5       134.393943        0.651450547589E-05
 1479         6       110.984280        0.153117959016E-06
 1480         1       114.184217        0.617779224815E-07
 1480         2        90.528958        0.377948644615E-06
 1480         3        91.988996        0.483889223531E-07
 1480         4       124.673617        0.143838059597E-05
 1480         5       134.549222        0.651564959624E-05
 1480         6       111.024898        0.158683917984E-06
 1481         1       114.153451        0.606833776565E-07
 1481         2        90.443634        0.369731095386E-06
 1481         3        91.873051        0.483316318425E-07
 1481         4       124.673322        0.142891281871E-05
 1481         5       134.703570        0.651684584003E-05
 1481         6       111.065150        0.164276250175E-06
 1482         1       114.123177        0.595532173593E-07
 1482         2        90.358633        0.361546987854E-06
 1482         3        91.757654        0.482311832848E-07
 1482         4       124.673073        0.141949980398E-05
 1482         5       134.856965        0.651807853855E-05
 1482         6       111.105032        0.169866050622E-06
 1483         1       114.093390        0.583881016556E-07
 1483         2        90.273969        0.353389307540E-06
 1483         3        91.642828        0.480865771712E-07
 1483         4       124.672872        0.141014728112E-05
 1483         5       135.009386        0.651935871699E-05
 1483         6       111.144539        0.175437219791E-06
 1484         1       114.064080        0.571924521708E-07
 1484         2        90.189656        0.345272903854E-06
 1484         3        91.528592        0.478996180709E-07
 1484         4       124.672721        0.140088508442E-05
 1484         5       135.160808        0.652067067662E-05
 1484         6       111.183665        0.180962015806E-06
 1485         1       114.035241        0.559670240089E-07
 1485         2        90.105705        0.337190968593E-06
 1485         3        91.414966        0.476695793315E-07
 1485         4       124.672620        0.139171833866E-05
 1485         5       135.311212        0.652202499509E-05
 1485         6       111.222409        0.186425207398E-06
 1486         1       114.006866        0.547153744882E-07
 1486         2        90.022130        0.329152876140E-06
 1486         3        91.301969        0.473978594189E-07
 1486         4       124.672571        0.138266981534E-05
 1486         5       135.460575        0.652341245167E-05
 1486         6       111.260764        0.191803239079E-06
 1487         1       113.978949        0.534410595119E-07
 1487         2        89.938943        0.321167775441E-06
 1487         3        91.189619        0.470859781837E-07
 1487         4       124.672575        0.137376144967E-05
 1487         5       135.608874        0.652482397170E-05
 1487         6       111.298729        0.197073457300E-06
 1488         1       113.951483        0.521449166219E-07
 1488         2        89.856154        0.313229089333E-06
 1488         3        91.077933        0.467335446609E-07
 1488         4       124.672633        0.136499732330E-05
 1488         5       135.756089        0.652626959969E-05
 1488         6       111.336299        0.202222141356E-06
 1489         1       113.924462        0.508314093633E-07
 1489         2        89.773776        0.305351044465E-06
 1489         3        90.966928        0.463429558791E-07
 1489         4       124.672745        0.135640390017E-05
 1489         5       135.902196        0.652773385998E-05
 1489         6       111.373471        0.207225386859E-06
 1490         1       113.897880        0.495013925411E-07
 1490         2        89.691821        0.297527175463E-06
 1490         3        90.856622        0.459140002537E-07
 1490         4       124.672912        0.134798448253E-05
 1490         5       136.047175        0.652922649578E-05
 1490         6       111.410243        0.212070600061E-06
 1491         1       113.871732        0.481592756395E-07
 1491         2        89.610298        0.289771375092E-06
 1491         3        90.747030        0.454492492145E-07
 1491         4       124.673133        0.133976393657E-05
 1491         5       136.191004        0.653073223300E-05
 1491         6       111.446613        0.216735732154E-06
 1492         1       113.846012        0.468059030243E-07
 1492         2        89.529220        0.282077260094E-06
 1492         3        90.638167        0.449486385312E-07
 1492         4       124.673411        0.133174472596E-05
 1492         5       136.333660        0.653226055599E-05
 1492         6       111.482576        0.221209399263E-06
 1493         1       113.820715        0.454447350115E-07
 1493         2        89.448596        0.274453465452E-06
 1493         3        90.530050        0.444142012976E-07
 1493         4       124.673743        0.132394488597E-05
 1493         5       136.475122        0.653380244949E-05
 1493         6       111.518131        0.225473730217E-06
 1494         1       113.795835        0.440791548133E-07
 1494         2        89.368438        0.266908311134E-06
 1494         3        90.422693        0.438480309775E-07
 1494         4       124.674131        0.131638131658E-05
 1494         5       136.615369        0.653534915975E-05
 1494         6       111.553276        0.229512113860E-06
 1495         1       113.771368        0.427099444839E-07
 1495         2        89.288757        0.259435492398E-06
 1495         3        90.316110        0.432502306087E-07
 1495         4       124.674574        0.130905514203E-05
 1495         5       136.754379        0.653690985486E-05
 1495         6       111.588008        0.233315106704E-06
 1496         1       113.747309        0.413412237068E-07
 1496         2        89.209562        0.252047894064E-06
 1496         3        90.210317        0.426236671513E-07
 1496         4       124.675071        0.130198671626E-05
 1496         5       136.892130        0.653846997360E-05
 1496         6       111.622326        0.236865922932E-06
 1497         1       113.723654        0.399737056034E-07
 1497         2        89.130865        0.244739239192E-06
 1497         3        90.105327        0.419685226625E-07
 1497         4       124.675622        0.129517622070E-05
 1497         5       137.028601        0.654003852863E-05
 1497         6       111.656228        0.240156478473E-06
 1498         1       113.700397        0.386113405995E-07
 1498         2        89.052676        0.237521953515E-06
 1498         3        90.001154        0.412877307932E-07
 1498         4       124.676226        0.128864204305E-05
 1498         5       137.163771        0.654160130981E-05
 1498         6       111.689711        0.243172284842E-06
 1499         1       113.677535        0.372547541629E-07
 1499         2        88.975006        0.230389770926E-06
 1499         3        89.897813        0.405815295267E-07
 1499         4       124.676882        0.128238339740E-05
 1499         5       137.297619        0.654316718220E-05
 1499         6       111.722775        0.245906655963E-06
 1500         1       113.655063        0.359069265809E-07
 1500         2        88.897866        0.223350174608E-06
 1500         3        89.795317        0.398522152468E-07
 1500         4       124.677589        0.127641243205E-05
 1500         5       137.430122        0.654472789380E-05
 1500         6       111.755417        0.248348826274E-06
 1501         1       113.632978        0.345707064378E-07
 1501         2        88.821266        0.216410269521E-06
 1501         3        89.693680        0.391020925200E-07
 1501         4       124.678347        0.127073998571E-05
 1501         5       137.561261        0.654627554543E-05
 1501         6       111.787637        0.250489485333E-06
 1502         1       113.611275        0.332465589902E-07
 1502         2        88.745219        0.209563787403E-06
 1502         3        89.592915        0.383314448103E-07
 1502         4       124.679152        0.126536378913E-05
 1502         5       137.691014        0.654781881090E-05
 1502         6       111.819433        0.252324088987E-06
 1503         1       113.589950        0.319379085896E-07
 1503         2        88.669734        0.202821898408E-06
 1503         3        89.493037        0.375432590803E-07
 1503         4       124.680006        0.126029705420E-05
 1503         5       137.819361        0.654934455914E-05
 1503         6       111.850802        0.253844176944E-06
 1504         1       113.569000        0.306450987923E-07
 1504         2        88.594825        0.196178322282E-06
 1504         3        89.394060        0.367378266218E-07
 1504         4       124.680904        0.125553651525E-05
 1504         5       137.946280        0.655086135669E-05
 1504         6       111.881745        0.255046643966E-06
 1505         1       113.548422        0.293713119005E-07
 1505         2        88.520501        0.189643695862E-06
 1505         3        89.295998        0.359181152976E-07
 1505         4       124.681847        0.125109325544E-05
 1505         5       138.071751        0.655235656226E-05
 1505         6       111.912260        0.255925497167E-06
 1506         1       113.528211        0.281167610264E-07
 1506         2        88.446777        0.183211722897E-06
 1506         3        89.198864        0.350844086084E-07
 1506         4       124.682833        0.124696301420E-05
 1506         5       138.195754        0.655383862865E-05
 1506         6       111.942345        0.256479065804E-06
 1507         1       113.508364        0.268837016801E-07
 1507         2        88.373662        0.176888497159E-06
 1507         3        89.102673        0.342389767834E-07
 1507         4       124.683858        0.124315153435E-05
 1507         5       138.318268        0.655530045289E-05
 1507         6       111.971999        0.256704269746E-06
 1508         1       113.488879        0.256742274263E-07
 1508         2        88.301172        0.170679702135E-06
 1508         3        89.007440        0.333840558556E-07
 1508         4       124.684923        0.123966320410E-05
 1508         5       138.439272        0.655673532677E-05
 1508         6       112.001221        0.256599517076E-06
 1509         1       113.469751        0.244883453498E-07
 1509         2        88.229317        0.164579016869E-06
 1509         3        88.913180        0.325198931207E-07
 1509         4       124.686024        0.123649229925E-05
 1509         5       138.558748        0.655815156751E-05
 1509         6       112.030010        0.256165253012E-06
 1510         1       113.450978        0.233285856845E-07
 1510         2        88.158113        0.158595702963E-06
 1510         3        88.819907        0.316493232317E-07
 1510         4       124.687159        0.123364459696E-05
 1510         5       138.676675        0.655953782126E-05
 1510         6       112.058365        0.255401603415E-06
 1511         1       113.432557        0.221948149453E-07
 1511         2        88.087571        0.152723425644E-06
 1511         3        88.727637        0.307725555091E-07
 1511         4       124.688327        0.123111342653E-05
 1511         5       138.793033        0.656090232316E-05
 1511         6       112.086283        0.254310387220E-06
 1512         1       113.414485        0.210892929544E-07
 1512         2        88.017707        0.146970889580E-06
 1512         3        88.636385        0.298923425538E-07
 1512         4       124.689525        0.122890249065E-05
 1512         5       138.907803        0.656223424358E-05
 1512         6       112.113765        0.252894101248E-06
 1513         1       113.396759        0.200117459191E-07
 1513         2        87.948535        0.141331751729E-06
 1513         3        88.546167        0.290088471436E-07
 1513         4       124.690752        0.122700420493E-05
 1513         5       139.020965        0.656354174140E-05
 1513         6       112.140809        0.251155893136E-06
 1514         1       113.379377        0.189636045334E-07
 1514         2        87.880070        0.135810641822E-06
 1514         3        88.457001        0.281241054470E-07
 1514         4       124.692003        0.122541803353E-05
 1514         5       139.132500        0.656481899463E-05
 1514         6       112.167414        0.249100125903E-06
 1515         1       113.362335        0.179461314864E-07
 1515         2        87.812326        0.130411774378E-06
 1515         3        88.368901        0.272400890694E-07
 1515         4       124.693279        0.122414217316E-05
 1515         5       139.242390        0.656606062522E-05
 1515         6       112.193578        0.246732519574E-06
 1516         1       113.345632        0.169588478979E-07
 1516         2        87.745320        0.125128809602E-06
 1516         3        88.281886        0.263568785333E-07
 1516         4       124.694575        0.122316775261E-05
 1516         5       139.350615        0.656727464430E-05
 1516         6       112.219301        0.244058113223E-06
 1517         1       113.329266        0.160033414234E-07
 1517         2        87.679067        0.119969072827E-06
 1517         3        88.195973        0.254769662333E-07
 1517         4       124.695890        0.122249354733E-05
 1517         5       139.457157        0.656845156373E-05
 1517         6       112.244580        0.241084969618E-06
 1518         1       113.313233        0.150790029449E-07
 1518         2        87.613585        0.114926239736E-06
 1518         3        88.111179        0.246003723494E-07
 1518         4       124.697221        0.122210989307E-05
 1518         5       139.561999        0.656959928836E-05
 1518         6       112.269416        0.237819305402E-06
 1519         1       113.297531        0.141871603109E-07
 1519         2        87.548890        0.110007098027E-06
 1519         3        88.027522        0.237294683504E-07
 1519         4       124.698567        0.122201373854E-05
 1519         5       139.665120        0.657070887705E-05
 1519         6       112.293805        0.234271217269E-06
 1520         1       113.282160        0.133270814277E-07
 1520         2        87.485000        0.105205350985E-06
 1520         3        87.945022        0.228642113854E-07
 1520         4       124.699924        0.122219468696E-05
 1520         5       139.766505        0.657178811945E-05
 1520         6       112.317748        0.230448022477E-06
 1521         1       113.267116        0.124994010699E-07
 1521         2        87.421932        0.100524231504E-06
 1521         3        87.863697        0.220062783241E-07
 1521         4       124.701290        0.122264665644E-05
 1521         5       139.866134        0.657283250816E-05
 1521         6       112.341242        0.226360528246E-06
 1522         1       113.252397        0.117045999612E-07
 1522         2        87.359705        0.959665754437E-07
 1522         3        87.783567        0.211572633592E-07
 1522         4       124.702663        0.122336250096E-05
 1522         5       139.963992        0.657383796852E-05
 1522         6       112.364286        0.222020634079E-06
 1523         1       113.238003        0.109417784124E-07
 1523         2        87.298337        0.915261553766E-07
 1523         3        87.704650        0.203170276742E-07
 1523         4       124.704041        0.122433084846E-05
 1523         5       140.060061        0.657481209685E-05
 1523         6       112.386880        0.217437148540E-06
 1524         1       113.223931        0.102116591113E-07
 1524         2        87.237847        0.872084759108E-07
 1524         3        87.626968        0.194876149945E-07
 1524         4       124.705421        0.122554455948E-05
 1524         5       140.154324        0.657574725949E-05
 1524         6       112.409020        0.212624629175E-06
 1525         1       113.210180        0.951324374085E-08
 1525         2        87.178255        0.830073760228E-07
 1525         3        87.550541        0.186688237064E-07
 1525         4       124.706801        0.122699170649E-05
 1525         5       140.246765        0.657665090195E-05
 1525         6       112.430707        0.207592760892E-06
 1526         1       113.196747        0.884703595692E-08
 1526         2        87.119580        0.789278779619E-07
 1526         3        87.475389        0.178625608502E-07
 1526         4       124.708178        0.122866373889E-05
 1526         5       140.337368        0.657751588778E-05
 1526         6       112.451938        0.202357598502E-06
 1527         1       113.183633        0.821195055413E-08
 1527         2        87.061843        0.749639043625E-07
 1527         3        87.401534        0.170685645273E-07
 1527         4       124.709551        0.123054825565E-05
 1527         5       140.426116        0.657834950931E-05
 1527         6       112.472712        0.196929601541E-06
 1528         1       113.170834        0.760795418154E-08
 1528         2        87.005063        0.711174719346E-07
 1528         3        87.328997        0.162881044624E-07
 1528         4       124.710918        0.123263488813E-05
 1528         5       140.512995        0.657914845643E-05
 1528         6       112.493028        0.191324398983E-06
 1529         1       113.158352        0.703488817643E-08
 1529         2        86.949262        0.673902362022E-07
 1529         3        87.257800        0.155223613896E-07
 1529         4       124.712276        0.123491248974E-05
 1529         5       140.597988        0.657990983440E-05
 1529         6       112.512883        0.185558340281E-06
 1530         1       113.146183        0.649156073819E-08
 1530         2        86.894461        0.637762811440E-07
 1530         3        87.187965        0.147709901902E-07
 1530         4       124.713624        0.123736811561E-05
 1530         5       140.681081        0.658064064408E-05
 1530         6       112.532277        0.179642842635E-06
 1531         1       113.134327        0.597799923061E-08
 1531         2        86.840680        0.602795153811E-07
 1531         3        87.119513        0.140355558203E-07
 1531         4       124.714958        0.123999032398E-05
 1531         5       140.762260        0.658133496406E-05
 1531         6       112.551207        0.173596886498E-06
 1532         1       113.122783        0.549295750549E-08
 1532         2        86.787942        0.568941545927E-07
 1532         3        87.052468        0.133156638673E-07
 1532         4       124.716279        0.124276592355E-05
 1532         5       140.841509        0.658199959057E-05
 1532         6       112.569672        0.167432384567E-06
 1533         1       113.111550        0.503630384839E-08
 1533         2        86.736267        0.536237030849E-07
 1533         3        86.986852        0.126127460574E-07
 1533         4       124.717582        0.124568259455E-05
 1533         5       140.918816        0.658262904342E-05
 1533         6       112.587671        0.161169137470E-06
 1534         1       113.100628        0.460675156168E-08
 1534         2        86.685678        0.504625278362E-07
 1534         3        86.922688        0.119263646737E-07
 1534         4       124.718868        0.124872699503E-05
 1534         5       140.994166        0.658322990333E-05
 1534         6       112.605201        0.154819434615E-06
 1535         1       113.090015        0.420379065920E-08
 1535         2        86.636196        0.474116859109E-07
 1535         3        86.859999        0.112573993041E-07
 1535         4       124.720133        0.125188611249E-05
 1535         5       141.067546        0.658379987320E-05
 1535         6       112.622262        0.148401649084E-06
 1536         1       113.079712        0.382682288889E-08
 1536         2        86.587844        0.444719202074E-07
 1536         3        86.798807        0.106066436376E-07
 1536         4       124.721377        0.125514650994E-05
 1536         5       141.138943        0.658433703672E-05
 1536         6       112.638851        0.141934433726E-06
 1537         1       113.069716        0.347452703988E-08
 1537         2        86.540643        0.416378622622E-07
 1537         3        86.739136        0.997360787454E-08
 1537         4       124.722598        0.125849480577E-05
 1537         5       141.208345        0.658484760773E-05
 1537         6       112.654966        0.135430414967E-06
 1538         1       113.060029        0.314645820055E-08
 1538         2        86.494615        0.389121162514E-07
 1538         3        86.681008        0.935940908194E-08
 1538         4       124.723794        0.126191723628E-05
 1538         5       141.275739        0.658532714226E-05
 1538         6       112.670607        0.128910511079E-06
 1539         1       113.050650        0.284128970580E-08
 1539         2        86.449781        0.362895154735E-07
 1539         3        86.624447        0.876353197100E-08
 1539         4       124.724965        0.126540052175E-05
 1539         5       141.341114        0.658578159629E-05
 1539         6       112.685771        0.122387417497E-06
 1540         1       113.041577        0.255848583029E-08
 1540         2        86.406165        0.337723488591E-07
 1540         3        86.569475        0.818697738218E-08
 1540         4       124.726107        0.126893063318E-05
 1540         5       141.404457        0.658620691702E-05
 1540         6       112.700458        0.115882119752E-06
 1541         1       113.032812        0.229672828576E-08
 1541         2        86.363788        0.313556708790E-07
 1541         3        86.516115        0.762921238695E-08
 1541         4       124.727221        0.127249449412E-05
 1541         5       141.465758        0.658660876812E-05
 1541         6       112.714664        0.109407257247E-06
 1542         1       113.024353        0.205524999754E-08
 1542         2        86.322670        0.290398709195E-07
 1542         3        86.464390        0.709078881809E-08
 1542         4       124.728305        0.127607833680E-05
 1542         5       141.525006        0.658698563710E-05
 1542         6       112.728389        0.102981616516E-06
 1543         1       113.016201        0.183323505846E-08
 1543         2        86.282834        0.268250742034E-07
 1543         3        86.414321        0.657218182202E-08
 1543         4       124.729357        0.127966833248E-05
 1543         5       141.582191        0.658733635913E-05
 1543         6       112.741631        0.966238026894E-07
 1544         1       113.008355        0.162940301701E-08
 1544         2        86.244301        0.247067027665E-07
 1544         3        86.365931        0.607284717177E-08
 1544         4       124.730378        0.128325191650E-05
 1544         5       141.637301        0.658766614383E-05
 1544         6       112.754388        0.903461375818E-07
 1545         1       113.000815        0.144307614477E-08
 1545         2        86.207090        0.226863690249E-07
 1545         3        86.319242        0.559352411915E-08
 1545         4       124.731365        0.128681515139E-05
 1545         5       141.690329        0.658797182213E-05
 1545         6       112.766659        0.841688283757E-07
 1546         1       112.993582        0.127301536286E-08
 1546         2        86.171223        0.207597628803E-07
 1546         3        86.274274        0.513367101132E-08
 1546         4       124.732318        0.129034593559E-05
 1546         5       141.741264        0.658825826587E-05
 1546         6       112.778443        0.781038323177E-07
 1547         1       112.986655        0.111851891065E-08
 1547         2        86.136719        0.189282691517E-07
 1547         3        86.231049        0.469393487035E-08
 1547         4       124.733236        0.129383067422E-05
 1547         5       141.790097        0.658852264030E-05
 1547         6       112.789737        0.721706759799E-07
 1548         1       112.980034        0.978401340413E-09
 1548         2        86.103598        0.171878627431E-07
 1548         3        86.189587        0.427378461432E-08
 1548         4       124.734118        0.129725783180E-05
 1548         5       141.836820        0.658876947670E-05
 1548         6       112.800540        0.663808331784E-07
 1549         1       112.973720        0.851854538416E-09
 1549         2        86.071879        0.155385523281E-07
 1549         3        86.149908        0.387352976804E-08
 1549         4       124.734963        0.130061479964E-05
 1549         5       141.881424        0.658899784067E-05
 1549         6       112.810852        0.607511600627E-07
 1550         1       112.967712        0.738058061317E-09
 1550         2        86.041580        0.139801292349E-07
 1550         3        86.112031        0.349341497852E-08
 1550         4       124.735771        0.130388926889E-05
 1550         5       141.923903        0.658920710179E-05
 1550         6       112.820670        0.552978980445E-07
 1551         1       112.962010        0.635928374520E-09
 1551         2        86.012719        0.125090262994E-07
 1551         3        86.075975        0.313293955238E-08
 1551         4       124.736540        0.130707073331E-05
 1551         5       141.964248        0.658940126651E-05
 1551         6       112.829993        0.500315832471E-07
 1552         1       112.956616        0.544778594676E-09
 1552         2        85.985314        0.111261575288E-07
 1552         3        86.041759        0.279255108928E-08
 1552         4       124.737271        0.131014716286E-05
 1552         5       142.002452        0.658957822340E-05
 1552         6       112.838820        0.449691795623E-07
 1553         1       112.951528        0.463606267868E-09
 1553         2        85.959380        0.982827958663E-08
 1553         3        86.009398        0.247177827008E-08
 1553         4       124.737963        0.131310885178E-05
 1553         5       142.038508        0.658974158799E-05
 1553         6       112.847150        0.401204640032E-07
 1554         1       112.946747        0.391757669676E-09
 1554         2        85.934935        0.861615375898E-08
 1554         3        85.978911        0.217100087172E-08
 1554         4       124.738615        0.131594465988E-05
 1554         5       142.072411        0.658988953451E-05
 1554         6       112.854981        0.355010587578E-07
 1555         1       112.942274        0.328320926344E-09
 1555         2        85.911992        0.748687380481E-08
 1555         3        85.950313        0.188978372368E-08
 1555         4       124.739227        0.131864576632E-05
 1555         5       142.104155        0.659002528214E-05
 1555         6       112.862312        0.311198830156E-07
 1556         1       112.938108        0.272633463904E-09
 1556         2        85.890567        0.644031532176E-08
 1556         3        85.923619        0.162828074345E-08
 1556         4       124.739798        0.132120246984E-05
 1556         5       142.133733        0.659014829530E-05
 1556         6       112.869143        0.269897609518E-07
 1557         1       112.934250        0.224049592092E-09
 1557         2        85.870673        0.547617407496E-08
 1557         3        85.898843        0.138659199950E-08
 1557         4       124.740329        0.132360566338E-05
 1557         5       142.161141        0.659025829860E-05
 1557         6       112.875472        0.231225476445E-07
 1558         1       112.930699        0.181809055861E-09
 1558         2        85.852322        0.459207157091E-08
 1558         3        85.875999        0.116434796735E-08
 1558         4       124.740818        0.132584799749E-05
 1558         5       142.186373        0.659035793928E-05
 1558         6       112.881298        0.195257086721E-07
 1559         1       112.927457        0.145397754502E-09
 1559         2        85.835526        0.378846178529E-08
 1559         3        85.855099        0.961785103221E-09
 1559         4       124.741265        0.132792111378E-05
 1559         5       142.209427        0.659044598372E-05
 1559         6       112.886620        0.162108388260E-07
 1560         1       112.924522        0.114165520780E-09
 1560         2        85.820296        0.306333064972E-08
 1560         3        85.836154        0.778584296410E-09
 1560         4       124.741671        0.132981872985E-05
 1560         5       142.230297        0.659052466566E-05
 1560         6       112.891438        0.131843372203E-07
 1561         1       112.921896        0.876729164702E-10
 1561         2        85.806643        0.241703386904E-08
 1561         3        85.819175        0.614933641426E-09
 1561         4       124.742034        0.133153379052E-05
 1561         5       142.248979        0.659059298560E-05
 1561         6       112.895751        0.104559618775E-07
 1562         1       112.919579        0.653858432995E-10
 1562         2        85.794574        0.184793016650E-08
 1562         3        85.804171        0.470568915768E-09
 1562         4       124.742355        0.133306113298E-05
 1562         5       142.265472        0.659065276259E-05
 1562         6       112.899559        0.803097983469E-08
 1563         1       112.917570        0.469247813219E-10
 1563         2        85.784098        0.135594432827E-08
 1563         3        85.791150        0.345558096967E-09
 1563         4       124.742634        0.133439531238E-05
 1563         5       142.279771        0.659070368776E-05
 1563         6       112.902859        0.591657664767E-08
 1564         1       112.915870        0.319458938066E-10
 1564         2        85.775223        0.940845495018E-09
 1564         3        85.780120        0.239923014306E-09
 1564         4       124.742870        0.133553166772E-05
 1564         5       142.291875        0.659074572489E-05
 1564         6       112.905653        0.411873580749E-08
 1565         1       112.914479        0.200980090241E-10
 1565         2        85.767952        0.601563896825E-09
 1565         3        85.771087        0.153488443344E-09
 1565         4       124.743063        0.133646680583E-05
 1565         5       142.301781        0.659078005482E-05
 1565         6       112.907940        0.264092818585E-08
 1566         1       112.913397        0.111612088734E-10
 1566         2        85.762293        0.338252612183E-09
 1566         3        85.764056        0.863376416431E-10
 1566         4       124.743214        0.133719726372E-05
 1566         5       142.309487        0.659080622279E-05
 1566         6       112.909718        0.148792008797E-08
 1567         1       112.912624        0.491048815240E-11
 1567         2        85.758247        0.150228737815E-09
 1567         3        85.759031        0.383579307847E-10
 1567         4       124.743321        0.133772086534E-05
 1567         5       142.314992        0.659082497728E-05
 1567         6       112.910989        0.661937563413E-09
 1568         1       112.912161        0.122235191668E-11
 1568         2        85.755819        0.375755992954E-10
 1568         3        85.756015        0.959490799189E-11
 1568         4       124.743386        0.133803567376E-05
 1568         5       142.318296        0.659083605905E-05
 1568         6       112.911752        0.165644803428E-09
 1569         1       112.912006        0.000000000000E+00
 1569         2        85.755010        0.000000000000E+00
 1569         3        85.755010        0.000000000000E+00
 1569         4       124.743407        0.133814075138E-05
 1569         5       142.319397        0.659083979942E-05
 1569         6       112.912006        0.000000000000E+00
