
 Debye-Waller Factors (DWFs)

  High-symmetry points and/or path breaks detected at the following q_idxs:
    1   350   474   845  1147  1394  1569 

  The path spacings (in inverse Angstrom) between these points are:
    4.9858E-03    4.9633E-03    4.9903E-03    4.9902E-03    4.9830E-03    4.9719E-03


 atom     q_idx      qa           qb           qc              dwf(q)

 B1         1      0.00000      0.00000      0.00000       1.00000000E+00
 B1         2      0.00143      0.00000      0.00143       9.99999971E-01
 B1         3      0.00286      0.00000      0.00286       9.99999885E-01
 B1         4      0.00430      0.00000      0.00430       9.99999742E-01
 B1         5      0.00573      0.00000      0.00573       9.99999541E-01
 B1         6      0.00716      0.00000      0.00716       9.99999283E-01
 B1         7      0.00860      0.00000      0.00860       9.99998967E-01
 B1         8      0.01003      0.00000      0.01003       9.99998594E-01
 B1         9      0.01146      0.00000      0.01146       9.99998163E-01
 B1        10      0.01289      0.00000      0.01289       9.99997675E-01
 B1        11      0.01433      0.00000      0.01433       9.99997130E-01
 B1        12      0.01576      0.00000      0.01576       9.99996527E-01
 B1        13      0.01719      0.00000      0.01719       9.99995867E-01
 B1        14      0.01862      0.00000      0.01862       9.99995149E-01
 B1        15      0.02006      0.00000      0.02006       9.99994375E-01
 B1        16      0.02149      0.00000      0.02149       9.99993542E-01
 B1        17      0.02292      0.00000      0.02292       9.99992652E-01
 B1        18      0.02436      0.00000      0.02436       9.99991706E-01
 B1        19      0.02579      0.00000      0.02579       9.99990701E-01
 B1        20      0.02722      0.00000      0.02722       9.99989639E-01
 B1        21      0.02865      0.00000      0.02865       9.99988520E-01
 B1        22      0.03009      0.00000      0.03009       9.99987343E-01
 B1        23      0.03152      0.00000      0.03152       9.99986109E-01
 B1        24      0.03295      0.00000      0.03295       9.99984818E-01
 B1        25      0.03438      0.00000      0.03438       9.99983469E-01
 B1        26      0.03582      0.00000      0.03582       9.99982062E-01
 B1        27      0.03725      0.00000      0.03725       9.99980599E-01
 B1        28      0.03868      0.00000      0.03868       9.99979077E-01
 B1        29      0.04011      0.00000      0.04011       9.99977499E-01
 B1        30      0.04155      0.00000      0.04155       9.99975863E-01
 B1        31      0.04298      0.00000      0.04298       9.99974170E-01
 B1        32      0.04441      0.00000      0.04441       9.99972419E-01
 B1        33      0.04584      0.00000      0.04584       9.99970611E-01
 B1        34      0.04728      0.00000      0.04728       9.99968746E-01
 B1        35      0.04871      0.00000      0.04871       9.99966822E-01
 B1        36      0.05014      0.00000      0.05014       9.99964843E-01
 B1        37      0.05158      0.00000      0.05158       9.99962805E-01
 B1        38      0.05301      0.00000      0.05301       9.99960709E-01
 B1        39      0.05444      0.00000      0.05444       9.99958558E-01
 B1        40      0.05587      0.00000      0.05587       9.99956347E-01
 B1        41      0.05731      0.00000      0.05731       9.99954080E-01
 B1        42      0.05874      0.00000      0.05874       9.99951756E-01
 B1        43      0.06017      0.00000      0.06017       9.99949373E-01
 B1        44      0.06161      0.00000      0.06161       9.99946933E-01
 B1        45      0.06304      0.00000      0.06304       9.99944438E-01
 B1        46      0.06447      0.00000      0.06447       9.99941883E-01
 B1        47      0.06590      0.00000      0.06590       9.99939271E-01
 B1        48      0.06734      0.00000      0.06734       9.99936603E-01
 B1        49      0.06877      0.00000      0.06877       9.99933876E-01
 B1        50      0.07020      0.00000      0.07020       9.99931092E-01
 B1        51      0.07163      0.00000      0.07163       9.99928252E-01
 B1        52      0.07307      0.00000      0.07307       9.99925352E-01
 B1        53      0.07450      0.00000      0.07450       9.99922396E-01
 B1        54      0.07593      0.00000      0.07593       9.99919384E-01
 B1        55      0.07736      0.00000      0.07736       9.99916312E-01
 B1        56      0.07880      0.00000      0.07880       9.99913184E-01
 B1        57      0.08023      0.00000      0.08023       9.99910000E-01
 B1        58      0.08166      0.00000      0.08166       9.99906756E-01
 B1        59      0.08310      0.00000      0.08310       9.99903455E-01
 B1        60      0.08453      0.00000      0.08453       9.99900099E-01
 B1        61      0.08596      0.00000      0.08596       9.99896683E-01
 B1        62      0.08739      0.00000      0.08739       9.99893210E-01
 B1        63      0.08883      0.00000      0.08883       9.99889682E-01
 B1        64      0.09026      0.00000      0.09026       9.99886094E-01
 B1        65      0.09169      0.00000      0.09169       9.99882448E-01
 B1        66      0.09312      0.00000      0.09312       9.99878748E-01
 B1        67      0.09456      0.00000      0.09456       9.99874988E-01
 B1        68      0.09599      0.00000      0.09599       9.99871170E-01
 B1        69      0.09742      0.00000      0.09742       9.99867298E-01
 B1        70      0.09885      0.00000      0.09885       9.99863366E-01
 B1        71      0.10029      0.00000      0.10029       9.99859376E-01
 B1        72      0.10172      0.00000      0.10172       9.99855332E-01
 B1        73      0.10315      0.00000      0.10315       9.99851227E-01
 B1        74      0.10458      0.00000      0.10458       9.99847065E-01
 B1        75      0.10602      0.00000      0.10602       9.99842849E-01
 B1        76      0.10745      0.00000      0.10745       9.99838572E-01
 B1        77      0.10888      0.00000      0.10888       9.99834238E-01
 B1        78      0.11031      0.00000      0.11031       9.99829850E-01
 B1        79      0.11175      0.00000      0.11175       9.99825401E-01
 B1        80      0.11318      0.00000      0.11318       9.99820894E-01
 B1        81      0.11461      0.00000      0.11461       9.99816334E-01
 B1        82      0.11605      0.00000      0.11605       9.99811713E-01
 B1        83      0.11748      0.00000      0.11748       9.99807035E-01
 B1        84      0.11891      0.00000      0.11891       9.99802302E-01
 B1        85      0.12034      0.00000      0.12034       9.99797509E-01
 B1        86      0.12178      0.00000      0.12178       9.99792658E-01
 B1        87      0.12321      0.00000      0.12321       9.99787754E-01
 B1        88      0.12464      0.00000      0.12464       9.99782789E-01
 B1        89      0.12607      0.00000      0.12607       9.99777769E-01
 B1        90      0.12751      0.00000      0.12751       9.99772689E-01
 B1        91      0.12894      0.00000      0.12894       9.99767552E-01
 B1        92      0.13037      0.00000      0.13037       9.99762361E-01
 B1        93      0.13181      0.00000      0.13181       9.99757109E-01
 B1        94      0.13324      0.00000      0.13324       9.99751799E-01
 B1        95      0.13467      0.00000      0.13467       9.99746436E-01
 B1        96      0.13610      0.00000      0.13610       9.99741012E-01
 B1        97      0.13754      0.00000      0.13754       9.99735530E-01
 B1        98      0.13897      0.00000      0.13897       9.99729995E-01
 B1        99      0.14040      0.00000      0.14040       9.99724399E-01
 B1       100      0.14183      0.00000      0.14183       9.99718745E-01
 B1       101      0.14327      0.00000      0.14327       9.99713038E-01
 B1       102      0.14470      0.00000      0.14470       9.99707269E-01
 B1       103      0.14613      0.00000      0.14613       9.99701443E-01
 B1       104      0.14756      0.00000      0.14756       9.99695564E-01
 B1       105      0.14900      0.00000      0.14900       9.99689624E-01
 B1       106      0.15043      0.00000      0.15043       9.99683626E-01
 B1       107      0.15186      0.00000      0.15186       9.99677575E-01
 B1       108      0.15329      0.00000      0.15329       9.99671462E-01
 B1       109      0.15473      0.00000      0.15473       9.99665292E-01
 B1       110      0.15616      0.00000      0.15616       9.99659069E-01
 B1       111      0.15759      0.00000      0.15759       9.99652784E-01
 B1       112      0.15903      0.00000      0.15903       9.99646442E-01
 B1       113      0.16046      0.00000      0.16046       9.99640047E-01
 B1       114      0.16189      0.00000      0.16189       9.99633590E-01
 B1       115      0.16332      0.00000      0.16332       9.99627076E-01
 B1       116      0.16476      0.00000      0.16476       9.99620509E-01
 B1       117      0.16619      0.00000      0.16619       9.99613881E-01
 B1       118      0.16762      0.00000      0.16762       9.99607194E-01
 B1       119      0.16905      0.00000      0.16905       9.99600456E-01
 B1       120      0.17049      0.00000      0.17049       9.99593655E-01
 B1       121      0.17192      0.00000      0.17192       9.99586796E-01
 B1       122      0.17335      0.00000      0.17335       9.99579886E-01
 B1       123      0.17478      0.00000      0.17478       9.99572913E-01
 B1       124      0.17622      0.00000      0.17622       9.99565883E-01
 B1       125      0.17765      0.00000      0.17765       9.99558800E-01
 B1       126      0.17908      0.00000      0.17908       9.99551655E-01
 B1       127      0.18052      0.00000      0.18052       9.99544453E-01
 B1       128      0.18195      0.00000      0.18195       9.99537198E-01
 B1       129      0.18338      0.00000      0.18338       9.99529881E-01
 B1       130      0.18481      0.00000      0.18481       9.99522507E-01
 B1       131      0.18625      0.00000      0.18625       9.99515081E-01
 B1       132      0.18768      0.00000      0.18768       9.99507592E-01
 B1       133      0.18911      0.00000      0.18911       9.99500045E-01
 B1       134      0.19054      0.00000      0.19054       9.99492447E-01
 B1       135      0.19198      0.00000      0.19198       9.99484786E-01
 B1       136      0.19341      0.00000      0.19341       9.99477068E-01
 B1       137      0.19484      0.00000      0.19484       9.99469298E-01
 B1       138      0.19628      0.00000      0.19628       9.99461465E-01
 B1       139      0.19771      0.00000      0.19771       9.99453575E-01
 B1       140      0.19914      0.00000      0.19914       9.99445633E-01
 B1       141      0.20057      0.00000      0.20057       9.99437628E-01
 B1       142      0.20201      0.00000      0.20201       9.99429566E-01
 B1       143      0.20344      0.00000      0.20344       9.99421452E-01
 B1       144      0.20487      0.00000      0.20487       9.99413275E-01
 B1       145      0.20630      0.00000      0.20630       9.99405041E-01
 B1       146      0.20774      0.00000      0.20774       9.99396755E-01
 B1       147      0.20917      0.00000      0.20917       9.99388407E-01
 B1       148      0.21060      0.00000      0.21060       9.99380001E-01
 B1       149      0.21203      0.00000      0.21203       9.99371543E-01
 B1       150      0.21347      0.00000      0.21347       9.99363022E-01
 B1       151      0.21490      0.00000      0.21490       9.99354444E-01
 B1       152      0.21633      0.00000      0.21633       9.99345815E-01
 B1       153      0.21776      0.00000      0.21776       9.99337123E-01
 B1       154      0.21920      0.00000      0.21920       9.99328373E-01
 B1       155      0.22063      0.00000      0.22063       9.99319572E-01
 B1       156      0.22206      0.00000      0.22206       9.99310707E-01
 B1       157      0.22350      0.00000      0.22350       9.99301786E-01
 B1       158      0.22493      0.00000      0.22493       9.99292813E-01
 B1       159      0.22636      0.00000      0.22636       9.99283776E-01
 B1       160      0.22779      0.00000      0.22779       9.99274683E-01
 B1       161      0.22923      0.00000      0.22923       9.99265538E-01
 B1       162      0.23066      0.00000      0.23066       9.99256330E-01
 B1       163      0.23209      0.00000      0.23209       9.99247064E-01
 B1       164      0.23352      0.00000      0.23352       9.99237748E-01
 B1       165      0.23496      0.00000      0.23496       9.99228368E-01
 B1       166      0.23639      0.00000      0.23639       9.99218931E-01
 B1       167      0.23782      0.00000      0.23782       9.99209443E-01
 B1       168      0.23925      0.00000      0.23925       9.99199891E-01
 B1       169      0.24069      0.00000      0.24069       9.99190282E-01
 B1       170      0.24212      0.00000      0.24212       9.99180622E-01
 B1       171      0.24355      0.00000      0.24355       9.99170898E-01
 B1       172      0.24499      0.00000      0.24499       9.99161117E-01
 B1       173      0.24642      0.00000      0.24642       9.99151286E-01
 B1       174      0.24785      0.00000      0.24785       9.99141390E-01
 B1       175      0.24928      0.00000      0.24928       9.99131437E-01
 B1       176      0.25072      0.00000      0.25072       9.99121434E-01
 B1       177      0.25215      0.00000      0.25215       9.99111367E-01
 B1       178      0.25358      0.00000      0.25358       9.99101242E-01
 B1       179      0.25501      0.00000      0.25501       9.99091068E-01
 B1       180      0.25645      0.00000      0.25645       9.99080828E-01
 B1       181      0.25788      0.00000      0.25788       9.99070532E-01
 B1       182      0.25931      0.00000      0.25931       9.99060186E-01
 B1       183      0.26075      0.00000      0.26075       9.99049775E-01
 B1       184      0.26218      0.00000      0.26218       9.99039307E-01
 B1       185      0.26361      0.00000      0.26361       9.99028789E-01
 B1       186      0.26504      0.00000      0.26504       9.99018206E-01
 B1       187      0.26648      0.00000      0.26648       9.99007566E-01
 B1       188      0.26791      0.00000      0.26791       9.98996876E-01
 B1       189      0.26934      0.00000      0.26934       9.98986122E-01
 B1       190      0.27077      0.00000      0.27077       9.98975310E-01
 B1       191      0.27221      0.00000      0.27221       9.98964449E-01
 B1       192      0.27364      0.00000      0.27364       9.98953523E-01
 B1       193      0.27507      0.00000      0.27507       9.98942540E-01
 B1       194      0.27650      0.00000      0.27650       9.98931507E-01
 B1       195      0.27794      0.00000      0.27794       9.98920409E-01
 B1       196      0.27937      0.00000      0.27937       9.98909254E-01
 B1       197      0.28080      0.00000      0.28080       9.98898050E-01
 B1       198      0.28224      0.00000      0.28224       9.98886780E-01
 B1       199      0.28367      0.00000      0.28367       9.98875454E-01
 B1       200      0.28510      0.00000      0.28510       9.98864078E-01
 B1       201      0.28653      0.00000      0.28653       9.98852637E-01
 B1       202      0.28797      0.00000      0.28797       9.98841138E-01
 B1       203      0.28940      0.00000      0.28940       9.98829591E-01
 B1       204      0.29083      0.00000      0.29083       9.98817978E-01
 B1       205      0.29226      0.00000      0.29226       9.98806308E-01
 B1       206      0.29370      0.00000      0.29370       9.98794589E-01
 B1       207      0.29513      0.00000      0.29513       9.98782805E-01
 B1       208      0.29656      0.00000      0.29656       9.98770963E-01
 B1       209      0.29799      0.00000      0.29799       9.98759072E-01
 B1       210      0.29943      0.00000      0.29943       9.98747116E-01
 B1       211      0.30086      0.00000      0.30086       9.98735103E-01
 B1       212      0.30229      0.00000      0.30229       9.98723041E-01
 B1       213      0.30373      0.00000      0.30373       9.98710914E-01
 B1       214      0.30516      0.00000      0.30516       9.98698729E-01
 B1       215      0.30659      0.00000      0.30659       9.98686495E-01
 B1       216      0.30802      0.00000      0.30802       9.98674196E-01
 B1       217      0.30946      0.00000      0.30946       9.98661840E-01
 B1       218      0.31089      0.00000      0.31089       9.98649435E-01
 B1       219      0.31232      0.00000      0.31232       9.98636964E-01
 B1       220      0.31375      0.00000      0.31375       9.98624436E-01
 B1       221      0.31519      0.00000      0.31519       9.98611860E-01
 B1       222      0.31662      0.00000      0.31662       9.98599218E-01
 B1       223      0.31805      0.00000      0.31805       9.98586518E-01
 B1       224      0.31948      0.00000      0.31948       9.98573771E-01
 B1       225      0.32092      0.00000      0.32092       9.98560957E-01
 B1       226      0.32235      0.00000      0.32235       9.98548086E-01
 B1       227      0.32378      0.00000      0.32378       9.98535167E-01
 B1       228      0.32521      0.00000      0.32521       9.98522182E-01
 B1       229      0.32665      0.00000      0.32665       9.98509139E-01
 B1       230      0.32808      0.00000      0.32808       9.98496049E-01
 B1       231      0.32951      0.00000      0.32951       9.98482892E-01
 B1       232      0.33095      0.00000      0.33095       9.98469678E-01
 B1       233      0.33238      0.00000      0.33238       9.98456416E-01
 B1       234      0.33381      0.00000      0.33381       9.98443088E-01
 B1       235      0.33524      0.00000      0.33524       9.98429703E-01
 B1       236      0.33668      0.00000      0.33668       9.98416270E-01
 B1       237      0.33811      0.00000      0.33811       9.98402770E-01
 B1       238      0.33954      0.00000      0.33954       9.98389213E-01
 B1       239      0.34097      0.00000      0.34097       9.98375609E-01
 B1       240      0.34241      0.00000      0.34241       9.98361938E-01
 B1       241      0.34384      0.00000      0.34384       9.98348210E-01
 B1       242      0.34527      0.00000      0.34527       9.98334434E-01
 B1       243      0.34670      0.00000      0.34670       9.98320592E-01
 B1       244      0.34814      0.00000      0.34814       9.98306692E-01
 B1       245      0.34957      0.00000      0.34957       9.98292745E-01
 B1       246      0.35100      0.00000      0.35100       9.98278732E-01
 B1       247      0.35244      0.00000      0.35244       9.98264661E-01
 B1       248      0.35387      0.00000      0.35387       9.98250542E-01
 B1       249      0.35530      0.00000      0.35530       9.98236357E-01
 B1       250      0.35673      0.00000      0.35673       9.98222115E-01
 B1       251      0.35817      0.00000      0.35817       9.98207826E-01
 B1       252      0.35960      0.00000      0.35960       9.98193469E-01
 B1       253      0.36103      0.00000      0.36103       9.98179056E-01
 B1       254      0.36246      0.00000      0.36246       9.98164595E-01
 B1       255      0.36390      0.00000      0.36390       9.98150067E-01
 B1       256      0.36533      0.00000      0.36533       9.98135482E-01
 B1       257      0.36676      0.00000      0.36676       9.98120851E-01
 B1       258      0.36819      0.00000      0.36819       9.98106152E-01
 B1       259      0.36963      0.00000      0.36963       9.98091396E-01
 B1       260      0.37106      0.00000      0.37106       9.98076593E-01
 B1       261      0.37249      0.00000      0.37249       9.98061722E-01
 B1       262      0.37393      0.00000      0.37393       9.98046795E-01
 B1       263      0.37536      0.00000      0.37536       9.98031821E-01
 B1       264      0.37679      0.00000      0.37679       9.98016779E-01
 B1       265      0.37822      0.00000      0.37822       9.98001691E-01
 B1       266      0.37966      0.00000      0.37966       9.97986536E-01
 B1       267      0.38109      0.00000      0.38109       9.97971323E-01
 B1       268      0.38252      0.00000      0.38252       9.97956064E-01
 B1       269      0.38395      0.00000      0.38395       9.97940737E-01
 B1       270      0.38539      0.00000      0.38539       9.97925353E-01
 B1       271      0.38682      0.00000      0.38682       9.97909923E-01
 B1       272      0.38825      0.00000      0.38825       9.97894425E-01
 B1       273      0.38969      0.00000      0.38969       9.97878870E-01
 B1       274      0.39112      0.00000      0.39112       9.97863268E-01
 B1       275      0.39255      0.00000      0.39255       9.97847599E-01
 B1       276      0.39398      0.00000      0.39398       9.97831873E-01
 B1       277      0.39542      0.00000      0.39542       9.97816101E-01
 B1       278      0.39685      0.00000      0.39685       9.97800260E-01
 B1       279      0.39828      0.00000      0.39828       9.97784363E-01
 B1       280      0.39971      0.00000      0.39971       9.97768420E-01
 B1       281      0.40115      0.00000      0.40115       9.97752408E-01
 B1       282      0.40258      0.00000      0.40258       9.97736340E-01
 B1       283      0.40401      0.00000      0.40401       9.97720226E-01
 B1       284      0.40544      0.00000      0.40544       9.97704043E-01
 B1       285      0.40688      0.00000      0.40688       9.97687804E-01
 B1       286      0.40831      0.00000      0.40831       9.97671519E-01
 B1       287      0.40974      0.00000      0.40974       9.97655165E-01
 B1       288      0.41118      0.00000      0.41118       9.97638754E-01
 B1       289      0.41261      0.00000      0.41261       9.97622298E-01
 B1       290      0.41404      0.00000      0.41404       9.97605774E-01
 B1       291      0.41547      0.00000      0.41547       9.97589192E-01
 B1       292      0.41691      0.00000      0.41691       9.97572565E-01
 B1       293      0.41834      0.00000      0.41834       9.97555870E-01
 B1       294      0.41977      0.00000      0.41977       9.97539117E-01
 B1       295      0.42120      0.00000      0.42120       9.97522319E-01
 B1       296      0.42264      0.00000      0.42264       9.97505453E-01
 B1       297      0.42407      0.00000      0.42407       9.97488529E-01
 B1       298      0.42550      0.00000      0.42550       9.97471561E-01
 B1       299      0.42693      0.00000      0.42693       9.97454523E-01
 B1       300      0.42837      0.00000      0.42837       9.97437429E-01
 B1       301      0.42980      0.00000      0.42980       9.97420289E-01
 B1       302      0.43123      0.00000      0.43123       9.97403081E-01
 B1       303      0.43267      0.00000      0.43267       9.97385815E-01
 B1       304      0.43410      0.00000      0.43410       9.97368505E-01
 B1       305      0.43553      0.00000      0.43553       9.97351126E-01
 B1       306      0.43696      0.00000      0.43696       9.97333690E-01
 B1       307      0.43839      0.00000      0.43839       9.97316209E-01
 B1       308      0.43983      0.00000      0.43983       9.97298659E-01
 B1       309      0.44126      0.00000      0.44126       9.97281051E-01
 B1       310      0.44269      0.00000      0.44269       9.97263400E-01
 B1       311      0.44413      0.00000      0.44413       9.97245679E-01
 B1       312      0.44556      0.00000      0.44556       9.97227901E-01
 B1       313      0.44699      0.00000      0.44699       9.97210078E-01
 B1       314      0.44842      0.00000      0.44842       9.97192186E-01
 B1       315      0.44986      0.00000      0.44986       9.97174238E-01
 B1       316      0.45129      0.00000      0.45129       9.97156245E-01
 B1       317      0.45272      0.00000      0.45272       9.97138182E-01
 B1       318      0.45415      0.00000      0.45415       9.97120062E-01
 B1       319      0.45559      0.00000      0.45559       9.97101899E-01
 B1       320      0.45702      0.00000      0.45702       9.97083665E-01
 B1       321      0.45845      0.00000      0.45845       9.97065375E-01
 B1       322      0.45988      0.00000      0.45988       9.97047041E-01
 B1       323      0.46132      0.00000      0.46132       9.97028637E-01
 B1       324      0.46275      0.00000      0.46275       9.97010176E-01
 B1       325      0.46418      0.00000      0.46418       9.96991671E-01
 B1       326      0.46562      0.00000      0.46562       9.96973096E-01
 B1       327      0.46705      0.00000      0.46705       9.96954464E-01
 B1       328      0.46848      0.00000      0.46848       9.96935789E-01
 B1       329      0.46991      0.00000      0.46991       9.96917043E-01
 B1       330      0.47135      0.00000      0.47135       9.96898241E-01
 B1       331      0.47278      0.00000      0.47278       9.96879395E-01
 B1       332      0.47421      0.00000      0.47421       9.96860479E-01
 B1       333      0.47564      0.00000      0.47564       9.96841506E-01
 B1       334      0.47708      0.00000      0.47708       9.96822489E-01
 B1       335      0.47851      0.00000      0.47851       9.96803402E-01
 B1       336      0.47994      0.00000      0.47994       9.96784259E-01
 B1       337      0.48137      0.00000      0.48137       9.96765072E-01
 B1       338      0.48281      0.00000      0.48281       9.96745814E-01
 B1       339      0.48424      0.00000      0.48424       9.96726500E-01
 B1       340      0.48567      0.00000      0.48567       9.96707143E-01
 B1       341      0.48711      0.00000      0.48711       9.96687715E-01
 B1       342      0.48854      0.00000      0.48854       9.96668230E-01
 B1       343      0.48997      0.00000      0.48997       9.96648702E-01
 B1       344      0.49140      0.00000      0.49140       9.96629104E-01
 B1       345      0.49284      0.00000      0.49284       9.96609449E-01
 B1       346      0.49427      0.00000      0.49427       9.96589750E-01
 B1       347      0.49570      0.00000      0.49570       9.96569982E-01
 B1       348      0.49713      0.00000      0.49713       9.96550156E-01
 B1       349      0.49857      0.00000      0.49857       9.96530287E-01
 B1       350      0.50000      0.00000      0.50000       9.96510348E-01
 B1       351      0.50101      0.00202      0.50101       9.96510320E-01
 B1       352      0.50202      0.00403      0.50202       9.96510235E-01
 B1       353      0.50302      0.00605      0.50302       9.96510093E-01
 B1       354      0.50403      0.00806      0.50403       9.96509902E-01
 B1       355      0.50504      0.01008      0.50504       9.96509647E-01
 B1       356      0.50605      0.01210      0.50605       9.96509335E-01
 B1       357      0.50706      0.01411      0.50706       9.96508967E-01
 B1       358      0.50806      0.01613      0.50806       9.96508529E-01
 B1       359      0.50907      0.01815      0.50907       9.96508047E-01
 B1       360      0.51008      0.02016      0.51008       9.96507509E-01
 B1       361      0.51109      0.02218      0.51109       9.96506914E-01
 B1       362      0.51210      0.02419      0.51210       9.96506270E-01
 B1       363      0.51311      0.02621      0.51311       9.96505562E-01
 B1       364      0.51411      0.02823      0.51411       9.96504797E-01
 B1       365      0.51512      0.03024      0.51512       9.96503976E-01
 B1       366      0.51613      0.03226      0.51613       9.96503098E-01
 B1       367      0.51714      0.03427      0.51714       9.96502164E-01
 B1       368      0.51814      0.03629      0.51814       9.96501173E-01
 B1       369      0.51915      0.03831      0.51915       9.96500125E-01
 B1       370      0.52016      0.04032      0.52016       9.96499027E-01
 B1       371      0.52117      0.04234      0.52117       9.96497866E-01
 B1       372      0.52218      0.04435      0.52218       9.96496648E-01
 B1       373      0.52319      0.04637      0.52319       9.96495374E-01
 B1       374      0.52419      0.04839      0.52419       9.96494029E-01
 B1       375      0.52520      0.05040      0.52520       9.96492641E-01
 B1       376      0.52621      0.05242      0.52621       9.96491197E-01
 B1       377      0.52722      0.05443      0.52722       9.96489696E-01
 B1       378      0.52823      0.05645      0.52823       9.96488145E-01
 B1       379      0.52923      0.05847      0.52923       9.96486531E-01
 B1       380      0.53024      0.06048      0.53024       9.96484860E-01
 B1       381      0.53125      0.06250      0.53125       9.96483133E-01
 B1       382      0.53226      0.06452      0.53226       9.96481349E-01
 B1       383      0.53327      0.06653      0.53327       9.96479508E-01
 B1       384      0.53427      0.06855      0.53427       9.96477611E-01
 B1       385      0.53528      0.07057      0.53528       9.96475663E-01
 B1       386      0.53629      0.07258      0.53629       9.96473653E-01
 B1       387      0.53730      0.07460      0.53730       9.96471586E-01
 B1       388      0.53831      0.07661      0.53831       9.96469462E-01
 B1       389      0.53931      0.07863      0.53931       9.96467268E-01
 B1       390      0.54032      0.08064      0.54032       9.96465031E-01
 B1       391      0.54133      0.08266      0.54133       9.96462737E-01
 B1       392      0.54234      0.08468      0.54234       9.96460387E-01
 B1       393      0.54335      0.08669      0.54335       9.96457986E-01
 B1       394      0.54436      0.08871      0.54436       9.96455522E-01
 B1       395      0.54536      0.09073      0.54536       9.96453002E-01
 B1       396      0.54637      0.09274      0.54637       9.96450425E-01
 B1       397      0.54738      0.09476      0.54738       9.96447792E-01
 B1       398      0.54839      0.09677      0.54839       9.96445102E-01
 B1       399      0.54939      0.09879      0.54939       9.96442355E-01
 B1       400      0.55040      0.10081      0.55040       9.96439552E-01
 B1       401      0.55141      0.10282      0.55141       9.96436697E-01
 B1       402      0.55242      0.10484      0.55242       9.96433781E-01
 B1       403      0.55343      0.10686      0.55343       9.96430808E-01
 B1       404      0.55444      0.10887      0.55444       9.96427778E-01
 B1       405      0.55544      0.11089      0.55544       9.96424678E-01
 B1       406      0.55645      0.11290      0.55645       9.96421535E-01
 B1       407      0.55746      0.11492      0.55746       9.96418335E-01
 B1       408      0.55847      0.11693      0.55847       9.96415079E-01
 B1       409      0.55948      0.11895      0.55948       9.96411771E-01
 B1       410      0.56048      0.12097      0.56048       9.96408402E-01
 B1       411      0.56149      0.12298      0.56149       9.96404975E-01
 B1       412      0.56250      0.12500      0.56250       9.96401493E-01
 B1       413      0.56351      0.12702      0.56351       9.96397953E-01
 B1       414      0.56452      0.12903      0.56452       9.96394357E-01
 B1       415      0.56552      0.13105      0.56552       9.96390705E-01
 B1       416      0.56653      0.13306      0.56653       9.96387001E-01
 B1       417      0.56754      0.13508      0.56754       9.96383235E-01
 B1       418      0.56855      0.13710      0.56855       9.96379413E-01
 B1       419      0.56956      0.13911      0.56956       9.96375534E-01
 B1       420      0.57056      0.14113      0.57056       9.96371584E-01
 B1       421      0.57157      0.14314      0.57157       9.96367592E-01
 B1       422      0.57258      0.14516      0.57258       9.96363543E-01
 B1       423      0.57359      0.14718      0.57359       9.96359437E-01
 B1       424      0.57460      0.14919      0.57460       9.96355280E-01
 B1       425      0.57561      0.15121      0.57561       9.96351061E-01
 B1       426      0.57661      0.15323      0.57661       9.96346786E-01
 B1       427      0.57762      0.15524      0.57762       9.96342454E-01
 B1       428      0.57863      0.15726      0.57863       9.96338066E-01
 B1       429      0.57964      0.15927      0.57964       9.96333620E-01
 B1       430      0.58064      0.16129      0.58064       9.96329119E-01
 B1       431      0.58165      0.16331      0.58165       9.96324560E-01
 B1       432      0.58266      0.16532      0.58266       9.96319950E-01
 B1       433      0.58367      0.16734      0.58367       9.96315279E-01
 B1       434      0.58468      0.16936      0.58468       9.96310550E-01
 B1       435      0.58569      0.17137      0.58569       9.96305766E-01
 B1       436      0.58669      0.17339      0.58669       9.96300910E-01
 B1       437      0.58770      0.17540      0.58770       9.96296012E-01
 B1       438      0.58871      0.17742      0.58871       9.96291058E-01
 B1       439      0.58972      0.17944      0.58972       9.96286047E-01
 B1       440      0.59073      0.18145      0.59073       9.96280983E-01
 B1       441      0.59173      0.18347      0.59173       9.96275859E-01
 B1       442      0.59274      0.18548      0.59274       9.96270678E-01
 B1       443      0.59375      0.18750      0.59375       9.96265441E-01
 B1       444      0.59476      0.18952      0.59476       9.96260146E-01
 B1       445      0.59577      0.19153      0.59577       9.96254796E-01
 B1       446      0.59677      0.19355      0.59677       9.96249388E-01
 B1       447      0.59778      0.19556      0.59778       9.96243929E-01
 B1       448      0.59879      0.19758      0.59879       9.96238408E-01
 B1       449      0.59980      0.19960      0.59980       9.96232831E-01
 B1       450      0.60081      0.20161      0.60081       9.96227197E-01
 B1       451      0.60181      0.20363      0.60181       9.96221493E-01
 B1       452      0.60282      0.20564      0.60282       9.96215746E-01
 B1       453      0.60383      0.20766      0.60383       9.96209943E-01
 B1       454      0.60484      0.20968      0.60484       9.96204083E-01
 B1       455      0.60585      0.21169      0.60585       9.96198170E-01
 B1       456      0.60686      0.21371      0.60686       9.96192197E-01
 B1       457      0.60786      0.21573      0.60786       9.96186167E-01
 B1       458      0.60887      0.21774      0.60887       9.96180081E-01
 B1       459      0.60988      0.21976      0.60988       9.96173938E-01
 B1       460      0.61089      0.22177      0.61089       9.96167738E-01
 B1       461      0.61189      0.22379      0.61189       9.96161482E-01
 B1       462      0.61290      0.22581      0.61290       9.96155170E-01
 B1       463      0.61391      0.22782      0.61391       9.96148804E-01
 B1       464      0.61492      0.22984      0.61492       9.96142378E-01
 B1       465      0.61593      0.23186      0.61593       9.96135896E-01
 B1       466      0.61694      0.23387      0.61694       9.96129357E-01
 B1       467      0.61794      0.23589      0.61794       9.96122748E-01
 B1       468      0.61895      0.23790      0.61895       9.96116096E-01
 B1       469      0.61996      0.23992      0.61996       9.96109387E-01
 B1       470      0.62097      0.24194      0.62097       9.96102622E-01
 B1       471      0.62198      0.24395      0.62198       9.96095803E-01
 B1       472      0.62298      0.24597      0.62298       9.96088925E-01
 B1       473      0.62399      0.24798      0.62399       9.96081990E-01
 B1       474      0.62500      0.25000      0.62500       9.96074999E-01
 B1       475      0.37500      0.37500      0.75000       9.96074999E-01
 B1       476      0.37399      0.37399      0.74797       9.96096144E-01
 B1       477      0.37297      0.37297      0.74595       9.96117233E-01
 B1       478      0.37196      0.37196      0.74392       9.96138266E-01
 B1       479      0.37095      0.37095      0.74189       9.96159241E-01
 B1       480      0.36993      0.36993      0.73986       9.96180160E-01
 B1       481      0.36892      0.36892      0.73784       9.96201022E-01
 B1       482      0.36790      0.36790      0.73581       9.96221827E-01
 B1       483      0.36689      0.36689      0.73378       9.96242575E-01
 B1       484      0.36588      0.36588      0.73176       9.96263267E-01
 B1       485      0.36486      0.36486      0.72973       9.96283902E-01
 B1       486      0.36385      0.36385      0.72770       9.96304480E-01
 B1       487      0.36284      0.36284      0.72568       9.96325001E-01
 B1       488      0.36182      0.36182      0.72365       9.96345465E-01
 B1       489      0.36081      0.36081      0.72162       9.96365872E-01
 B1       490      0.35980      0.35980      0.71959       9.96386223E-01
 B1       491      0.35878      0.35878      0.71757       9.96406517E-01
 B1       492      0.35777      0.35777      0.71554       9.96426754E-01
 B1       493      0.35676      0.35676      0.71351       9.96446934E-01
 B1       494      0.35574      0.35574      0.71149       9.96467067E-01
 B1       495      0.35473      0.35473      0.70946       9.96487133E-01
 B1       496      0.35372      0.35372      0.70743       9.96507143E-01
 B1       497      0.35270      0.35270      0.70540       9.96527096E-01
 B1       498      0.35169      0.35169      0.70338       9.96546991E-01
 B1       499      0.35068      0.35068      0.70135       9.96566830E-01
 B1       500      0.34966      0.34966      0.69932       9.96586612E-01
 B1       501      0.34865      0.34865      0.69730       9.96606338E-01
 B1       502      0.34764      0.34764      0.69527       9.96626006E-01
 B1       503      0.34662      0.34662      0.69324       9.96645618E-01
 B1       504      0.34561      0.34561      0.69122       9.96665172E-01
 B1       505      0.34459      0.34459      0.68919       9.96684670E-01
 B1       506      0.34358      0.34358      0.68716       9.96704111E-01
 B1       507      0.34257      0.34257      0.68514       9.96723495E-01
 B1       508      0.34155      0.34155      0.68311       9.96742822E-01
 B1       509      0.34054      0.34054      0.68108       9.96762092E-01
 B1       510      0.33953      0.33953      0.67905       9.96781306E-01
 B1       511      0.33851      0.33851      0.67703       9.96800462E-01
 B1       512      0.33750      0.33750      0.67500       9.96819562E-01
 B1       513      0.33649      0.33649      0.67297       9.96838604E-01
 B1       514      0.33547      0.33547      0.67095       9.96857590E-01
 B1       515      0.33446      0.33446      0.66892       9.96876519E-01
 B1       516      0.33345      0.33345      0.66689       9.96895391E-01
 B1       517      0.33243      0.33243      0.66487       9.96914205E-01
 B1       518      0.33142      0.33142      0.66284       9.96932964E-01
 B1       519      0.33041      0.33041      0.66081       9.96951665E-01
 B1       520      0.32939      0.32939      0.65878       9.96970309E-01
 B1       521      0.32838      0.32838      0.65676       9.96988896E-01
 B1       522      0.32737      0.32737      0.65473       9.97007426E-01
 B1       523      0.32635      0.32635      0.65270       9.97025900E-01
 B1       524      0.32534      0.32534      0.65068       9.97044316E-01
 B1       525      0.32432      0.32432      0.64865       9.97062676E-01
 B1       526      0.32331      0.32331      0.64662       9.97080978E-01
 B1       527      0.32230      0.32230      0.64460       9.97099224E-01
 B1       528      0.32128      0.32128      0.64257       9.97117413E-01
 B1       529      0.32027      0.32027      0.64054       9.97135544E-01
 B1       530      0.31926      0.31926      0.63851       9.97153619E-01
 B1       531      0.31824      0.31824      0.63649       9.97171646E-01
 B1       532      0.31723      0.31723      0.63446       9.97189606E-01
 B1       533      0.31622      0.31622      0.63243       9.97207510E-01
 B1       534      0.31520      0.31520      0.63040       9.97225357E-01
 B1       535      0.31419      0.31419      0.62838       9.97243147E-01
 B1       536      0.31318      0.31318      0.62635       9.97260880E-01
 B1       537      0.31216      0.31216      0.62432       9.97278556E-01
 B1       538      0.31115      0.31115      0.62230       9.97296175E-01
 B1       539      0.31013      0.31013      0.62027       9.97313737E-01
 B1       540      0.30912      0.30912      0.61824       9.97331242E-01
 B1       541      0.30811      0.30811      0.61622       9.97348690E-01
 B1       542      0.30710      0.30710      0.61419       9.97366081E-01
 B1       543      0.30608      0.30608      0.61216       9.97383415E-01
 B1       544      0.30507      0.30507      0.61013       9.97400692E-01
 B1       545      0.30405      0.30405      0.60811       9.97417911E-01
 B1       546      0.30304      0.30304      0.60608       9.97435074E-01
 B1       547      0.30203      0.30203      0.60405       9.97452180E-01
 B1       548      0.30101      0.30101      0.60203       9.97469229E-01
 B1       549      0.30000      0.30000      0.60000       9.97486221E-01
 B1       550      0.29899      0.29899      0.59797       9.97503156E-01
 B1       551      0.29797      0.29797      0.59595       9.97520034E-01
 B1       552      0.29696      0.29696      0.59392       9.97536855E-01
 B1       553      0.29595      0.29595      0.59189       9.97553619E-01
 B1       554      0.29493      0.29493      0.58986       9.97570325E-01
 B1       555      0.29392      0.29392      0.58784       9.97586975E-01
 B1       556      0.29291      0.29291      0.58581       9.97603568E-01
 B1       557      0.29189      0.29189      0.58378       9.97620104E-01
 B1       558      0.29088      0.29088      0.58176       9.97636582E-01
 B1       559      0.28986      0.28986      0.57973       9.97653004E-01
 B1       560      0.28885      0.28885      0.57770       9.97669368E-01
 B1       561      0.28784      0.28784      0.57568       9.97685676E-01
 B1       562      0.28682      0.28682      0.57365       9.97701926E-01
 B1       563      0.28581      0.28581      0.57162       9.97718120E-01
 B1       564      0.28480      0.28480      0.56959       9.97734256E-01
 B1       565      0.28378      0.28378      0.56757       9.97750335E-01
 B1       566      0.28277      0.28277      0.56554       9.97766357E-01
 B1       567      0.28176      0.28176      0.56351       9.97782322E-01
 B1       568      0.28074      0.28074      0.56149       9.97798238E-01
 B1       569      0.27973      0.27973      0.55946       9.97814089E-01
 B1       570      0.27872      0.27872      0.55743       9.97829883E-01
 B1       571      0.27770      0.27770      0.55541       9.97845620E-01
 B1       572      0.27669      0.27669      0.55338       9.97861300E-01
 B1       573      0.27568      0.27568      0.55135       9.97876922E-01
 B1       574      0.27466      0.27466      0.54932       9.97892488E-01
 B1       575      0.27365      0.27365      0.54730       9.97907996E-01
 B1       576      0.27264      0.27264      0.54527       9.97923448E-01
 B1       577      0.27162      0.27162      0.54324       9.97938842E-01
 B1       578      0.27061      0.27061      0.54122       9.97954179E-01
 B1       579      0.26959      0.26959      0.53919       9.97969459E-01
 B1       580      0.26858      0.26858      0.53716       9.97984682E-01
 B1       581      0.26757      0.26757      0.53514       9.97999848E-01
 B1       582      0.26655      0.26655      0.53311       9.98014957E-01
 B1       583      0.26554      0.26554      0.53108       9.98030008E-01
 B1       584      0.26453      0.26453      0.52905       9.98045003E-01
 B1       585      0.26351      0.26351      0.52703       9.98059940E-01
 B1       586      0.26250      0.26250      0.52500       9.98074821E-01
 B1       587      0.26149      0.26149      0.52297       9.98089644E-01
 B1       588      0.26047      0.26047      0.52095       9.98104410E-01
 B1       589      0.25946      0.25946      0.51892       9.98119119E-01
 B1       590      0.25845      0.25845      0.51689       9.98133770E-01
 B1       591      0.25743      0.25743      0.51487       9.98148365E-01
 B1       592      0.25642      0.25642      0.51284       9.98162903E-01
 B1       593      0.25540      0.25540      0.51081       9.98177383E-01
 B1       594      0.25439      0.25439      0.50878       9.98191806E-01
 B1       595      0.25338      0.25338      0.50676       9.98206172E-01
 B1       596      0.25237      0.25237      0.50473       9.98220481E-01
 B1       597      0.25135      0.25135      0.50270       9.98234733E-01
 B1       598      0.25034      0.25034      0.50068       9.98248928E-01
 B1       599      0.24932      0.24932      0.49865       9.98263065E-01
 B1       600      0.24831      0.24831      0.49662       9.98277146E-01
 B1       601      0.24730      0.24730      0.49460       9.98291169E-01
 B1       602      0.24628      0.24628      0.49257       9.98305135E-01
 B1       603      0.24527      0.24527      0.49054       9.98319044E-01
 B1       604      0.24426      0.24426      0.48851       9.98332896E-01
 B1       605      0.24324      0.24324      0.48649       9.98346697E-01
 B1       606      0.24223      0.24223      0.48446       9.98360434E-01
 B1       607      0.24122      0.24122      0.48243       9.98374115E-01
 B1       608      0.24020      0.24020      0.48041       9.98387738E-01
 B1       609      0.23919      0.23919      0.47838       9.98401304E-01
 B1       610      0.23818      0.23818      0.47635       9.98414812E-01
 B1       611      0.23716      0.23716      0.47432       9.98428264E-01
 B1       612      0.23615      0.23615      0.47230       9.98441658E-01
 B1       613      0.23514      0.23514      0.47027       9.98454995E-01
 B1       614      0.23412      0.23412      0.46824       9.98468275E-01
 B1       615      0.23311      0.23311      0.46622       9.98481498E-01
 B1       616      0.23209      0.23209      0.46419       9.98494663E-01
 B1       617      0.23108      0.23108      0.46216       9.98507772E-01
 B1       618      0.23007      0.23007      0.46014       9.98520823E-01
 B1       619      0.22905      0.22905      0.45811       9.98533817E-01
 B1       620      0.22804      0.22804      0.45608       9.98546754E-01
 B1       621      0.22703      0.22703      0.45405       9.98559633E-01
 B1       622      0.22601      0.22601      0.45203       9.98572456E-01
 B1       623      0.22500      0.22500      0.45000       9.98585221E-01
 B1       624      0.22399      0.22399      0.44797       9.98597929E-01
 B1       625      0.22297      0.22297      0.44595       9.98610580E-01
 B1       626      0.22196      0.22196      0.44392       9.98623173E-01
 B1       627      0.22095      0.22095      0.44189       9.98635710E-01
 B1       628      0.21993      0.21993      0.43987       9.98648189E-01
 B1       629      0.21892      0.21892      0.43784       9.98660611E-01
 B1       630      0.21790      0.21790      0.43581       9.98672975E-01
 B1       631      0.21689      0.21689      0.43378       9.98685283E-01
 B1       632      0.21588      0.21588      0.43176       9.98697533E-01
 B1       633      0.21487      0.21487      0.42973       9.98709726E-01
 B1       634      0.21385      0.21385      0.42770       9.98721862E-01
 B1       635      0.21284      0.21284      0.42568       9.98733940E-01
 B1       636      0.21182      0.21182      0.42365       9.98745961E-01
 B1       637      0.21081      0.21081      0.42162       9.98757925E-01
 B1       638      0.20980      0.20980      0.41959       9.98769832E-01
 B1       639      0.20878      0.20878      0.41757       9.98781682E-01
 B1       640      0.20777      0.20777      0.41554       9.98793474E-01
 B1       641      0.20676      0.20676      0.41351       9.98805209E-01
 B1       642      0.20574      0.20574      0.41149       9.98816893E-01
 B1       643      0.20473      0.20473      0.40946       9.98828513E-01
 B1       644      0.20372      0.20372      0.40743       9.98840077E-01
 B1       645      0.20270      0.20270      0.40541       9.98851583E-01
 B1       646      0.20169      0.20169      0.40338       9.98863032E-01
 B1       647      0.20068      0.20068      0.40135       9.98874423E-01
 B1       648      0.19966      0.19966      0.39932       9.98885757E-01
 B1       649      0.19865      0.19865      0.39730       9.98897034E-01
 B1       650      0.19764      0.19764      0.39527       9.98908254E-01
 B1       651      0.19662      0.19662      0.39324       9.98919417E-01
 B1       652      0.19561      0.19561      0.39122       9.98930522E-01
 B1       653      0.19459      0.19459      0.38919       9.98941570E-01
 B1       654      0.19358      0.19358      0.38716       9.98952561E-01
 B1       655      0.19257      0.19257      0.38514       9.98963494E-01
 B1       656      0.19155      0.19155      0.38311       9.98974370E-01
 B1       657      0.19054      0.19054      0.38108       9.98985189E-01
 B1       658      0.18953      0.18953      0.37905       9.98995951E-01
 B1       659      0.18851      0.18851      0.37703       9.99006655E-01
 B1       660      0.18750      0.18750      0.37500       9.99017302E-01
 B1       661      0.18649      0.18649      0.37297       9.99027892E-01
 B1       662      0.18547      0.18547      0.37095       9.99038424E-01
 B1       663      0.18446      0.18446      0.36892       9.99048899E-01
 B1       664      0.18345      0.18345      0.36689       9.99059317E-01
 B1       665      0.18243      0.18243      0.36486       9.99069678E-01
 B1       666      0.18142      0.18142      0.36284       9.99079981E-01
 B1       667      0.18041      0.18041      0.36081       9.99090227E-01
 B1       668      0.17939      0.17939      0.35878       9.99100416E-01
 B1       669      0.17838      0.17838      0.35676       9.99110547E-01
 B1       670      0.17736      0.17736      0.35473       9.99120622E-01
 B1       671      0.17635      0.17635      0.35270       9.99130638E-01
 B1       672      0.17534      0.17534      0.35068       9.99140598E-01
 B1       673      0.17432      0.17432      0.34865       9.99150500E-01
 B1       674      0.17331      0.17331      0.34662       9.99160345E-01
 B1       675      0.17230      0.17230      0.34459       9.99170133E-01
 B1       676      0.17128      0.17128      0.34257       9.99179863E-01
 B1       677      0.17027      0.17027      0.34054       9.99189536E-01
 B1       678      0.16926      0.16926      0.33851       9.99199152E-01
 B1       679      0.16824      0.16824      0.33649       9.99208715E-01
 B1       680      0.16723      0.16723      0.33446       9.99218216E-01
 B1       681      0.16622      0.16622      0.33243       9.99227659E-01
 B1       682      0.16520      0.16520      0.33041       9.99237046E-01
 B1       683      0.16419      0.16419      0.32838       9.99246375E-01
 B1       684      0.16318      0.16318      0.32635       9.99255647E-01
 B1       685      0.16216      0.16216      0.32432       9.99264861E-01
 B1       686      0.16115      0.16115      0.32230       9.99274018E-01
 B1       687      0.16013      0.16013      0.32027       9.99283118E-01
 B1       688      0.15912      0.15912      0.31824       9.99292160E-01
 B1       689      0.15811      0.15811      0.31622       9.99301145E-01
 B1       690      0.15710      0.15710      0.31419       9.99310073E-01
 B1       691      0.15608      0.15608      0.31216       9.99318944E-01
 B1       692      0.15507      0.15507      0.31013       9.99327757E-01
 B1       693      0.15405      0.15405      0.30811       9.99336512E-01
 B1       694      0.15304      0.15304      0.30608       9.99345211E-01
 B1       695      0.15203      0.15203      0.30405       9.99353852E-01
 B1       696      0.15101      0.15101      0.30203       9.99362436E-01
 B1       697      0.15000      0.15000      0.30000       9.99370962E-01
 B1       698      0.14899      0.14899      0.29797       9.99379431E-01
 B1       699      0.14797      0.14797      0.29595       9.99387843E-01
 B1       700      0.14696      0.14696      0.29392       9.99396197E-01
 B1       701      0.14595      0.14595      0.29189       9.99404494E-01
 B1       702      0.14493      0.14493      0.28986       9.99412734E-01
 B1       703      0.14392      0.14392      0.28784       9.99420916E-01
 B1       704      0.14291      0.14291      0.28581       9.99429041E-01
 B1       705      0.14189      0.14189      0.28378       9.99437109E-01
 B1       706      0.14088      0.14088      0.28176       9.99445119E-01
 B1       707      0.13986      0.13986      0.27973       9.99453072E-01
 B1       708      0.13885      0.13885      0.27770       9.99460967E-01
 B1       709      0.13784      0.13784      0.27568       9.99468806E-01
 B1       710      0.13682      0.13682      0.27365       9.99476586E-01
 B1       711      0.13581      0.13581      0.27162       9.99484310E-01
 B1       712      0.13480      0.13480      0.26959       9.99491976E-01
 B1       713      0.13378      0.13378      0.26757       9.99499585E-01
 B1       714      0.13277      0.13277      0.26554       9.99507136E-01
 B1       715      0.13176      0.13176      0.26351       9.99514630E-01
 B1       716      0.13074      0.13074      0.26149       9.99522070E-01
 B1       717      0.12973      0.12973      0.25946       9.99529449E-01
 B1       718      0.12872      0.12872      0.25743       9.99536771E-01
 B1       719      0.12770      0.12770      0.25540       9.99544036E-01
 B1       720      0.12669      0.12669      0.25338       9.99551243E-01
 B1       721      0.12568      0.12568      0.25135       9.99558393E-01
 B1       722      0.12466      0.12466      0.24932       9.99565485E-01
 B1       723      0.12365      0.12365      0.24730       9.99572520E-01
 B1       724      0.12263      0.12263      0.24527       9.99579498E-01
 B1       725      0.12162      0.12162      0.24324       9.99586418E-01
 B1       726      0.12061      0.12061      0.24122       9.99593281E-01
 B1       727      0.11960      0.11960      0.23919       9.99600086E-01
 B1       728      0.11858      0.11858      0.23716       9.99606834E-01
 B1       729      0.11757      0.11757      0.23514       9.99613525E-01
 B1       730      0.11655      0.11655      0.23311       9.99620158E-01
 B1       731      0.11554      0.11554      0.23108       9.99626734E-01
 B1       732      0.11453      0.11453      0.22905       9.99633253E-01
 B1       733      0.11351      0.11351      0.22703       9.99639714E-01
 B1       734      0.11250      0.11250      0.22500       9.99646117E-01
 B1       735      0.11149      0.11149      0.22297       9.99652464E-01
 B1       736      0.11047      0.11047      0.22095       9.99658753E-01
 B1       737      0.10946      0.10946      0.21892       9.99664984E-01
 B1       738      0.10845      0.10845      0.21689       9.99671158E-01
 B1       739      0.10743      0.10743      0.21487       9.99677275E-01
 B1       740      0.10642      0.10642      0.21284       9.99683335E-01
 B1       741      0.10540      0.10540      0.21081       9.99689337E-01
 B1       742      0.10439      0.10439      0.20878       9.99695281E-01
 B1       743      0.10338      0.10338      0.20676       9.99701168E-01
 B1       744      0.10236      0.10236      0.20473       9.99706998E-01
 B1       745      0.10135      0.10135      0.20270       9.99712771E-01
 B1       746      0.10034      0.10034      0.20068       9.99718486E-01
 B1       747      0.09932      0.09932      0.19865       9.99724143E-01
 B1       748      0.09831      0.09831      0.19662       9.99729743E-01
 B1       749      0.09730      0.09730      0.19459       9.99735286E-01
 B1       750      0.09628      0.09628      0.19257       9.99740771E-01
 B1       751      0.09527      0.09527      0.19054       9.99746199E-01
 B1       752      0.09426      0.09426      0.18851       9.99751570E-01
 B1       753      0.09324      0.09324      0.18649       9.99756886E-01
 B1       754      0.09223      0.09223      0.18446       9.99762141E-01
 B1       755      0.09122      0.09122      0.18243       9.99767340E-01
 B1       756      0.09020      0.09020      0.18041       9.99772480E-01
 B1       757      0.08919      0.08919      0.17838       9.99777564E-01
 B1       758      0.08818      0.08818      0.17635       9.99782590E-01
 B1       759      0.08716      0.08716      0.17432       9.99787559E-01
 B1       760      0.08615      0.08615      0.17230       9.99792470E-01
 B1       761      0.08514      0.08514      0.17027       9.99797324E-01
 B1       762      0.08412      0.08412      0.16824       9.99802120E-01
 B1       763      0.08311      0.08311      0.16622       9.99806859E-01
 B1       764      0.08210      0.08210      0.16419       9.99811540E-01
 B1       765      0.08108      0.08108      0.16216       9.99816165E-01
 B1       766      0.08007      0.08007      0.16013       9.99820731E-01
 B1       767      0.07905      0.07905      0.15811       9.99825241E-01
 B1       768      0.07804      0.07804      0.15608       9.99829692E-01
 B1       769      0.07703      0.07703      0.15405       9.99834087E-01
 B1       770      0.07601      0.07601      0.15203       9.99838424E-01
 B1       771      0.07500      0.07500      0.15000       9.99842703E-01
 B1       772      0.07399      0.07399      0.14797       9.99846926E-01
 B1       773      0.07297      0.07297      0.14595       9.99851090E-01
 B1       774      0.07196      0.07196      0.14392       9.99855198E-01
 B1       775      0.07095      0.07095      0.14189       9.99859247E-01
 B1       776      0.06993      0.06993      0.13986       9.99863240E-01
 B1       777      0.06892      0.06892      0.13784       9.99867175E-01
 B1       778      0.06790      0.06790      0.13581       9.99871053E-01
 B1       779      0.06689      0.06689      0.13378       9.99874873E-01
 B1       780      0.06588      0.06588      0.13176       9.99878635E-01
 B1       781      0.06487      0.06487      0.12973       9.99882341E-01
 B1       782      0.06385      0.06385      0.12770       9.99885989E-01
 B1       783      0.06284      0.06284      0.12568       9.99889579E-01
 B1       784      0.06182      0.06182      0.12365       9.99893112E-01
 B1       785      0.06081      0.06081      0.12162       9.99896588E-01
 B1       786      0.05980      0.05980      0.11960       9.99900006E-01
 B1       787      0.05878      0.05878      0.11757       9.99903366E-01
 B1       788      0.05777      0.05777      0.11554       9.99906670E-01
 B1       789      0.05676      0.05676      0.11351       9.99909915E-01
 B1       790      0.05574      0.05574      0.11149       9.99913105E-01
 B1       791      0.05473      0.05473      0.10946       9.99916236E-01
 B1       792      0.05372      0.05372      0.10743       9.99919310E-01
 B1       793      0.05270      0.05270      0.10540       9.99922326E-01
 B1       794      0.05169      0.05169      0.10338       9.99925284E-01
 B1       795      0.05068      0.05068      0.10135       9.99928186E-01
 B1       796      0.04966      0.04966      0.09932       9.99931029E-01
 B1       797      0.04865      0.04865      0.09730       9.99933816E-01
 B1       798      0.04763      0.04763      0.09527       9.99936544E-01
 B1       799      0.04662      0.04662      0.09324       9.99939216E-01
 B1       800      0.04561      0.04561      0.09122       9.99941830E-01
 B1       801      0.04460      0.04460      0.08919       9.99944386E-01
 B1       802      0.04358      0.04358      0.08716       9.99946885E-01
 B1       803      0.04257      0.04257      0.08514       9.99949327E-01
 B1       804      0.04155      0.04155      0.08311       9.99951711E-01
 B1       805      0.04054      0.04054      0.08108       9.99954038E-01
 B1       806      0.03953      0.03953      0.07905       9.99956307E-01
 B1       807      0.03851      0.03851      0.07703       9.99958519E-01
 B1       808      0.03750      0.03750      0.07500       9.99960674E-01
 B1       809      0.03649      0.03649      0.07297       9.99962770E-01
 B1       810      0.03547      0.03547      0.07095       9.99964810E-01
 B1       811      0.03446      0.03446      0.06892       9.99966792E-01
 B1       812      0.03345      0.03345      0.06689       9.99968717E-01
 B1       813      0.03243      0.03243      0.06487       9.99970584E-01
 B1       814      0.03142      0.03142      0.06284       9.99972394E-01
 B1       815      0.03041      0.03041      0.06081       9.99974146E-01
 B1       816      0.02939      0.02939      0.05878       9.99975841E-01
 B1       817      0.02838      0.02838      0.05676       9.99977478E-01
 B1       818      0.02737      0.02737      0.05473       9.99979058E-01
 B1       819      0.02635      0.02635      0.05270       9.99980581E-01
 B1       820      0.02534      0.02534      0.05068       9.99982046E-01
 B1       821      0.02432      0.02432      0.04865       9.99983453E-01
 B1       822      0.02331      0.02331      0.04662       9.99984803E-01
 B1       823      0.02230      0.02230      0.04460       9.99986096E-01
 B1       824      0.02128      0.02128      0.04257       9.99987331E-01
 B1       825      0.02027      0.02027      0.04054       9.99988509E-01
 B1       826      0.01926      0.01926      0.03851       9.99989629E-01
 B1       827      0.01824      0.01824      0.03649       9.99990693E-01
 B1       828      0.01723      0.01723      0.03446       9.99991698E-01
 B1       829      0.01622      0.01622      0.03243       9.99992646E-01
 B1       830      0.01520      0.01520      0.03041       9.99993537E-01
 B1       831      0.01419      0.01419      0.02838       9.99994370E-01
 B1       832      0.01318      0.01318      0.02635       9.99995145E-01
 B1       833      0.01216      0.01216      0.02432       9.99995863E-01
 B1       834      0.01115      0.01115      0.02230       9.99996524E-01
 B1       835      0.01013      0.01013      0.02027       9.99997127E-01
 B1       836      0.00912      0.00912      0.01824       9.99997673E-01
 B1       837      0.00811      0.00811      0.01622       9.99998162E-01
 B1       838      0.00709      0.00709      0.01419       9.99998592E-01
 B1       839      0.00608      0.00608      0.01216       9.99998966E-01
 B1       840      0.00507      0.00507      0.01013       9.99999282E-01
 B1       841      0.00405      0.00405      0.00811       9.99999540E-01
 B1       842      0.00304      0.00304      0.00608       9.99999741E-01
 B1       843      0.00203      0.00203      0.00405       9.99999885E-01
 B1       844      0.00101      0.00101      0.00203       9.99999971E-01
 B1       845      0.00000      0.00000      0.00000       1.00000000E+00
 B1       846      0.00166      0.00166      0.00166       9.99999971E-01
 B1       847      0.00331      0.00331      0.00331       9.99999885E-01
 B1       848      0.00497      0.00497      0.00497       9.99999741E-01
 B1       849      0.00662      0.00662      0.00662       9.99999540E-01
 B1       850      0.00828      0.00828      0.00828       9.99999281E-01
 B1       851      0.00993      0.00993      0.00993       9.99998965E-01
 B1       852      0.01159      0.01159      0.01159       9.99998592E-01
 B1       853      0.01324      0.01324      0.01324       9.99998160E-01
 B1       854      0.01490      0.01490      0.01490       9.99997671E-01
 B1       855      0.01656      0.01656      0.01656       9.99997125E-01
 B1       856      0.01821      0.01821      0.01821       9.99996522E-01
 B1       857      0.01987      0.01987      0.01987       9.99995860E-01
 B1       858      0.02152      0.02152      0.02152       9.99995142E-01
 B1       859      0.02318      0.02318      0.02318       9.99994366E-01
 B1       860      0.02483      0.02483      0.02483       9.99993532E-01
 B1       861      0.02649      0.02649      0.02649       9.99992641E-01
 B1       862      0.02815      0.02815      0.02815       9.99991692E-01
 B1       863      0.02980      0.02980      0.02980       9.99990686E-01
 B1       864      0.03146      0.03146      0.03146       9.99989622E-01
 B1       865      0.03311      0.03311      0.03311       9.99988501E-01
 B1       866      0.03477      0.03477      0.03477       9.99987323E-01
 B1       867      0.03642      0.03642      0.03642       9.99986087E-01
 B1       868      0.03808      0.03808      0.03808       9.99984793E-01
 B1       869      0.03973      0.03973      0.03973       9.99983442E-01
 B1       870      0.04139      0.04139      0.04139       9.99982033E-01
 B1       871      0.04305      0.04305      0.04305       9.99980568E-01
 B1       872      0.04470      0.04470      0.04470       9.99979044E-01
 B1       873      0.04636      0.04636      0.04636       9.99977462E-01
 B1       874      0.04801      0.04801      0.04801       9.99975825E-01
 B1       875      0.04967      0.04967      0.04967       9.99974128E-01
 B1       876      0.05133      0.05133      0.05133       9.99972374E-01
 B1       877      0.05298      0.05298      0.05298       9.99970564E-01
 B1       878      0.05464      0.05464      0.05464       9.99968695E-01
 B1       879      0.05629      0.05629      0.05629       9.99966770E-01
 B1       880      0.05795      0.05795      0.05795       9.99964786E-01
 B1       881      0.05960      0.05960      0.05960       9.99962744E-01
 B1       882      0.06126      0.06126      0.06126       9.99960647E-01
 B1       883      0.06291      0.06291      0.06291       9.99958490E-01
 B1       884      0.06457      0.06457      0.06457       9.99956277E-01
 B1       885      0.06623      0.06623      0.06623       9.99954007E-01
 B1       886      0.06788      0.06788      0.06788       9.99951678E-01
 B1       887      0.06954      0.06954      0.06954       9.99949293E-01
 B1       888      0.07119      0.07119      0.07119       9.99946849E-01
 B1       889      0.07285      0.07285      0.07285       9.99944347E-01
 B1       890      0.07450      0.07450      0.07450       9.99941790E-01
 B1       891      0.07616      0.07616      0.07616       9.99939174E-01
 B1       892      0.07781      0.07781      0.07781       9.99936500E-01
 B1       893      0.07947      0.07947      0.07947       9.99933770E-01
 B1       894      0.08113      0.08113      0.08113       9.99930981E-01
 B1       895      0.08278      0.08278      0.08278       9.99928137E-01
 B1       896      0.08444      0.08444      0.08444       9.99925233E-01
 B1       897      0.08609      0.08609      0.08609       9.99922271E-01
 B1       898      0.08775      0.08775      0.08775       9.99919254E-01
 B1       899      0.08940      0.08940      0.08940       9.99916178E-01
 B1       900      0.09106      0.09106      0.09106       9.99913044E-01
 B1       901      0.09272      0.09272      0.09272       9.99909855E-01
 B1       902      0.09437      0.09437      0.09437       9.99906606E-01
 B1       903      0.09603      0.09603      0.09603       9.99903302E-01
 B1       904      0.09768      0.09768      0.09768       9.99899938E-01
 B1       905      0.09934      0.09934      0.09934       9.99896517E-01
 B1       906      0.10099      0.10099      0.10099       9.99893040E-01
 B1       907      0.10265      0.10265      0.10265       9.99889504E-01
 B1       908      0.10430      0.10430      0.10430       9.99885910E-01
 B1       909      0.10596      0.10596      0.10596       9.99882261E-01
 B1       910      0.10762      0.10762      0.10762       9.99878552E-01
 B1       911      0.10927      0.10927      0.10927       9.99874786E-01
 B1       912      0.11093      0.11093      0.11093       9.99870965E-01
 B1       913      0.11258      0.11258      0.11258       9.99867083E-01
 B1       914      0.11424      0.11424      0.11424       9.99863147E-01
 B1       915      0.11589      0.11589      0.11589       9.99859151E-01
 B1       916      0.11755      0.11755      0.11755       9.99855097E-01
 B1       917      0.11921      0.11921      0.11921       9.99850989E-01
 B1       918      0.12086      0.12086      0.12086       9.99846820E-01
 B1       919      0.12252      0.12252      0.12252       9.99842594E-01
 B1       920      0.12417      0.12417      0.12417       9.99838313E-01
 B1       921      0.12583      0.12583      0.12583       9.99833972E-01
 B1       922      0.12748      0.12748      0.12748       9.99829576E-01
 B1       923      0.12914      0.12914      0.12914       9.99825120E-01
 B1       924      0.13079      0.13079      0.13079       9.99820607E-01
 B1       925      0.13245      0.13245      0.13245       9.99816039E-01
 B1       926      0.13411      0.13411      0.13411       9.99811410E-01
 B1       927      0.13576      0.13576      0.13576       9.99806725E-01
 B1       928      0.13742      0.13742      0.13742       9.99801984E-01
 B1       929      0.13907      0.13907      0.13907       9.99797183E-01
 B1       930      0.14073      0.14073      0.14073       9.99792328E-01
 B1       931      0.14238      0.14238      0.14238       9.99787412E-01
 B1       932      0.14404      0.14404      0.14404       9.99782439E-01
 B1       933      0.14569      0.14569      0.14569       9.99777411E-01
 B1       934      0.14735      0.14735      0.14735       9.99772323E-01
 B1       935      0.14901      0.14901      0.14901       9.99767177E-01
 B1       936      0.15066      0.15066      0.15066       9.99761977E-01
 B1       937      0.15232      0.15232      0.15232       9.99756717E-01
 B1       938      0.15397      0.15397      0.15397       9.99751399E-01
 B1       939      0.15563      0.15563      0.15563       9.99746027E-01
 B1       940      0.15729      0.15729      0.15729       9.99740594E-01
 B1       941      0.15894      0.15894      0.15894       9.99735107E-01
 B1       942      0.16060      0.16060      0.16060       9.99729559E-01
 B1       943      0.16225      0.16225      0.16225       9.99723953E-01
 B1       944      0.16391      0.16391      0.16391       9.99718294E-01
 B1       945      0.16556      0.16556      0.16556       9.99712574E-01
 B1       946      0.16722      0.16722      0.16722       9.99706796E-01
 B1       947      0.16887      0.16887      0.16887       9.99700964E-01
 B1       948      0.17053      0.17053      0.17053       9.99695072E-01
 B1       949      0.17219      0.17219      0.17219       9.99689125E-01
 B1       950      0.17384      0.17384      0.17384       9.99683118E-01
 B1       951      0.17550      0.17550      0.17550       9.99677053E-01
 B1       952      0.17715      0.17715      0.17715       9.99670934E-01
 B1       953      0.17881      0.17881      0.17881       9.99664754E-01
 B1       954      0.18046      0.18046      0.18046       9.99658517E-01
 B1       955      0.18212      0.18212      0.18212       9.99652226E-01
 B1       956      0.18377      0.18377      0.18377       9.99645874E-01
 B1       957      0.18543      0.18543      0.18543       9.99639468E-01
 B1       958      0.18709      0.18709      0.18709       9.99633001E-01
 B1       959      0.18874      0.18874      0.18874       9.99626476E-01
 B1       960      0.19040      0.19040      0.19040       9.99619898E-01
 B1       961      0.19205      0.19205      0.19205       9.99613259E-01
 B1       962      0.19371      0.19371      0.19371       9.99606562E-01
 B1       963      0.19536      0.19536      0.19536       9.99599812E-01
 B1       964      0.19702      0.19702      0.19702       9.99593000E-01
 B1       965      0.19867      0.19867      0.19867       9.99586135E-01
 B1       966      0.20033      0.20033      0.20033       9.99579208E-01
 B1       967      0.20199      0.20199      0.20199       9.99572224E-01
 B1       968      0.20364      0.20364      0.20364       9.99565187E-01
 B1       969      0.20530      0.20530      0.20530       9.99558088E-01
 B1       970      0.20695      0.20695      0.20695       9.99550932E-01
 B1       971      0.20861      0.20861      0.20861       9.99543722E-01
 B1       972      0.21027      0.21027      0.21027       9.99536451E-01
 B1       973      0.21192      0.21192      0.21192       9.99529122E-01
 B1       974      0.21358      0.21358      0.21358       9.99521741E-01
 B1       975      0.21523      0.21523      0.21523       9.99514297E-01
 B1       976      0.21689      0.21689      0.21689       9.99506801E-01
 B1       977      0.21854      0.21854      0.21854       9.99499243E-01
 B1       978      0.22020      0.22020      0.22020       9.99491627E-01
 B1       979      0.22185      0.22185      0.22185       9.99483958E-01
 B1       980      0.22351      0.22351      0.22351       9.99476228E-01
 B1       981      0.22517      0.22517      0.22517       9.99468440E-01
 B1       982      0.22682      0.22682      0.22682       9.99460599E-01
 B1       983      0.22848      0.22848      0.22848       9.99452696E-01
 B1       984      0.23013      0.23013      0.23013       9.99444741E-01
 B1       985      0.23179      0.23179      0.23179       9.99436723E-01
 B1       986      0.23344      0.23344      0.23344       9.99428648E-01
 B1       987      0.23510      0.23510      0.23510       9.99420521E-01
 B1       988      0.23675      0.23675      0.23675       9.99412331E-01
 B1       989      0.23841      0.23841      0.23841       9.99404084E-01
 B1       990      0.24007      0.24007      0.24007       9.99395784E-01
 B1       991      0.24172      0.24172      0.24172       9.99387422E-01
 B1       992      0.24338      0.24338      0.24338       9.99379007E-01
 B1       993      0.24503      0.24503      0.24503       9.99370531E-01
 B1       994      0.24669      0.24669      0.24669       9.99361996E-01
 B1       995      0.24834      0.24834      0.24834       9.99353410E-01
 B1       996      0.25000      0.25000      0.25000       9.99344761E-01
 B1       997      0.25166      0.25166      0.25166       9.99336054E-01
 B1       998      0.25331      0.25331      0.25331       9.99327296E-01
 B1       999      0.25497      0.25497      0.25497       9.99318474E-01
 B1      1000      0.25662      0.25662      0.25662       9.99309596E-01
 B1      1001      0.25828      0.25828      0.25828       9.99300665E-01
 B1      1002      0.25993      0.25993      0.25993       9.99291672E-01
 B1      1003      0.26159      0.26159      0.26159       9.99282626E-01
 B1      1004      0.26325      0.26325      0.26325       9.99273518E-01
 B1      1005      0.26490      0.26490      0.26490       9.99264353E-01
 B1      1006      0.26656      0.26656      0.26656       9.99255135E-01
 B1      1007      0.26821      0.26821      0.26821       9.99245855E-01
 B1      1008      0.26987      0.26987      0.26987       9.99236517E-01
 B1      1009      0.27152      0.27152      0.27152       9.99227128E-01
 B1      1010      0.27318      0.27318      0.27318       9.99217675E-01
 B1      1011      0.27483      0.27483      0.27483       9.99208171E-01
 B1      1012      0.27649      0.27649      0.27649       9.99198604E-01
 B1      1013      0.27815      0.27815      0.27815       9.99188980E-01
 B1      1014      0.27980      0.27980      0.27980       9.99179304E-01
 B1      1015      0.28146      0.28146      0.28146       9.99169564E-01
 B1      1016      0.28311      0.28311      0.28311       9.99159768E-01
 B1      1017      0.28477      0.28477      0.28477       9.99149920E-01
 B1      1018      0.28642      0.28642      0.28642       9.99140008E-01
 B1      1019      0.28808      0.28808      0.28808       9.99130046E-01
 B1      1020      0.28974      0.28974      0.28974       9.99120020E-01
 B1      1021      0.29139      0.29139      0.29139       9.99109936E-01
 B1      1022      0.29305      0.29305      0.29305       9.99099801E-01
 B1      1023      0.29470      0.29470      0.29470       9.99089603E-01
 B1      1024      0.29636      0.29636      0.29636       9.99079348E-01
 B1      1025      0.29801      0.29801      0.29801       9.99069041E-01
 B1      1026      0.29967      0.29967      0.29967       9.99058671E-01
 B1      1027      0.30133      0.30133      0.30133       9.99048244E-01
 B1      1028      0.30298      0.30298      0.30298       9.99037765E-01
 B1      1029      0.30464      0.30464      0.30464       9.99027223E-01
 B1      1030      0.30629      0.30629      0.30629       9.99016630E-01
 B1      1031      0.30795      0.30795      0.30795       9.99005973E-01
 B1      1032      0.30960      0.30960      0.30960       9.98995259E-01
 B1      1033      0.31126      0.31126      0.31126       9.98984494E-01
 B1      1034      0.31291      0.31291      0.31291       9.98973665E-01
 B1      1035      0.31457      0.31457      0.31457       9.98962778E-01
 B1      1036      0.31622      0.31622      0.31622       9.98951842E-01
 B1      1037      0.31788      0.31788      0.31788       9.98940841E-01
 B1      1038      0.31954      0.31954      0.31954       9.98929789E-01
 B1      1039      0.32119      0.32119      0.32119       9.98918674E-01
 B1      1040      0.32285      0.32285      0.32285       9.98907501E-01
 B1      1041      0.32450      0.32450      0.32450       9.98896277E-01
 B1      1042      0.32616      0.32616      0.32616       9.98884990E-01
 B1      1043      0.32782      0.32782      0.32782       9.98873645E-01
 B1      1044      0.32947      0.32947      0.32947       9.98862250E-01
 B1      1045      0.33113      0.33113      0.33113       9.98850791E-01
 B1      1046      0.33278      0.33278      0.33278       9.98839281E-01
 B1      1047      0.33444      0.33444      0.33444       9.98827707E-01
 B1      1048      0.33609      0.33609      0.33609       9.98816076E-01
 B1      1049      0.33775      0.33775      0.33775       9.98804394E-01
 B1      1050      0.33940      0.33940      0.33940       9.98792648E-01
 B1      1051      0.34106      0.34106      0.34106       9.98780845E-01
 B1      1052      0.34271      0.34271      0.34271       9.98768992E-01
 B1      1053      0.34437      0.34437      0.34437       9.98757074E-01
 B1      1054      0.34603      0.34603      0.34603       9.98745106E-01
 B1      1055      0.34768      0.34768      0.34768       9.98733074E-01
 B1      1056      0.34934      0.34934      0.34934       9.98720984E-01
 B1      1057      0.35099      0.35099      0.35099       9.98708844E-01
 B1      1058      0.35265      0.35265      0.35265       9.98696640E-01
 B1      1059      0.35430      0.35430      0.35430       9.98684378E-01
 B1      1060      0.35596      0.35596      0.35596       9.98672067E-01
 B1      1061      0.35762      0.35762      0.35762       9.98659691E-01
 B1      1062      0.35927      0.35927      0.35927       9.98647258E-01
 B1      1063      0.36093      0.36093      0.36093       9.98634775E-01
 B1      1064      0.36258      0.36258      0.36258       9.98622227E-01
 B1      1065      0.36424      0.36424      0.36424       9.98609629E-01
 B1      1066      0.36589      0.36589      0.36589       9.98596967E-01
 B1      1067      0.36755      0.36755      0.36755       9.98584247E-01
 B1      1068      0.36921      0.36921      0.36921       9.98571478E-01
 B1      1069      0.37086      0.37086      0.37086       9.98558644E-01
 B1      1070      0.37252      0.37252      0.37252       9.98545752E-01
 B1      1071      0.37417      0.37417      0.37417       9.98532811E-01
 B1      1072      0.37583      0.37583      0.37583       9.98519805E-01
 B1      1073      0.37748      0.37748      0.37748       9.98506750E-01
 B1      1074      0.37914      0.37914      0.37914       9.98493629E-01
 B1      1075      0.38079      0.38079      0.38079       9.98480452E-01
 B1      1076      0.38245      0.38245      0.38245       9.98467225E-01
 B1      1077      0.38411      0.38411      0.38411       9.98453932E-01
 B1      1078      0.38576      0.38576      0.38576       9.98440583E-01
 B1      1079      0.38742      0.38742      0.38742       9.98427184E-01
 B1      1080      0.38907      0.38907      0.38907       9.98413720E-01
 B1      1081      0.39073      0.39073      0.39073       9.98400207E-01
 B1      1082      0.39238      0.39238      0.39238       9.98386629E-01
 B1      1083      0.39404      0.39404      0.39404       9.98372993E-01
 B1      1084      0.39570      0.39570      0.39570       9.98359309E-01
 B1      1085      0.39735      0.39735      0.39735       9.98345559E-01
 B1      1086      0.39901      0.39901      0.39901       9.98331751E-01
 B1      1087      0.40066      0.40066      0.40066       9.98317895E-01
 B1      1088      0.40232      0.40232      0.40232       9.98303974E-01
 B1      1089      0.40397      0.40397      0.40397       9.98289995E-01
 B1      1090      0.40563      0.40563      0.40563       9.98275967E-01
 B1      1091      0.40729      0.40729      0.40729       9.98261873E-01
 B1      1092      0.40894      0.40894      0.40894       9.98247731E-01
 B1      1093      0.41060      0.41060      0.41060       9.98233524E-01
 B1      1094      0.41225      0.41225      0.41225       9.98219259E-01
 B1      1095      0.41391      0.41391      0.41391       9.98204945E-01
 B1      1096      0.41556      0.41556      0.41556       9.98190566E-01
 B1      1097      0.41722      0.41722      0.41722       9.98176129E-01
 B1      1098      0.41887      0.41887      0.41887       9.98161644E-01
 B1      1099      0.42053      0.42053      0.42053       9.98147093E-01
 B1      1100      0.42218      0.42218      0.42218       9.98132494E-01
 B1      1101      0.42384      0.42384      0.42384       9.98117829E-01
 B1      1102      0.42550      0.42550      0.42550       9.98103106E-01
 B1      1103      0.42715      0.42715      0.42715       9.98088335E-01
 B1      1104      0.42881      0.42881      0.42881       9.98073499E-01
 B1      1105      0.43046      0.43046      0.43046       9.98058605E-01
 B1      1106      0.43212      0.43212      0.43212       9.98043662E-01
 B1      1107      0.43378      0.43378      0.43378       9.98028654E-01
 B1      1108      0.43543      0.43543      0.43543       9.98013598E-01
 B1      1109      0.43709      0.43709      0.43709       9.97998475E-01
 B1      1110      0.43874      0.43874      0.43874       9.97983295E-01
 B1      1111      0.44040      0.44040      0.44040       9.97968067E-01
 B1      1112      0.44205      0.44205      0.44205       9.97952773E-01
 B1      1113      0.44371      0.44371      0.44371       9.97937422E-01
 B1      1114      0.44536      0.44536      0.44536       9.97922022E-01
 B1      1115      0.44702      0.44702      0.44702       9.97906557E-01
 B1      1116      0.44867      0.44867      0.44867       9.97891043E-01
 B1      1117      0.45033      0.45033      0.45033       9.97875464E-01
 B1      1118      0.45199      0.45199      0.45199       9.97859826E-01
 B1      1119      0.45364      0.45364      0.45364       9.97844142E-01
 B1      1120      0.45530      0.45530      0.45530       9.97828390E-01
 B1      1121      0.45695      0.45695      0.45695       9.97812582E-01
 B1      1122      0.45861      0.45861      0.45861       9.97796726E-01
 B1      1123      0.46026      0.46026      0.46026       9.97780803E-01
 B1      1124      0.46192      0.46192      0.46192       9.97764823E-01
 B1      1125      0.46358      0.46358      0.46358       9.97748796E-01
 B1      1126      0.46523      0.46523      0.46523       9.97732702E-01
 B1      1127      0.46689      0.46689      0.46689       9.97716561E-01
 B1      1128      0.46854      0.46854      0.46854       9.97700352E-01
 B1      1129      0.47020      0.47020      0.47020       9.97684087E-01
 B1      1130      0.47185      0.47185      0.47185       9.97667774E-01
 B1      1131      0.47351      0.47351      0.47351       9.97651395E-01
 B1      1132      0.47517      0.47517      0.47517       9.97634958E-01
 B1      1133      0.47682      0.47682      0.47682       9.97618474E-01
 B1      1134      0.47848      0.47848      0.47848       9.97601923E-01
 B1      1135      0.48013      0.48013      0.48013       9.97585325E-01
 B1      1136      0.48179      0.48179      0.48179       9.97568660E-01
 B1      1137      0.48344      0.48344      0.48344       9.97551938E-01
 B1      1138      0.48510      0.48510      0.48510       9.97535169E-01
 B1      1139      0.48675      0.48675      0.48675       9.97518332E-01
 B1      1140      0.48841      0.48841      0.48841       9.97501439E-01
 B1      1141      0.49007      0.49007      0.49007       9.97484498E-01
 B1      1142      0.49172      0.49172      0.49172       9.97467491E-01
 B1      1143      0.49338      0.49338      0.49338       9.97450436E-01
 B1      1144      0.49503      0.49503      0.49503       9.97433315E-01
 B1      1145      0.49669      0.49669      0.49669       9.97416136E-01
 B1      1146      0.49834      0.49834      0.49834       9.97398911E-01
 B1      1147      0.50000      0.50000      0.50000       9.97381618E-01
 B1      1148      0.50000      0.49899      0.50101       9.97381589E-01
 B1      1149      0.50000      0.49798      0.50202       9.97381503E-01
 B1      1150      0.50000      0.49696      0.50304       9.97381361E-01
 B1      1151      0.50000      0.49595      0.50405       9.97381160E-01
 B1      1152      0.50000      0.49494      0.50506       9.97380903E-01
 B1      1153      0.50000      0.49393      0.50607       9.97380589E-01
 B1      1154      0.50000      0.49291      0.50709       9.97380218E-01
 B1      1155      0.50000      0.49190      0.50810       9.97379789E-01
 B1      1156      0.50000      0.49089      0.50911       9.97379303E-01
 B1      1157      0.50000      0.48988      0.51012       9.97378760E-01
 B1      1158      0.50000      0.48887      0.51113       9.97378160E-01
 B1      1159      0.50000      0.48785      0.51215       9.97377503E-01
 B1      1160      0.50000      0.48684      0.51316       9.97376788E-01
 B1      1161      0.50000      0.48583      0.51417       9.97376017E-01
 B1      1162      0.50000      0.48482      0.51518       9.97375189E-01
 B1      1163      0.50000      0.48381      0.51619       9.97374303E-01
 B1      1164      0.50000      0.48279      0.51721       9.97373360E-01
 B1      1165      0.50000      0.48178      0.51822       9.97372359E-01
 B1      1166      0.50000      0.48077      0.51923       9.97371302E-01
 B1      1167      0.50000      0.47976      0.52024       9.97370188E-01
 B1      1168      0.50000      0.47874      0.52126       9.97369016E-01
 B1      1169      0.50000      0.47773      0.52227       9.97367788E-01
 B1      1170      0.50000      0.47672      0.52328       9.97366502E-01
 B1      1171      0.50000      0.47571      0.52429       9.97365160E-01
 B1      1172      0.50000      0.47470      0.52530       9.97363758E-01
 B1      1173      0.50000      0.47368      0.52632       9.97362301E-01
 B1      1174      0.50000      0.47267      0.52733       9.97360787E-01
 B1      1175      0.50000      0.47166      0.52834       9.97359216E-01
 B1      1176      0.50000      0.47065      0.52935       9.97357587E-01
 B1      1177      0.50000      0.46964      0.53036       9.97355902E-01
 B1      1178      0.50000      0.46862      0.53138       9.97354157E-01
 B1      1179      0.50000      0.46761      0.53239       9.97352357E-01
 B1      1180      0.50000      0.46660      0.53340       9.97350500E-01
 B1      1181      0.50000      0.46559      0.53441       9.97348586E-01
 B1      1182      0.50000      0.46458      0.53543       9.97346615E-01
 B1      1183      0.50000      0.46356      0.53644       9.97344586E-01
 B1      1184      0.50000      0.46255      0.53745       9.97342501E-01
 B1      1185      0.50000      0.46154      0.53846       9.97340356E-01
 B1      1186      0.50000      0.46053      0.53947       9.97338156E-01
 B1      1187      0.50000      0.45951      0.54049       9.97335899E-01
 B1      1188      0.50000      0.45850      0.54150       9.97333585E-01
 B1      1189      0.50000      0.45749      0.54251       9.97331214E-01
 B1      1190      0.50000      0.45648      0.54352       9.97328785E-01
 B1      1191      0.50000      0.45547      0.54453       9.97326300E-01
 B1      1192      0.50000      0.45445      0.54555       9.97323755E-01
 B1      1193      0.50000      0.45344      0.54656       9.97321155E-01
 B1      1194      0.50000      0.45243      0.54757       9.97318498E-01
 B1      1195      0.50000      0.45142      0.54858       9.97315784E-01
 B1      1196      0.50000      0.45040      0.54959       9.97313013E-01
 B1      1197      0.50000      0.44939      0.55061       9.97310185E-01
 B1      1198      0.50000      0.44838      0.55162       9.97307299E-01
 B1      1199      0.50000      0.44737      0.55263       9.97304354E-01
 B1      1200      0.50000      0.44636      0.55364       9.97301354E-01
 B1      1201      0.50000      0.44534      0.55466       9.97298298E-01
 B1      1202      0.50000      0.44433      0.55567       9.97295184E-01
 B1      1203      0.50000      0.44332      0.55668       9.97292013E-01
 B1      1204      0.50000      0.44231      0.55769       9.97288784E-01
 B1      1205      0.50000      0.44130      0.55870       9.97285499E-01
 B1      1206      0.50000      0.44028      0.55972       9.97282153E-01
 B1      1207      0.50000      0.43927      0.56073       9.97278754E-01
 B1      1208      0.50000      0.43826      0.56174       9.97275297E-01
 B1      1209      0.50000      0.43725      0.56275       9.97271783E-01
 B1      1210      0.50000      0.43623      0.56376       9.97268213E-01
 B1      1211      0.50000      0.43522      0.56478       9.97264585E-01
 B1      1212      0.50000      0.43421      0.56579       9.97260899E-01
 B1      1213      0.50000      0.43320      0.56680       9.97257154E-01
 B1      1214      0.50000      0.43219      0.56781       9.97253354E-01
 B1      1215      0.50000      0.43117      0.56883       9.97249498E-01
 B1      1216      0.50000      0.43016      0.56984       9.97245584E-01
 B1      1217      0.50000      0.42915      0.57085       9.97241613E-01
 B1      1218      0.50000      0.42814      0.57186       9.97237585E-01
 B1      1219      0.50000      0.42713      0.57287       9.97233501E-01
 B1      1220      0.50000      0.42611      0.57389       9.97229354E-01
 B1      1221      0.50000      0.42510      0.57490       9.97225155E-01
 B1      1222      0.50000      0.42409      0.57591       9.97220899E-01
 B1      1223      0.50000      0.42308      0.57692       9.97216585E-01
 B1      1224      0.50000      0.42207      0.57793       9.97212215E-01
 B1      1225      0.50000      0.42105      0.57895       9.97207787E-01
 B1      1226      0.50000      0.42004      0.57996       9.97203298E-01
 B1      1227      0.50000      0.41903      0.58097       9.97198756E-01
 B1      1228      0.50000      0.41802      0.58198       9.97194157E-01
 B1      1229      0.50000      0.41700      0.58300       9.97189501E-01
 B1      1230      0.50000      0.41599      0.58401       9.97184788E-01
 B1      1231      0.50000      0.41498      0.58502       9.97180018E-01
 B1      1232      0.50000      0.41397      0.58603       9.97175190E-01
 B1      1233      0.50000      0.41296      0.58705       9.97170301E-01
 B1      1234      0.50000      0.41194      0.58806       9.97165359E-01
 B1      1235      0.50000      0.41093      0.58907       9.97160360E-01
 B1      1236      0.50000      0.40992      0.59008       9.97155305E-01
 B1      1237      0.50000      0.40891      0.59109       9.97150192E-01
 B1      1238      0.50000      0.40790      0.59210       9.97145022E-01
 B1      1239      0.50000      0.40688      0.59312       9.97139795E-01
 B1      1240      0.50000      0.40587      0.59413       9.97134505E-01
 B1      1241      0.50000      0.40486      0.59514       9.97129164E-01
 B1      1242      0.50000      0.40385      0.59615       9.97123765E-01
 B1      1243      0.50000      0.40283      0.59717       9.97118310E-01
 B1      1244      0.50000      0.40182      0.59818       9.97112797E-01
 B1      1245      0.50000      0.40081      0.59919       9.97107228E-01
 B1      1246      0.50000      0.39980      0.60020       9.97101601E-01
 B1      1247      0.50000      0.39879      0.60122       9.97095911E-01
 B1      1248      0.50000      0.39777      0.60223       9.97090170E-01
 B1      1249      0.50000      0.39676      0.60324       9.97084372E-01
 B1      1250      0.50000      0.39575      0.60425       9.97078517E-01
 B1      1251      0.50000      0.39474      0.60526       9.97072605E-01
 B1      1252      0.50000      0.39372      0.60628       9.97066635E-01
 B1      1253      0.50000      0.39271      0.60729       9.97060609E-01
 B1      1254      0.50000      0.39170      0.60830       9.97054520E-01
 B1      1255      0.50000      0.39069      0.60931       9.97048379E-01
 B1      1256      0.50000      0.38968      0.61032       9.97042181E-01
 B1      1257      0.50000      0.38866      0.61134       9.97035926E-01
 B1      1258      0.50000      0.38765      0.61235       9.97029615E-01
 B1      1259      0.50000      0.38664      0.61336       9.97023246E-01
 B1      1260      0.50000      0.38563      0.61437       9.97016820E-01
 B1      1261      0.50000      0.38461      0.61538       9.97010330E-01
 B1      1262      0.50000      0.38360      0.61640       9.97003790E-01
 B1      1263      0.50000      0.38259      0.61741       9.96997193E-01
 B1      1264      0.50000      0.38158      0.61842       9.96990539E-01
 B1      1265      0.50000      0.38057      0.61943       9.96983827E-01
 B1      1266      0.50000      0.37955      0.62045       9.96977059E-01
 B1      1267      0.50000      0.37854      0.62146       9.96970233E-01
 B1      1268      0.50000      0.37753      0.62247       9.96963344E-01
 B1      1269      0.50000      0.37652      0.62348       9.96956404E-01
 B1      1270      0.50000      0.37551      0.62449       9.96949407E-01
 B1      1271      0.50000      0.37449      0.62551       9.96942354E-01
 B1      1272      0.50000      0.37348      0.62652       9.96935243E-01
 B1      1273      0.50000      0.37247      0.62753       9.96928075E-01
 B1      1274      0.50000      0.37146      0.62854       9.96920843E-01
 B1      1275      0.50000      0.37045      0.62955       9.96913561E-01
 B1      1276      0.50000      0.36943      0.63057       9.96906221E-01
 B1      1277      0.50000      0.36842      0.63158       9.96898825E-01
 B1      1278      0.50000      0.36741      0.63259       9.96891372E-01
 B1      1279      0.50000      0.36640      0.63360       9.96883862E-01
 B1      1280      0.50000      0.36539      0.63462       9.96876294E-01
 B1      1281      0.50000      0.36437      0.63563       9.96868663E-01
 B1      1282      0.50000      0.36336      0.63664       9.96860981E-01
 B1      1283      0.50000      0.36235      0.63765       9.96853243E-01
 B1      1284      0.50000      0.36134      0.63866       9.96845447E-01
 B1      1285      0.50000      0.36032      0.63968       9.96837594E-01
 B1      1286      0.50000      0.35931      0.64069       9.96829685E-01
 B1      1287      0.50000      0.35830      0.64170       9.96821718E-01
 B1      1288      0.50000      0.35729      0.64271       9.96813686E-01
 B1      1289      0.50000      0.35628      0.64372       9.96805606E-01
 B1      1290      0.50000      0.35526      0.64474       9.96797468E-01
 B1      1291      0.50000      0.35425      0.64575       9.96789273E-01
 B1      1292      0.50000      0.35324      0.64676       9.96781021E-01
 B1      1293      0.50000      0.35223      0.64777       9.96772712E-01
 B1      1294      0.50000      0.35121      0.64878       9.96764346E-01
 B1      1295      0.50000      0.35020      0.64980       9.96755915E-01
 B1      1296      0.50000      0.34919      0.65081       9.96747435E-01
 B1      1297      0.50000      0.34818      0.65182       9.96738898E-01
 B1      1298      0.50000      0.34717      0.65283       9.96730304E-01
 B1      1299      0.50000      0.34615      0.65385       9.96721652E-01
 B1      1300      0.50000      0.34514      0.65486       9.96712944E-01
 B1      1301      0.50000      0.34413      0.65587       9.96704179E-01
 B1      1302      0.50000      0.34312      0.65688       9.96695348E-01
 B1      1303      0.50000      0.34210      0.65790       9.96686469E-01
 B1      1304      0.50000      0.34109      0.65891       9.96677533E-01
 B1      1305      0.50000      0.34008      0.65992       9.96668539E-01
 B1      1306      0.50000      0.33907      0.66093       9.96659489E-01
 B1      1307      0.50000      0.33806      0.66194       9.96650382E-01
 B1      1308      0.50000      0.33704      0.66295       9.96641218E-01
 B1      1309      0.50000      0.33603      0.66397       9.96631987E-01
 B1      1310      0.50000      0.33502      0.66498       9.96622709E-01
 B1      1311      0.50000      0.33401      0.66599       9.96613373E-01
 B1      1312      0.50000      0.33300      0.66700       9.96603981E-01
 B1      1313      0.50000      0.33198      0.66802       9.96594532E-01
 B1      1314      0.50000      0.33097      0.66903       9.96585025E-01
 B1      1315      0.50000      0.32996      0.67004       9.96575462E-01
 B1      1316      0.50000      0.32895      0.67105       9.96565832E-01
 B1      1317      0.50000      0.32793      0.67207       9.96556155E-01
 B1      1318      0.50000      0.32692      0.67308       9.96546420E-01
 B1      1319      0.50000      0.32591      0.67409       9.96536629E-01
 B1      1320      0.50000      0.32490      0.67510       9.96526780E-01
 B1      1321      0.50000      0.32389      0.67611       9.96516875E-01
 B1      1322      0.50000      0.32287      0.67713       9.96506903E-01
 B1      1323      0.50000      0.32186      0.67814       9.96496883E-01
 B1      1324      0.50000      0.32085      0.67915       9.96486807E-01
 B1      1325      0.50000      0.31984      0.68016       9.96476674E-01
 B1      1326      0.50000      0.31883      0.68117       9.96466483E-01
 B1      1327      0.50000      0.31781      0.68219       9.96456236E-01
 B1      1328      0.50000      0.31680      0.68320       9.96445932E-01
 B1      1329      0.50000      0.31579      0.68421       9.96435560E-01
 B1      1330      0.50000      0.31478      0.68522       9.96425142E-01
 B1      1331      0.50000      0.31377      0.68624       9.96414667E-01
 B1      1332      0.50000      0.31275      0.68725       9.96404135E-01
 B1      1333      0.50000      0.31174      0.68826       9.96393546E-01
 B1      1334      0.50000      0.31073      0.68927       9.96382899E-01
 B1      1335      0.50000      0.30972      0.69028       9.96372196E-01
 B1      1336      0.50000      0.30870      0.69130       9.96361426E-01
 B1      1337      0.50000      0.30769      0.69231       9.96350609E-01
 B1      1338      0.50000      0.30668      0.69332       9.96339735E-01
 B1      1339      0.50000      0.30567      0.69433       9.96328804E-01
 B1      1340      0.50000      0.30466      0.69534       9.96317816E-01
 B1      1341      0.50000      0.30364      0.69636       9.96306771E-01
 B1      1342      0.50000      0.30263      0.69737       9.96295669E-01
 B1      1343      0.50000      0.30162      0.69838       9.96284499E-01
 B1      1344      0.50000      0.30061      0.69939       9.96273283E-01
 B1      1345      0.50000      0.29960      0.70041       9.96262011E-01
 B1      1346      0.50000      0.29858      0.70142       9.96250681E-01
 B1      1347      0.50000      0.29757      0.70243       9.96239294E-01
 B1      1348      0.50000      0.29656      0.70344       9.96227851E-01
 B1      1349      0.50000      0.29555      0.70445       9.96216351E-01
 B1      1350      0.50000      0.29453      0.70547       9.96204782E-01
 B1      1351      0.50000      0.29352      0.70648       9.96193167E-01
 B1      1352      0.50000      0.29251      0.70749       9.96181496E-01
 B1      1353      0.50000      0.29150      0.70850       9.96169768E-01
 B1      1354      0.50000      0.29049      0.70951       9.96157983E-01
 B1      1355      0.50000      0.28947      0.71053       9.96146141E-01
 B1      1356      0.50000      0.28846      0.71154       9.96134242E-01
 B1      1357      0.50000      0.28745      0.71255       9.96122274E-01
 B1      1358      0.50000      0.28644      0.71356       9.96110261E-01
 B1      1359      0.50000      0.28542      0.71457       9.96098191E-01
 B1      1360      0.50000      0.28441      0.71559       9.96086064E-01
 B1      1361      0.50000      0.28340      0.71660       9.96073881E-01
 B1      1362      0.50000      0.28239      0.71761       9.96061640E-01
 B1      1363      0.50000      0.28138      0.71862       9.96049343E-01
 B1      1364      0.50000      0.28036      0.71964       9.96036976E-01
 B1      1365      0.50000      0.27935      0.72065       9.96024565E-01
 B1      1366      0.50000      0.27834      0.72166       9.96012097E-01
 B1      1367      0.50000      0.27733      0.72267       9.95999572E-01
 B1      1368      0.50000      0.27632      0.72368       9.95986990E-01
 B1      1369      0.50000      0.27530      0.72470       9.95974351E-01
 B1      1370      0.50000      0.27429      0.72571       9.95961642E-01
 B1      1371      0.50000      0.27328      0.72672       9.95948890E-01
 B1      1372      0.50000      0.27227      0.72773       9.95936080E-01
 B1      1373      0.50000      0.27126      0.72874       9.95923214E-01
 B1      1374      0.50000      0.27024      0.72976       9.95910290E-01
 B1      1375      0.50000      0.26923      0.73077       9.95897310E-01
 B1      1376      0.50000      0.26822      0.73178       9.95884273E-01
 B1      1377      0.50000      0.26721      0.73279       9.95871166E-01
 B1      1378      0.50000      0.26619      0.73381       9.95858015E-01
 B1      1379      0.50000      0.26518      0.73482       9.95844807E-01
 B1      1380      0.50000      0.26417      0.73583       9.95831543E-01
 B1      1381      0.50000      0.26316      0.73684       9.95818221E-01
 B1      1382      0.50000      0.26215      0.73785       9.95804843E-01
 B1      1383      0.50000      0.26113      0.73887       9.95791407E-01
 B1      1384      0.50000      0.26012      0.73988       9.95777902E-01
 B1      1385      0.50000      0.25911      0.74089       9.95764353E-01
 B1      1386      0.50000      0.25810      0.74190       9.95750747E-01
 B1      1387      0.50000      0.25709      0.74291       9.95737084E-01
 B1      1388      0.50000      0.25607      0.74393       9.95723365E-01
 B1      1389      0.50000      0.25506      0.74494       9.95709588E-01
 B1      1390      0.50000      0.25405      0.74595       9.95695755E-01
 B1      1391      0.50000      0.25304      0.74696       9.95681851E-01
 B1      1392      0.50000      0.25202      0.74798       9.95667904E-01
 B1      1393      0.50000      0.25101      0.74899       9.95653900E-01
 B1      1394      0.50000      0.25000      0.75000       9.95639839E-01
 B1      1395      0.50000      0.24857      0.74857       9.95649758E-01
 B1      1396      0.50000      0.24714      0.74714       9.95659614E-01
 B1      1397      0.50000      0.24571      0.74571       9.95669419E-01
 B1      1398      0.50000      0.24429      0.74429       9.95679161E-01
 B1      1399      0.50000      0.24286      0.74286       9.95688853E-01
 B1      1400      0.50000      0.24143      0.74143       9.95698481E-01
 B1      1401      0.50000      0.24000      0.74000       9.95708060E-01
 B1      1402      0.50000      0.23857      0.73857       9.95717581E-01
 B1      1403      0.50000      0.23714      0.73714       9.95727040E-01
 B1      1404      0.50000      0.23571      0.73571       9.95736448E-01
 B1      1405      0.50000      0.23429      0.73429       9.95745793E-01
 B1      1406      0.50000      0.23286      0.73286       9.95755087E-01
 B1      1407      0.50000      0.23143      0.73143       9.95764319E-01
 B1      1408      0.50000      0.23000      0.73000       9.95773500E-01
 B1      1409      0.50000      0.22857      0.72857       9.95782624E-01
 B1      1410      0.50000      0.22714      0.72714       9.95791686E-01
 B1      1411      0.50000      0.22571      0.72571       9.95800696E-01
 B1      1412      0.50000      0.22429      0.72429       9.95809644E-01
 B1      1413      0.50000      0.22286      0.72286       9.95818542E-01
 B1      1414      0.50000      0.22143      0.72143       9.95827376E-01
 B1      1415      0.50000      0.22000      0.72000       9.95836160E-01
 B1      1416      0.50000      0.21857      0.71857       9.95844887E-01
 B1      1417      0.50000      0.21714      0.71714       9.95853551E-01
 B1      1418      0.50000      0.21571      0.71571       9.95862164E-01
 B1      1419      0.50000      0.21429      0.71429       9.95870715E-01
 B1      1420      0.50000      0.21286      0.71286       9.95879215E-01
 B1      1421      0.50000      0.21143      0.71143       9.95887652E-01
 B1      1422      0.50000      0.21000      0.71000       9.95896038E-01
 B1      1423      0.50000      0.20857      0.70857       9.95904368E-01
 B1      1424      0.50000      0.20714      0.70714       9.95912634E-01
 B1      1425      0.50000      0.20571      0.70571       9.95920850E-01
 B1      1426      0.50000      0.20429      0.70429       9.95929004E-01
 B1      1427      0.50000      0.20286      0.70286       9.95937106E-01
 B1      1428      0.50000      0.20143      0.70143       9.95945146E-01
 B1      1429      0.50000      0.20000      0.70000       9.95953135E-01
 B1      1430      0.50000      0.19857      0.69857       9.95961067E-01
 B1      1431      0.50000      0.19714      0.69714       9.95968936E-01
 B1      1432      0.50000      0.19571      0.69571       9.95976755E-01
 B1      1433      0.50000      0.19429      0.69429       9.95984511E-01
 B1      1434      0.50000      0.19286      0.69286       9.95992216E-01
 B1      1435      0.50000      0.19143      0.69143       9.95999858E-01
 B1      1436      0.50000      0.19000      0.69000       9.96007449E-01
 B1      1437      0.50000      0.18857      0.68857       9.96014984E-01
 B1      1438      0.50000      0.18714      0.68714       9.96022456E-01
 B1      1439      0.50000      0.18571      0.68571       9.96029877E-01
 B1      1440      0.50000      0.18429      0.68429       9.96037235E-01
 B1      1441      0.50000      0.18286      0.68286       9.96044543E-01
 B1      1442      0.50000      0.18143      0.68143       9.96051788E-01
 B1      1443      0.50000      0.18000      0.68000       9.96058981E-01
 B1      1444      0.50000      0.17857      0.67857       9.96066118E-01
 B1      1445      0.50000      0.17714      0.67714       9.96073193E-01
 B1      1446      0.50000      0.17571      0.67571       9.96080216E-01
 B1      1447      0.50000      0.17429      0.67429       9.96087177E-01
 B1      1448      0.50000      0.17286      0.67286       9.96094087E-01
 B1      1449      0.50000      0.17143      0.67143       9.96100934E-01
 B1      1450      0.50000      0.17000      0.67000       9.96107730E-01
 B1      1451      0.50000      0.16857      0.66857       9.96114469E-01
 B1      1452      0.50000      0.16714      0.66714       9.96121147E-01
 B1      1453      0.50000      0.16571      0.66571       9.96127772E-01
 B1      1454      0.50000      0.16429      0.66429       9.96134336E-01
 B1      1455      0.50000      0.16286      0.66286       9.96140847E-01
 B1      1456      0.50000      0.16143      0.66143       9.96147298E-01
 B1      1457      0.50000      0.16000      0.66000       9.96153696E-01
 B1      1458      0.50000      0.15857      0.65857       9.96160037E-01
 B1      1459      0.50000      0.15714      0.65714       9.96166317E-01
 B1      1460      0.50000      0.15571      0.65571       9.96172544E-01
 B1      1461      0.50000      0.15429      0.65429       9.96178710E-01
 B1      1462      0.50000      0.15286      0.65286       9.96184824E-01
 B1      1463      0.50000      0.15143      0.65143       9.96190877E-01
 B1      1464      0.50000      0.15000      0.65000       9.96196877E-01
 B1      1465      0.50000      0.14857      0.64857       9.96202821E-01
 B1      1466      0.50000      0.14714      0.64714       9.96208703E-01
 B1      1467      0.50000      0.14571      0.64571       9.96214532E-01
 B1      1468      0.50000      0.14429      0.64429       9.96220301E-01
 B1      1469      0.50000      0.14286      0.64286       9.96226017E-01
 B1      1470      0.50000      0.14143      0.64143       9.96231672E-01
 B1      1471      0.50000      0.14000      0.64000       9.96237275E-01
 B1      1472      0.50000      0.13857      0.63857       9.96242820E-01
 B1      1473      0.50000      0.13714      0.63714       9.96248305E-01
 B1      1474      0.50000      0.13571      0.63571       9.96253736E-01
 B1      1475      0.50000      0.13429      0.63429       9.96259108E-01
 B1      1476      0.50000      0.13286      0.63286       9.96264426E-01
 B1      1477      0.50000      0.13143      0.63143       9.96269683E-01
 B1      1478      0.50000      0.13000      0.63000       9.96274887E-01
 B1      1479      0.50000      0.12857      0.62857       9.96280035E-01
 B1      1480      0.50000      0.12714      0.62714       9.96285122E-01
 B1      1481      0.50000      0.12571      0.62571       9.96290156E-01
 B1      1482      0.50000      0.12429      0.62429       9.96295129E-01
 B1      1483      0.50000      0.12286      0.62286       9.96300049E-01
 B1      1484      0.50000      0.12143      0.62143       9.96304909E-01
 B1      1485      0.50000      0.12000      0.62000       9.96309715E-01
 B1      1486      0.50000      0.11857      0.61857       9.96314465E-01
 B1      1487      0.50000      0.11714      0.61714       9.96319154E-01
 B1      1488      0.50000      0.11571      0.61571       9.96323790E-01
 B1      1489      0.50000      0.11429      0.61429       9.96328366E-01
 B1      1490      0.50000      0.11286      0.61286       9.96332888E-01
 B1      1491      0.50000      0.11143      0.61143       9.96337350E-01
 B1      1492      0.50000      0.11000      0.61000       9.96341758E-01
 B1      1493      0.50000      0.10857      0.60857       9.96346110E-01
 B1      1494      0.50000      0.10714      0.60714       9.96350401E-01
 B1      1495      0.50000      0.10571      0.60571       9.96354639E-01
 B1      1496      0.50000      0.10429      0.60429       9.96358817E-01
 B1      1497      0.50000      0.10286      0.60286       9.96362941E-01
 B1      1498      0.50000      0.10143      0.60143       9.96367005E-01
 B1      1499      0.50000      0.10000      0.60000       9.96371015E-01
 B1      1500      0.50000      0.09857      0.59857       9.96374969E-01
 B1      1501      0.50000      0.09714      0.59714       9.96378863E-01
 B1      1502      0.50000      0.09571      0.59571       9.96382702E-01
 B1      1503      0.50000      0.09429      0.59429       9.96386482E-01
 B1      1504      0.50000      0.09286      0.59286       9.96390208E-01
 B1      1505      0.50000      0.09143      0.59143       9.96393875E-01
 B1      1506      0.50000      0.09000      0.59000       9.96397487E-01
 B1      1507      0.50000      0.08857      0.58857       9.96401042E-01
 B1      1508      0.50000      0.08714      0.58714       9.96404538E-01
 B1      1509      0.50000      0.08571      0.58571       9.96407980E-01
 B1      1510      0.50000      0.08429      0.58429       9.96411362E-01
 B1      1511      0.50000      0.08286      0.58286       9.96414690E-01
 B1      1512      0.50000      0.08143      0.58143       9.96417959E-01
 B1      1513      0.50000      0.08000      0.58000       9.96421173E-01
 B1      1514      0.50000      0.07857      0.57857       9.96424330E-01
 B1      1515      0.50000      0.07714      0.57714       9.96427428E-01
 B1      1516      0.50000      0.07571      0.57571       9.96430472E-01
 B1      1517      0.50000      0.07429      0.57429       9.96433456E-01
 B1      1518      0.50000      0.07286      0.57286       9.96436386E-01
 B1      1519      0.50000      0.07143      0.57143       9.96439257E-01
 B1      1520      0.50000      0.07000      0.57000       9.96442073E-01
 B1      1521      0.50000      0.06857      0.56857       9.96444832E-01
 B1      1522      0.50000      0.06714      0.56714       9.96447532E-01
 B1      1523      0.50000      0.06571      0.56571       9.96450177E-01
 B1      1524      0.50000      0.06429      0.56429       9.96452764E-01
 B1      1525      0.50000      0.06286      0.56286       9.96455295E-01
 B1      1526      0.50000      0.06143      0.56143       9.96457768E-01
 B1      1527      0.50000      0.06000      0.56000       9.96460186E-01
 B1      1528      0.50000      0.05857      0.55857       9.96462547E-01
 B1      1529      0.50000      0.05714      0.55714       9.96464849E-01
 B1      1530      0.50000      0.05571      0.55571       9.96467096E-01
 B1      1531      0.50000      0.05429      0.55429       9.96469285E-01
 B1      1532      0.50000      0.05286      0.55286       9.96471418E-01
 B1      1533      0.50000      0.05143      0.55143       9.96473493E-01
 B1      1534      0.50000      0.05000      0.55000       9.96475513E-01
 B1      1535      0.50000      0.04857      0.54857       9.96477476E-01
 B1      1536      0.50000      0.04714      0.54714       9.96479380E-01
 B1      1537      0.50000      0.04571      0.54571       9.96481229E-01
 B1      1538      0.50000      0.04429      0.54429       9.96483020E-01
 B1      1539      0.50000      0.04286      0.54286       9.96484755E-01
 B1      1540      0.50000      0.04143      0.54143       9.96486432E-01
 B1      1541      0.50000      0.04000      0.54000       9.96488053E-01
 B1      1542      0.50000      0.03857      0.53857       9.96489618E-01
 B1      1543      0.50000      0.03714      0.53714       9.96491124E-01
 B1      1544      0.50000      0.03571      0.53571       9.96492575E-01
 B1      1545      0.50000      0.03429      0.53429       9.96493968E-01
 B1      1546      0.50000      0.03286      0.53286       9.96495305E-01
 B1      1547      0.50000      0.03143      0.53143       9.96496584E-01
 B1      1548      0.50000      0.03000      0.53000       9.96497807E-01
 B1      1549      0.50000      0.02857      0.52857       9.96498973E-01
 B1      1550      0.50000      0.02714      0.52714       9.96500082E-01
 B1      1551      0.50000      0.02571      0.52571       9.96501135E-01
 B1      1552      0.50000      0.02429      0.52429       9.96502129E-01
 B1      1553      0.50000      0.02286      0.52286       9.96503068E-01
 B1      1554      0.50000      0.02143      0.52143       9.96503949E-01
 B1      1555      0.50000      0.02000      0.52000       9.96504774E-01
 B1      1556      0.50000      0.01857      0.51857       9.96505542E-01
 B1      1557      0.50000      0.01714      0.51714       9.96506253E-01
 B1      1558      0.50000      0.01571      0.51571       9.96506907E-01
 B1      1559      0.50000      0.01429      0.51429       9.96507504E-01
 B1      1560      0.50000      0.01286      0.51286       9.96508045E-01
 B1      1561      0.50000      0.01143      0.51143       9.96508528E-01
 B1      1562      0.50000      0.01000      0.51000       9.96508955E-01
 B1      1563      0.50000      0.00857      0.50857       9.96509324E-01
 B1      1564      0.50000      0.00714      0.50714       9.96509637E-01
 B1      1565      0.50000      0.00571      0.50571       9.96509893E-01
 B1      1566      0.50000      0.00429      0.50429       9.96510092E-01
 B1      1567      0.50000      0.00286      0.50286       9.96510234E-01
 B1      1568      0.50000      0.00143      0.50143       9.96510319E-01
 B1      1569      0.50000      0.00000      0.50000       9.96510348E-01
 
 N2         1      0.00000      0.00000      0.00000       1.00000000E+00
 N2         2      0.00143      0.00000      0.00143       9.99999976E-01
 N2         3      0.00286      0.00000      0.00286       9.99999903E-01
 N2         4      0.00430      0.00000      0.00430       9.99999781E-01
 N2         5      0.00573      0.00000      0.00573       9.99999611E-01
 N2         6      0.00716      0.00000      0.00716       9.99999392E-01
 N2         7      0.00860      0.00000      0.00860       9.99999124E-01
 N2         8      0.01003      0.00000      0.01003       9.99998808E-01
 N2         9      0.01146      0.00000      0.01146       9.99998443E-01
 N2        10      0.01289      0.00000      0.01289       9.99998029E-01
 N2        11      0.01433      0.00000      0.01433       9.99997566E-01
 N2        12      0.01576      0.00000      0.01576       9.99997056E-01
 N2        13      0.01719      0.00000      0.01719       9.99996496E-01
 N2        14      0.01862      0.00000      0.01862       9.99995887E-01
 N2        15      0.02006      0.00000      0.02006       9.99995231E-01
 N2        16      0.02149      0.00000      0.02149       9.99994525E-01
 N2        17      0.02292      0.00000      0.02292       9.99993770E-01
 N2        18      0.02436      0.00000      0.02436       9.99992968E-01
 N2        19      0.02579      0.00000      0.02579       9.99992116E-01
 N2        20      0.02722      0.00000      0.02722       9.99991215E-01
 N2        21      0.02865      0.00000      0.02865       9.99990267E-01
 N2        22      0.03009      0.00000      0.03009       9.99989269E-01
 N2        23      0.03152      0.00000      0.03152       9.99988222E-01
 N2        24      0.03295      0.00000      0.03295       9.99987128E-01
 N2        25      0.03438      0.00000      0.03438       9.99985984E-01
 N2        26      0.03582      0.00000      0.03582       9.99984791E-01
 N2        27      0.03725      0.00000      0.03725       9.99983551E-01
 N2        28      0.03868      0.00000      0.03868       9.99982261E-01
 N2        29      0.04011      0.00000      0.04011       9.99980922E-01
 N2        30      0.04155      0.00000      0.04155       9.99979536E-01
 N2        31      0.04298      0.00000      0.04298       9.99978100E-01
 N2        32      0.04441      0.00000      0.04441       9.99976615E-01
 N2        33      0.04584      0.00000      0.04584       9.99975083E-01
 N2        34      0.04728      0.00000      0.04728       9.99973501E-01
 N2        35      0.04871      0.00000      0.04871       9.99971870E-01
 N2        36      0.05014      0.00000      0.05014       9.99970192E-01
 N2        37      0.05158      0.00000      0.05158       9.99968464E-01
 N2        38      0.05301      0.00000      0.05301       9.99966687E-01
 N2        39      0.05444      0.00000      0.05444       9.99964863E-01
 N2        40      0.05587      0.00000      0.05587       9.99962989E-01
 N2        41      0.05731      0.00000      0.05731       9.99961066E-01
 N2        42      0.05874      0.00000      0.05874       9.99959096E-01
 N2        43      0.06017      0.00000      0.06017       9.99957076E-01
 N2        44      0.06161      0.00000      0.06161       9.99955007E-01
 N2        45      0.06304      0.00000      0.06304       9.99952891E-01
 N2        46      0.06447      0.00000      0.06447       9.99950725E-01
 N2        47      0.06590      0.00000      0.06590       9.99948510E-01
 N2        48      0.06734      0.00000      0.06734       9.99946248E-01
 N2        49      0.06877      0.00000      0.06877       9.99943936E-01
 N2        50      0.07020      0.00000      0.07020       9.99941575E-01
 N2        51      0.07163      0.00000      0.07163       9.99939168E-01
 N2        52      0.07307      0.00000      0.07307       9.99936709E-01
 N2        53      0.07450      0.00000      0.07450       9.99934203E-01
 N2        54      0.07593      0.00000      0.07593       9.99931649E-01
 N2        55      0.07736      0.00000      0.07736       9.99929045E-01
 N2        56      0.07880      0.00000      0.07880       9.99926392E-01
 N2        57      0.08023      0.00000      0.08023       9.99923692E-01
 N2        58      0.08166      0.00000      0.08166       9.99920942E-01
 N2        59      0.08310      0.00000      0.08310       9.99918143E-01
 N2        60      0.08453      0.00000      0.08453       9.99915298E-01
 N2        61      0.08596      0.00000      0.08596       9.99912402E-01
 N2        62      0.08739      0.00000      0.08739       9.99909457E-01
 N2        63      0.08883      0.00000      0.08883       9.99906465E-01
 N2        64      0.09026      0.00000      0.09026       9.99903423E-01
 N2        65      0.09169      0.00000      0.09169       9.99900332E-01
 N2        66      0.09312      0.00000      0.09312       9.99897195E-01
 N2        67      0.09456      0.00000      0.09456       9.99894007E-01
 N2        68      0.09599      0.00000      0.09599       9.99890770E-01
 N2        69      0.09742      0.00000      0.09742       9.99887487E-01
 N2        70      0.09885      0.00000      0.09885       9.99884153E-01
 N2        71      0.10029      0.00000      0.10029       9.99880770E-01
 N2        72      0.10172      0.00000      0.10172       9.99877341E-01
 N2        73      0.10315      0.00000      0.10315       9.99873861E-01
 N2        74      0.10458      0.00000      0.10458       9.99870332E-01
 N2        75      0.10602      0.00000      0.10602       9.99866757E-01
 N2        76      0.10745      0.00000      0.10745       9.99863131E-01
 N2        77      0.10888      0.00000      0.10888       9.99859456E-01
 N2        78      0.11031      0.00000      0.11031       9.99855735E-01
 N2        79      0.11175      0.00000      0.11175       9.99851963E-01
 N2        80      0.11318      0.00000      0.11318       9.99848142E-01
 N2        81      0.11461      0.00000      0.11461       9.99844276E-01
 N2        82      0.11605      0.00000      0.11605       9.99840358E-01
 N2        83      0.11748      0.00000      0.11748       9.99836391E-01
 N2        84      0.11891      0.00000      0.11891       9.99832378E-01
 N2        85      0.12034      0.00000      0.12034       9.99828314E-01
 N2        86      0.12178      0.00000      0.12178       9.99824202E-01
 N2        87      0.12321      0.00000      0.12321       9.99820043E-01
 N2        88      0.12464      0.00000      0.12464       9.99815833E-01
 N2        89      0.12607      0.00000      0.12607       9.99811578E-01
 N2        90      0.12751      0.00000      0.12751       9.99807270E-01
 N2        91      0.12894      0.00000      0.12894       9.99802914E-01
 N2        92      0.13037      0.00000      0.13037       9.99798513E-01
 N2        93      0.13181      0.00000      0.13181       9.99794060E-01
 N2        94      0.13324      0.00000      0.13324       9.99789558E-01
 N2        95      0.13467      0.00000      0.13467       9.99785010E-01
 N2        96      0.13610      0.00000      0.13610       9.99780411E-01
 N2        97      0.13754      0.00000      0.13754       9.99775763E-01
 N2        98      0.13897      0.00000      0.13897       9.99771070E-01
 N2        99      0.14040      0.00000      0.14040       9.99766325E-01
 N2       100      0.14183      0.00000      0.14183       9.99761531E-01
 N2       101      0.14327      0.00000      0.14327       9.99756692E-01
 N2       102      0.14470      0.00000      0.14470       9.99751801E-01
 N2       103      0.14613      0.00000      0.14613       9.99746862E-01
 N2       104      0.14756      0.00000      0.14756       9.99741877E-01
 N2       105      0.14900      0.00000      0.14900       9.99736840E-01
 N2       106      0.15043      0.00000      0.15043       9.99731754E-01
 N2       107      0.15186      0.00000      0.15186       9.99726624E-01
 N2       108      0.15329      0.00000      0.15329       9.99721441E-01
 N2       109      0.15473      0.00000      0.15473       9.99716209E-01
 N2       110      0.15616      0.00000      0.15616       9.99710933E-01
 N2       111      0.15759      0.00000      0.15759       9.99705604E-01
 N2       112      0.15903      0.00000      0.15903       9.99700226E-01
 N2       113      0.16046      0.00000      0.16046       9.99694804E-01
 N2       114      0.16189      0.00000      0.16189       9.99689329E-01
 N2       115      0.16332      0.00000      0.16332       9.99683806E-01
 N2       116      0.16476      0.00000      0.16476       9.99678238E-01
 N2       117      0.16619      0.00000      0.16619       9.99672617E-01
 N2       118      0.16762      0.00000      0.16762       9.99666948E-01
 N2       119      0.16905      0.00000      0.16905       9.99661234E-01
 N2       120      0.17049      0.00000      0.17049       9.99655468E-01
 N2       121      0.17192      0.00000      0.17192       9.99649653E-01
 N2       122      0.17335      0.00000      0.17335       9.99643793E-01
 N2       123      0.17478      0.00000      0.17478       9.99637880E-01
 N2       124      0.17622      0.00000      0.17622       9.99631919E-01
 N2       125      0.17765      0.00000      0.17765       9.99625914E-01
 N2       126      0.17908      0.00000      0.17908       9.99619856E-01
 N2       127      0.18052      0.00000      0.18052       9.99613749E-01
 N2       128      0.18195      0.00000      0.18195       9.99607598E-01
 N2       129      0.18338      0.00000      0.18338       9.99601394E-01
 N2       130      0.18481      0.00000      0.18481       9.99595141E-01
 N2       131      0.18625      0.00000      0.18625       9.99588844E-01
 N2       132      0.18768      0.00000      0.18768       9.99582494E-01
 N2       133      0.18911      0.00000      0.18911       9.99576095E-01
 N2       134      0.19054      0.00000      0.19054       9.99569652E-01
 N2       135      0.19198      0.00000      0.19198       9.99563157E-01
 N2       136      0.19341      0.00000      0.19341       9.99556612E-01
 N2       137      0.19484      0.00000      0.19484       9.99550024E-01
 N2       138      0.19628      0.00000      0.19628       9.99543382E-01
 N2       139      0.19771      0.00000      0.19771       9.99536692E-01
 N2       140      0.19914      0.00000      0.19914       9.99529957E-01
 N2       141      0.20057      0.00000      0.20057       9.99523170E-01
 N2       142      0.20201      0.00000      0.20201       9.99516334E-01
 N2       143      0.20344      0.00000      0.20344       9.99509454E-01
 N2       144      0.20487      0.00000      0.20487       9.99502521E-01
 N2       145      0.20630      0.00000      0.20630       9.99495539E-01
 N2       146      0.20774      0.00000      0.20774       9.99488513E-01
 N2       147      0.20917      0.00000      0.20917       9.99481434E-01
 N2       148      0.21060      0.00000      0.21060       9.99474306E-01
 N2       149      0.21203      0.00000      0.21203       9.99467135E-01
 N2       150      0.21347      0.00000      0.21347       9.99459910E-01
 N2       151      0.21490      0.00000      0.21490       9.99452636E-01
 N2       152      0.21633      0.00000      0.21633       9.99445319E-01
 N2       153      0.21776      0.00000      0.21776       9.99437948E-01
 N2       154      0.21920      0.00000      0.21920       9.99430529E-01
 N2       155      0.22063      0.00000      0.22063       9.99423066E-01
 N2       156      0.22206      0.00000      0.22206       9.99415550E-01
 N2       157      0.22350      0.00000      0.22350       9.99407984E-01
 N2       158      0.22493      0.00000      0.22493       9.99400376E-01
 N2       159      0.22636      0.00000      0.22636       9.99392714E-01
 N2       160      0.22779      0.00000      0.22779       9.99385003E-01
 N2       161      0.22923      0.00000      0.22923       9.99377249E-01
 N2       162      0.23066      0.00000      0.23066       9.99369440E-01
 N2       163      0.23209      0.00000      0.23209       9.99361584E-01
 N2       164      0.23352      0.00000      0.23352       9.99353684E-01
 N2       165      0.23496      0.00000      0.23496       9.99345730E-01
 N2       166      0.23639      0.00000      0.23639       9.99337728E-01
 N2       167      0.23782      0.00000      0.23782       9.99329682E-01
 N2       168      0.23925      0.00000      0.23925       9.99321583E-01
 N2       169      0.24069      0.00000      0.24069       9.99313434E-01
 N2       170      0.24212      0.00000      0.24212       9.99305243E-01
 N2       171      0.24355      0.00000      0.24355       9.99296998E-01
 N2       172      0.24499      0.00000      0.24499       9.99288704E-01
 N2       173      0.24642      0.00000      0.24642       9.99280367E-01
 N2       174      0.24785      0.00000      0.24785       9.99271976E-01
 N2       175      0.24928      0.00000      0.24928       9.99263537E-01
 N2       176      0.25072      0.00000      0.25072       9.99255054E-01
 N2       177      0.25215      0.00000      0.25215       9.99246518E-01
 N2       178      0.25358      0.00000      0.25358       9.99237932E-01
 N2       179      0.25501      0.00000      0.25501       9.99229304E-01
 N2       180      0.25645      0.00000      0.25645       9.99220622E-01
 N2       181      0.25788      0.00000      0.25788       9.99211891E-01
 N2       182      0.25931      0.00000      0.25931       9.99203117E-01
 N2       183      0.26075      0.00000      0.26075       9.99194289E-01
 N2       184      0.26218      0.00000      0.26218       9.99185412E-01
 N2       185      0.26361      0.00000      0.26361       9.99176493E-01
 N2       186      0.26504      0.00000      0.26504       9.99167519E-01
 N2       187      0.26648      0.00000      0.26648       9.99158497E-01
 N2       188      0.26791      0.00000      0.26791       9.99149432E-01
 N2       189      0.26934      0.00000      0.26934       9.99140313E-01
 N2       190      0.27077      0.00000      0.27077       9.99131145E-01
 N2       191      0.27221      0.00000      0.27221       9.99121935E-01
 N2       192      0.27364      0.00000      0.27364       9.99112669E-01
 N2       193      0.27507      0.00000      0.27507       9.99103356E-01
 N2       194      0.27650      0.00000      0.27650       9.99094000E-01
 N2       195      0.27794      0.00000      0.27794       9.99084589E-01
 N2       196      0.27937      0.00000      0.27937       9.99075130E-01
 N2       197      0.28080      0.00000      0.28080       9.99065628E-01
 N2       198      0.28224      0.00000      0.28224       9.99056072E-01
 N2       199      0.28367      0.00000      0.28367       9.99046467E-01
 N2       200      0.28510      0.00000      0.28510       9.99036820E-01
 N2       201      0.28653      0.00000      0.28653       9.99027118E-01
 N2       202      0.28797      0.00000      0.28797       9.99017367E-01
 N2       203      0.28940      0.00000      0.28940       9.99007575E-01
 N2       204      0.29083      0.00000      0.29083       9.98997727E-01
 N2       205      0.29226      0.00000      0.29226       9.98987831E-01
 N2       206      0.29370      0.00000      0.29370       9.98977893E-01
 N2       207      0.29513      0.00000      0.29513       9.98967900E-01
 N2       208      0.29656      0.00000      0.29656       9.98957858E-01
 N2       209      0.29799      0.00000      0.29799       9.98947775E-01
 N2       210      0.29943      0.00000      0.29943       9.98937636E-01
 N2       211      0.30086      0.00000      0.30086       9.98927449E-01
 N2       212      0.30229      0.00000      0.30229       9.98917220E-01
 N2       213      0.30373      0.00000      0.30373       9.98906935E-01
 N2       214      0.30516      0.00000      0.30516       9.98896602E-01
 N2       215      0.30659      0.00000      0.30659       9.98886228E-01
 N2       216      0.30802      0.00000      0.30802       9.98875798E-01
 N2       217      0.30946      0.00000      0.30946       9.98865320E-01
 N2       218      0.31089      0.00000      0.31089       9.98854800E-01
 N2       219      0.31232      0.00000      0.31232       9.98844224E-01
 N2       220      0.31375      0.00000      0.31375       9.98833600E-01
 N2       221      0.31519      0.00000      0.31519       9.98822935E-01
 N2       222      0.31662      0.00000      0.31662       9.98812214E-01
 N2       223      0.31805      0.00000      0.31805       9.98801445E-01
 N2       224      0.31948      0.00000      0.31948       9.98790634E-01
 N2       225      0.32092      0.00000      0.32092       9.98779767E-01
 N2       226      0.32235      0.00000      0.32235       9.98768852E-01
 N2       227      0.32378      0.00000      0.32378       9.98757896E-01
 N2       228      0.32521      0.00000      0.32521       9.98746884E-01
 N2       229      0.32665      0.00000      0.32665       9.98735824E-01
 N2       230      0.32808      0.00000      0.32808       9.98724723E-01
 N2       231      0.32951      0.00000      0.32951       9.98713565E-01
 N2       232      0.33095      0.00000      0.33095       9.98702359E-01
 N2       233      0.33238      0.00000      0.33238       9.98691112E-01
 N2       234      0.33381      0.00000      0.33381       9.98679809E-01
 N2       235      0.33524      0.00000      0.33524       9.98668458E-01
 N2       236      0.33668      0.00000      0.33668       9.98657066E-01
 N2       237      0.33811      0.00000      0.33811       9.98645617E-01
 N2       238      0.33954      0.00000      0.33954       9.98634120E-01
 N2       239      0.34097      0.00000      0.34097       9.98622583E-01
 N2       240      0.34241      0.00000      0.34241       9.98610989E-01
 N2       241      0.34384      0.00000      0.34384       9.98599346E-01
 N2       242      0.34527      0.00000      0.34527       9.98587664E-01
 N2       243      0.34670      0.00000      0.34670       9.98575924E-01
 N2       244      0.34814      0.00000      0.34814       9.98564137E-01
 N2       245      0.34957      0.00000      0.34957       9.98552309E-01
 N2       246      0.35100      0.00000      0.35100       9.98540424E-01
 N2       247      0.35244      0.00000      0.35244       9.98528491E-01
 N2       248      0.35387      0.00000      0.35387       9.98516517E-01
 N2       249      0.35530      0.00000      0.35530       9.98504487E-01
 N2       250      0.35673      0.00000      0.35673       9.98492409E-01
 N2       251      0.35817      0.00000      0.35817       9.98480290E-01
 N2       252      0.35960      0.00000      0.35960       9.98468114E-01
 N2       253      0.36103      0.00000      0.36103       9.98455890E-01
 N2       254      0.36246      0.00000      0.36246       9.98443627E-01
 N2       255      0.36390      0.00000      0.36390       9.98431306E-01
 N2       256      0.36533      0.00000      0.36533       9.98418936E-01
 N2       257      0.36676      0.00000      0.36676       9.98406527E-01
 N2       258      0.36819      0.00000      0.36819       9.98394061E-01
 N2       259      0.36963      0.00000      0.36963       9.98381546E-01
 N2       260      0.37106      0.00000      0.37106       9.98368992E-01
 N2       261      0.37249      0.00000      0.37249       9.98356380E-01
 N2       262      0.37393      0.00000      0.37393       9.98343720E-01
 N2       263      0.37536      0.00000      0.37536       9.98331021E-01
 N2       264      0.37679      0.00000      0.37679       9.98318264E-01
 N2       265      0.37822      0.00000      0.37822       9.98305468E-01
 N2       266      0.37966      0.00000      0.37966       9.98292614E-01
 N2       267      0.38109      0.00000      0.38109       9.98279712E-01
 N2       268      0.38252      0.00000      0.38252       9.98266770E-01
 N2       269      0.38395      0.00000      0.38395       9.98253771E-01
 N2       270      0.38539      0.00000      0.38539       9.98240724E-01
 N2       271      0.38682      0.00000      0.38682       9.98227637E-01
 N2       272      0.38825      0.00000      0.38825       9.98214493E-01
 N2       273      0.38969      0.00000      0.38969       9.98201300E-01
 N2       274      0.39112      0.00000      0.39112       9.98188068E-01
 N2       275      0.39255      0.00000      0.39255       9.98174779E-01
 N2       276      0.39398      0.00000      0.39398       9.98161441E-01
 N2       277      0.39542      0.00000      0.39542       9.98148064E-01
 N2       278      0.39685      0.00000      0.39685       9.98134629E-01
 N2       279      0.39828      0.00000      0.39828       9.98121146E-01
 N2       280      0.39971      0.00000      0.39971       9.98107624E-01
 N2       281      0.40115      0.00000      0.40115       9.98094044E-01
 N2       282      0.40258      0.00000      0.40258       9.98080415E-01
 N2       283      0.40401      0.00000      0.40401       9.98066748E-01
 N2       284      0.40544      0.00000      0.40544       9.98053023E-01
 N2       285      0.40688      0.00000      0.40688       9.98039249E-01
 N2       286      0.40831      0.00000      0.40831       9.98025437E-01
 N2       287      0.40974      0.00000      0.40974       9.98011567E-01
 N2       288      0.41118      0.00000      0.41118       9.97997648E-01
 N2       289      0.41261      0.00000      0.41261       9.97983690E-01
 N2       290      0.41404      0.00000      0.41404       9.97969675E-01
 N2       291      0.41547      0.00000      0.41547       9.97955611E-01
 N2       292      0.41691      0.00000      0.41691       9.97941509E-01
 N2       293      0.41834      0.00000      0.41834       9.97927348E-01
 N2       294      0.41977      0.00000      0.41977       9.97913139E-01
 N2       295      0.42120      0.00000      0.42120       9.97898891E-01
 N2       296      0.42264      0.00000      0.42264       9.97884586E-01
 N2       297      0.42407      0.00000      0.42407       9.97870231E-01
 N2       298      0.42550      0.00000      0.42550       9.97855839E-01
 N2       299      0.42693      0.00000      0.42693       9.97841388E-01
 N2       300      0.42837      0.00000      0.42837       9.97826889E-01
 N2       301      0.42980      0.00000      0.42980       9.97812351E-01
 N2       302      0.43123      0.00000      0.43123       9.97797755E-01
 N2       303      0.43267      0.00000      0.43267       9.97783111E-01
 N2       304      0.43410      0.00000      0.43410       9.97768429E-01
 N2       305      0.43553      0.00000      0.43553       9.97753688E-01
 N2       306      0.43696      0.00000      0.43696       9.97738898E-01
 N2       307      0.43839      0.00000      0.43839       9.97724071E-01
 N2       308      0.43983      0.00000      0.43983       9.97709185E-01
 N2       309      0.44126      0.00000      0.44126       9.97694250E-01
 N2       310      0.44269      0.00000      0.44269       9.97679278E-01
 N2       311      0.44413      0.00000      0.44413       9.97664247E-01
 N2       312      0.44556      0.00000      0.44556       9.97649167E-01
 N2       313      0.44699      0.00000      0.44699       9.97634050E-01
 N2       314      0.44842      0.00000      0.44842       9.97618874E-01
 N2       315      0.44986      0.00000      0.44986       9.97603650E-01
 N2       316      0.45129      0.00000      0.45129       9.97588387E-01
 N2       317      0.45272      0.00000      0.45272       9.97573066E-01
 N2       318      0.45415      0.00000      0.45415       9.97557697E-01
 N2       319      0.45559      0.00000      0.45559       9.97542290E-01
 N2       320      0.45702      0.00000      0.45702       9.97526824E-01
 N2       321      0.45845      0.00000      0.45845       9.97511309E-01
 N2       322      0.45988      0.00000      0.45988       9.97495758E-01
 N2       323      0.46132      0.00000      0.46132       9.97480146E-01
 N2       324      0.46275      0.00000      0.46275       9.97464487E-01
 N2       325      0.46418      0.00000      0.46418       9.97448790E-01
 N2       326      0.46562      0.00000      0.46562       9.97433035E-01
 N2       327      0.46705      0.00000      0.46705       9.97417230E-01
 N2       328      0.46848      0.00000      0.46848       9.97401389E-01
 N2       329      0.46991      0.00000      0.46991       9.97385488E-01
 N2       330      0.47135      0.00000      0.47135       9.97369539E-01
 N2       331      0.47278      0.00000      0.47278       9.97353552E-01
 N2       332      0.47421      0.00000      0.47421       9.97337507E-01
 N2       333      0.47564      0.00000      0.47564       9.97321413E-01
 N2       334      0.47708      0.00000      0.47708       9.97305282E-01
 N2       335      0.47851      0.00000      0.47851       9.97289091E-01
 N2       336      0.47994      0.00000      0.47994       9.97272852E-01
 N2       337      0.48137      0.00000      0.48137       9.97256576E-01
 N2       338      0.48281      0.00000      0.48281       9.97240241E-01
 N2       339      0.48424      0.00000      0.48424       9.97223857E-01
 N2       340      0.48567      0.00000      0.48567       9.97207436E-01
 N2       341      0.48711      0.00000      0.48711       9.97190956E-01
 N2       342      0.48854      0.00000      0.48854       9.97174428E-01
 N2       343      0.48997      0.00000      0.48997       9.97157862E-01
 N2       344      0.49140      0.00000      0.49140       9.97141237E-01
 N2       345      0.49284      0.00000      0.49284       9.97124564E-01
 N2       346      0.49427      0.00000      0.49427       9.97107854E-01
 N2       347      0.49570      0.00000      0.49570       9.97091084E-01
 N2       348      0.49713      0.00000      0.49713       9.97074266E-01
 N2       349      0.49857      0.00000      0.49857       9.97057411E-01
 N2       350      0.50000      0.00000      0.50000       9.97040497E-01
 N2       351      0.50101      0.00202      0.50101       9.97040473E-01
 N2       352      0.50202      0.00403      0.50202       9.97040401E-01
 N2       353      0.50302      0.00605      0.50302       9.97040281E-01
 N2       354      0.50403      0.00806      0.50403       9.97040118E-01
 N2       355      0.50504      0.01008      0.50504       9.97039902E-01
 N2       356      0.50605      0.01210      0.50605       9.97039638E-01
 N2       357      0.50706      0.01411      0.50706       9.97039326E-01
 N2       358      0.50806      0.01613      0.50806       9.97038953E-01
 N2       359      0.50907      0.01815      0.50907       9.97038545E-01
 N2       360      0.51008      0.02016      0.51008       9.97038089E-01
 N2       361      0.51109      0.02218      0.51109       9.97037584E-01
 N2       362      0.51210      0.02419      0.51210       9.97037037E-01
 N2       363      0.51311      0.02621      0.51311       9.97036437E-01
 N2       364      0.51411      0.02823      0.51411       9.97035788E-01
 N2       365      0.51512      0.03024      0.51512       9.97035091E-01
 N2       366      0.51613      0.03226      0.51613       9.97034347E-01
 N2       367      0.51714      0.03427      0.51714       9.97033554E-01
 N2       368      0.51814      0.03629      0.51814       9.97032713E-01
 N2       369      0.51915      0.03831      0.51915       9.97031824E-01
 N2       370      0.52016      0.04032      0.52016       9.97030893E-01
 N2       371      0.52117      0.04234      0.52117       9.97029908E-01
 N2       372      0.52218      0.04435      0.52218       9.97028875E-01
 N2       373      0.52319      0.04637      0.52319       9.97027794E-01
 N2       374      0.52419      0.04839      0.52419       9.97026653E-01
 N2       375      0.52520      0.05040      0.52520       9.97025476E-01
 N2       376      0.52621      0.05242      0.52621       9.97024251E-01
 N2       377      0.52722      0.05443      0.52722       9.97022978E-01
 N2       378      0.52823      0.05645      0.52823       9.97021662E-01
 N2       379      0.52923      0.05847      0.52923       9.97020293E-01
 N2       380      0.53024      0.06048      0.53024       9.97018876E-01
 N2       381      0.53125      0.06250      0.53125       9.97017410E-01
 N2       382      0.53226      0.06452      0.53226       9.97015897E-01
 N2       383      0.53327      0.06653      0.53327       9.97014335E-01
 N2       384      0.53427      0.06855      0.53427       9.97012726E-01
 N2       385      0.53528      0.07057      0.53528       9.97011074E-01
 N2       386      0.53629      0.07258      0.53629       9.97009368E-01
 N2       387      0.53730      0.07460      0.53730       9.97007614E-01
 N2       388      0.53831      0.07661      0.53831       9.97005813E-01
 N2       389      0.53931      0.07863      0.53931       9.97003951E-01
 N2       390      0.54032      0.08064      0.54032       9.97002054E-01
 N2       391      0.54133      0.08266      0.54133       9.97000108E-01
 N2       392      0.54234      0.08468      0.54234       9.96998114E-01
 N2       393      0.54335      0.08669      0.54335       9.96996077E-01
 N2       394      0.54436      0.08871      0.54436       9.96993987E-01
 N2       395      0.54536      0.09073      0.54536       9.96991850E-01
 N2       396      0.54637      0.09274      0.54637       9.96989664E-01
 N2       397      0.54738      0.09476      0.54738       9.96987430E-01
 N2       398      0.54839      0.09677      0.54839       9.96985148E-01
 N2       399      0.54939      0.09879      0.54939       9.96982818E-01
 N2       400      0.55040      0.10081      0.55040       9.96980440E-01
 N2       401      0.55141      0.10282      0.55141       9.96978018E-01
 N2       402      0.55242      0.10484      0.55242       9.96975544E-01
 N2       403      0.55343      0.10686      0.55343       9.96973022E-01
 N2       404      0.55444      0.10887      0.55444       9.96970452E-01
 N2       405      0.55544      0.11089      0.55544       9.96967822E-01
 N2       406      0.55645      0.11290      0.55645       9.96965155E-01
 N2       407      0.55746      0.11492      0.55746       9.96962441E-01
 N2       408      0.55847      0.11693      0.55847       9.96959679E-01
 N2       409      0.55948      0.11895      0.55948       9.96956873E-01
 N2       410      0.56048      0.12097      0.56048       9.96954015E-01
 N2       411      0.56149      0.12298      0.56149       9.96951108E-01
 N2       412      0.56250      0.12500      0.56250       9.96948154E-01
 N2       413      0.56351      0.12702      0.56351       9.96945151E-01
 N2       414      0.56452      0.12903      0.56452       9.96942101E-01
 N2       415      0.56552      0.13105      0.56552       9.96939002E-01
 N2       416      0.56653      0.13306      0.56653       9.96935860E-01
 N2       417      0.56754      0.13508      0.56754       9.96932665E-01
 N2       418      0.56855      0.13710      0.56855       9.96929422E-01
 N2       419      0.56956      0.13911      0.56956       9.96926132E-01
 N2       420      0.57056      0.14113      0.57056       9.96922781E-01
 N2       421      0.57157      0.14314      0.57157       9.96919395E-01
 N2       422      0.57258      0.14516      0.57258       9.96915960E-01
 N2       423      0.57359      0.14718      0.57359       9.96912477E-01
 N2       424      0.57460      0.14919      0.57460       9.96908950E-01
 N2       425      0.57561      0.15121      0.57561       9.96905372E-01
 N2       426      0.57661      0.15323      0.57661       9.96901745E-01
 N2       427      0.57762      0.15524      0.57762       9.96898070E-01
 N2       428      0.57863      0.15726      0.57863       9.96894347E-01
 N2       429      0.57964      0.15927      0.57964       9.96890576E-01
 N2       430      0.58064      0.16129      0.58064       9.96886757E-01
 N2       431      0.58165      0.16331      0.58165       9.96882890E-01
 N2       432      0.58266      0.16532      0.58266       9.96878979E-01
 N2       433      0.58367      0.16734      0.58367       9.96875016E-01
 N2       434      0.58468      0.16936      0.58468       9.96871005E-01
 N2       435      0.58569      0.17137      0.58569       9.96866946E-01
 N2       436      0.58669      0.17339      0.58669       9.96862827E-01
 N2       437      0.58770      0.17540      0.58770       9.96858672E-01
 N2       438      0.58871      0.17742      0.58871       9.96854469E-01
 N2       439      0.58972      0.17944      0.58972       9.96850218E-01
 N2       440      0.59073      0.18145      0.59073       9.96845922E-01
 N2       441      0.59173      0.18347      0.59173       9.96841575E-01
 N2       442      0.59274      0.18548      0.59274       9.96837180E-01
 N2       443      0.59375      0.18750      0.59375       9.96832737E-01
 N2       444      0.59476      0.18952      0.59476       9.96828245E-01
 N2       445      0.59577      0.19153      0.59577       9.96823706E-01
 N2       446      0.59677      0.19355      0.59677       9.96819119E-01
 N2       447      0.59778      0.19556      0.59778       9.96814487E-01
 N2       448      0.59879      0.19758      0.59879       9.96809804E-01
 N2       449      0.59980      0.19960      0.59980       9.96805073E-01
 N2       450      0.60081      0.20161      0.60081       9.96800293E-01
 N2       451      0.60181      0.20363      0.60181       9.96795454E-01
 N2       452      0.60282      0.20564      0.60282       9.96790579E-01
 N2       453      0.60383      0.20766      0.60383       9.96785656E-01
 N2       454      0.60484      0.20968      0.60484       9.96780684E-01
 N2       455      0.60585      0.21169      0.60585       9.96775668E-01
 N2       456      0.60686      0.21371      0.60686       9.96770601E-01
 N2       457      0.60786      0.21573      0.60786       9.96765486E-01
 N2       458      0.60887      0.21774      0.60887       9.96760322E-01
 N2       459      0.60988      0.21976      0.60988       9.96755111E-01
 N2       460      0.61089      0.22177      0.61089       9.96749852E-01
 N2       461      0.61189      0.22379      0.61189       9.96744544E-01
 N2       462      0.61290      0.22581      0.61290       9.96739189E-01
 N2       463      0.61391      0.22782      0.61391       9.96733789E-01
 N2       464      0.61492      0.22984      0.61492       9.96728338E-01
 N2       465      0.61593      0.23186      0.61593       9.96722838E-01
 N2       466      0.61694      0.23387      0.61694       9.96717291E-01
 N2       467      0.61794      0.23589      0.61794       9.96711684E-01
 N2       468      0.61895      0.23790      0.61895       9.96706040E-01
 N2       469      0.61996      0.23992      0.61996       9.96700349E-01
 N2       470      0.62097      0.24194      0.62097       9.96694610E-01
 N2       471      0.62198      0.24395      0.62198       9.96688825E-01
 N2       472      0.62298      0.24597      0.62298       9.96682990E-01
 N2       473      0.62399      0.24798      0.62399       9.96677107E-01
 N2       474      0.62500      0.25000      0.62500       9.96671175E-01
 N2       475      0.37500      0.37500      0.75000       9.96671175E-01
 N2       476      0.37399      0.37399      0.74797       9.96689115E-01
 N2       477      0.37297      0.37297      0.74595       9.96707006E-01
 N2       478      0.37196      0.37196      0.74392       9.96724849E-01
 N2       479      0.37095      0.37095      0.74189       9.96742643E-01
 N2       480      0.36993      0.36993      0.73986       9.96760390E-01
 N2       481      0.36892      0.36892      0.73784       9.96778088E-01
 N2       482      0.36790      0.36790      0.73581       9.96795738E-01
 N2       483      0.36689      0.36689      0.73378       9.96813339E-01
 N2       484      0.36588      0.36588      0.73176       9.96830893E-01
 N2       485      0.36486      0.36486      0.72973       9.96848398E-01
 N2       486      0.36385      0.36385      0.72770       9.96865855E-01
 N2       487      0.36284      0.36284      0.72568       9.96883263E-01
 N2       488      0.36182      0.36182      0.72365       9.96900624E-01
 N2       489      0.36081      0.36081      0.72162       9.96917936E-01
 N2       490      0.35980      0.35980      0.71959       9.96935200E-01
 N2       491      0.35878      0.35878      0.71757       9.96952415E-01
 N2       492      0.35777      0.35777      0.71554       9.96969583E-01
 N2       493      0.35676      0.35676      0.71351       9.96986702E-01
 N2       494      0.35574      0.35574      0.71149       9.97003781E-01
 N2       495      0.35473      0.35473      0.70946       9.97020804E-01
 N2       496      0.35372      0.35372      0.70743       9.97037778E-01
 N2       497      0.35270      0.35270      0.70540       9.97054704E-01
 N2       498      0.35169      0.35169      0.70338       9.97071582E-01
 N2       499      0.35068      0.35068      0.70135       9.97088411E-01
 N2       500      0.34966      0.34966      0.69932       9.97105192E-01
 N2       501      0.34865      0.34865      0.69730       9.97121925E-01
 N2       502      0.34764      0.34764      0.69527       9.97138609E-01
 N2       503      0.34662      0.34662      0.69324       9.97155246E-01
 N2       504      0.34561      0.34561      0.69122       9.97171834E-01
 N2       505      0.34459      0.34459      0.68919       9.97188373E-01
 N2       506      0.34358      0.34358      0.68716       9.97204865E-01
 N2       507      0.34257      0.34257      0.68514       9.97221308E-01
 N2       508      0.34155      0.34155      0.68311       9.97237702E-01
 N2       509      0.34054      0.34054      0.68108       9.97254049E-01
 N2       510      0.33953      0.33953      0.67905       9.97270347E-01
 N2       511      0.33851      0.33851      0.67703       9.97286597E-01
 N2       512      0.33750      0.33750      0.67500       9.97302798E-01
 N2       513      0.33649      0.33649      0.67297       9.97318951E-01
 N2       514      0.33547      0.33547      0.67095       9.97335056E-01
 N2       515      0.33446      0.33446      0.66892       9.97351113E-01
 N2       516      0.33345      0.33345      0.66689       9.97367121E-01
 N2       517      0.33243      0.33243      0.66487       9.97383081E-01
 N2       518      0.33142      0.33142      0.66284       9.97398992E-01
 N2       519      0.33041      0.33041      0.66081       9.97414856E-01
 N2       520      0.32939      0.32939      0.65878       9.97430670E-01
 N2       521      0.32838      0.32838      0.65676       9.97446437E-01
 N2       522      0.32737      0.32737      0.65473       9.97462155E-01
 N2       523      0.32635      0.32635      0.65270       9.97477825E-01
 N2       524      0.32534      0.32534      0.65068       9.97493447E-01
 N2       525      0.32432      0.32432      0.64865       9.97509020E-01
 N2       526      0.32331      0.32331      0.64662       9.97524545E-01
 N2       527      0.32230      0.32230      0.64460       9.97540021E-01
 N2       528      0.32128      0.32128      0.64257       9.97555449E-01
 N2       529      0.32027      0.32027      0.64054       9.97570829E-01
 N2       530      0.31926      0.31926      0.63851       9.97586160E-01
 N2       531      0.31824      0.31824      0.63649       9.97601451E-01
 N2       532      0.31723      0.31723      0.63446       9.97616686E-01
 N2       533      0.31622      0.31622      0.63243       9.97631872E-01
 N2       534      0.31520      0.31520      0.63040       9.97647010E-01
 N2       535      0.31419      0.31419      0.62838       9.97662099E-01
 N2       536      0.31318      0.31318      0.62635       9.97677141E-01
 N2       537      0.31216      0.31216      0.62432       9.97692134E-01
 N2       538      0.31115      0.31115      0.62230       9.97707078E-01
 N2       539      0.31013      0.31013      0.62027       9.97721974E-01
 N2       540      0.30912      0.30912      0.61824       9.97736822E-01
 N2       541      0.30811      0.30811      0.61622       9.97751621E-01
 N2       542      0.30710      0.30710      0.61419       9.97766372E-01
 N2       543      0.30608      0.30608      0.61216       9.97781075E-01
 N2       544      0.30507      0.30507      0.61013       9.97795729E-01
 N2       545      0.30405      0.30405      0.60811       9.97810335E-01
 N2       546      0.30304      0.30304      0.60608       9.97824892E-01
 N2       547      0.30203      0.30203      0.60405       9.97839401E-01
 N2       548      0.30101      0.30101      0.60203       9.97853862E-01
 N2       549      0.30000      0.30000      0.60000       9.97868274E-01
 N2       550      0.29899      0.29899      0.59797       9.97882638E-01
 N2       551      0.29797      0.29797      0.59595       9.97896953E-01
 N2       552      0.29696      0.29696      0.59392       9.97911220E-01
 N2       553      0.29595      0.29595      0.59189       9.97925438E-01
 N2       554      0.29493      0.29493      0.58986       9.97939609E-01
 N2       555      0.29392      0.29392      0.58784       9.97953730E-01
 N2       556      0.29291      0.29291      0.58581       9.97967804E-01
 N2       557      0.29189      0.29189      0.58378       9.97981829E-01
 N2       558      0.29088      0.29088      0.58176       9.97995805E-01
 N2       559      0.28986      0.28986      0.57973       9.98009733E-01
 N2       560      0.28885      0.28885      0.57770       9.98023613E-01
 N2       561      0.28784      0.28784      0.57568       9.98037444E-01
 N2       562      0.28682      0.28682      0.57365       9.98051227E-01
 N2       563      0.28581      0.28581      0.57162       9.98064962E-01
 N2       564      0.28480      0.28480      0.56959       9.98078648E-01
 N2       565      0.28378      0.28378      0.56757       9.98092285E-01
 N2       566      0.28277      0.28277      0.56554       9.98105874E-01
 N2       567      0.28176      0.28176      0.56351       9.98119415E-01
 N2       568      0.28074      0.28074      0.56149       9.98132914E-01
 N2       569      0.27973      0.27973      0.55946       9.98146358E-01
 N2       570      0.27872      0.27872      0.55743       9.98159753E-01
 N2       571      0.27770      0.27770      0.55541       9.98173100E-01
 N2       572      0.27669      0.27669      0.55338       9.98186398E-01
 N2       573      0.27568      0.27568      0.55135       9.98199648E-01
 N2       574      0.27466      0.27466      0.54932       9.98212850E-01
 N2       575      0.27365      0.27365      0.54730       9.98226003E-01
 N2       576      0.27264      0.27264      0.54527       9.98239108E-01
 N2       577      0.27162      0.27162      0.54324       9.98252164E-01
 N2       578      0.27061      0.27061      0.54122       9.98265172E-01
 N2       579      0.26959      0.26959      0.53919       9.98278131E-01
 N2       580      0.26858      0.26858      0.53716       9.98291042E-01
 N2       581      0.26757      0.26757      0.53514       9.98303904E-01
 N2       582      0.26655      0.26655      0.53311       9.98316718E-01
 N2       583      0.26554      0.26554      0.53108       9.98329483E-01
 N2       584      0.26453      0.26453      0.52905       9.98342200E-01
 N2       585      0.26351      0.26351      0.52703       9.98354869E-01
 N2       586      0.26250      0.26250      0.52500       9.98367489E-01
 N2       587      0.26149      0.26149      0.52297       9.98380061E-01
 N2       588      0.26047      0.26047      0.52095       9.98392584E-01
 N2       589      0.25946      0.25946      0.51892       9.98405058E-01
 N2       590      0.25845      0.25845      0.51689       9.98417484E-01
 N2       591      0.25743      0.25743      0.51487       9.98429862E-01
 N2       592      0.25642      0.25642      0.51284       9.98442191E-01
 N2       593      0.25540      0.25540      0.51081       9.98454472E-01
 N2       594      0.25439      0.25439      0.50878       9.98466704E-01
 N2       595      0.25338      0.25338      0.50676       9.98478888E-01
 N2       596      0.25237      0.25237      0.50473       9.98491023E-01
 N2       597      0.25135      0.25135      0.50270       9.98503110E-01
 N2       598      0.25034      0.25034      0.50068       9.98515148E-01
 N2       599      0.24932      0.24932      0.49865       9.98527138E-01
 N2       600      0.24831      0.24831      0.49662       9.98539079E-01
 N2       601      0.24730      0.24730      0.49460       9.98550972E-01
 N2       602      0.24628      0.24628      0.49257       9.98562816E-01
 N2       603      0.24527      0.24527      0.49054       9.98574612E-01
 N2       604      0.24426      0.24426      0.48851       9.98586359E-01
 N2       605      0.24324      0.24324      0.48649       9.98598064E-01
 N2       606      0.24223      0.24223      0.48446       9.98609714E-01
 N2       607      0.24122      0.24122      0.48243       9.98621315E-01
 N2       608      0.24020      0.24020      0.48041       9.98632869E-01
 N2       609      0.23919      0.23919      0.47838       9.98644373E-01
 N2       610      0.23818      0.23818      0.47635       9.98655829E-01
 N2       611      0.23716      0.23716      0.47432       9.98667237E-01
 N2       612      0.23615      0.23615      0.47230       9.98678596E-01
 N2       613      0.23514      0.23514      0.47027       9.98689907E-01
 N2       614      0.23412      0.23412      0.46824       9.98701169E-01
 N2       615      0.23311      0.23311      0.46622       9.98712383E-01
 N2       616      0.23209      0.23209      0.46419       9.98723548E-01
 N2       617      0.23108      0.23108      0.46216       9.98734664E-01
 N2       618      0.23007      0.23007      0.46014       9.98745732E-01
 N2       619      0.22905      0.22905      0.45811       9.98756752E-01
 N2       620      0.22804      0.22804      0.45608       9.98767723E-01
 N2       621      0.22703      0.22703      0.45405       9.98778645E-01
 N2       622      0.22601      0.22601      0.45203       9.98789519E-01
 N2       623      0.22500      0.22500      0.45000       9.98800344E-01
 N2       624      0.22399      0.22399      0.44797       9.98811121E-01
 N2       625      0.22297      0.22297      0.44595       9.98821849E-01
 N2       626      0.22196      0.22196      0.44392       9.98832529E-01
 N2       627      0.22095      0.22095      0.44189       9.98843160E-01
 N2       628      0.21993      0.21993      0.43987       9.98853743E-01
 N2       629      0.21892      0.21892      0.43784       9.98864277E-01
 N2       630      0.21790      0.21790      0.43581       9.98874763E-01
 N2       631      0.21689      0.21689      0.43378       9.98885200E-01
 N2       632      0.21588      0.21588      0.43176       9.98895588E-01
 N2       633      0.21487      0.21487      0.42973       9.98905928E-01
 N2       634      0.21385      0.21385      0.42770       9.98916219E-01
 N2       635      0.21284      0.21284      0.42568       9.98926462E-01
 N2       636      0.21182      0.21182      0.42365       9.98936656E-01
 N2       637      0.21081      0.21081      0.42162       9.98946802E-01
 N2       638      0.20980      0.20980      0.41959       9.98956899E-01
 N2       639      0.20878      0.20878      0.41757       9.98966948E-01
 N2       640      0.20777      0.20777      0.41554       9.98976948E-01
 N2       641      0.20676      0.20676      0.41351       9.98986899E-01
 N2       642      0.20574      0.20574      0.41149       9.98996807E-01
 N2       643      0.20473      0.20473      0.40946       9.99006661E-01
 N2       644      0.20372      0.20372      0.40743       9.99016467E-01
 N2       645      0.20270      0.20270      0.40541       9.99026224E-01
 N2       646      0.20169      0.20169      0.40338       9.99035933E-01
 N2       647      0.20068      0.20068      0.40135       9.99045593E-01
 N2       648      0.19966      0.19966      0.39932       9.99055204E-01
 N2       649      0.19865      0.19865      0.39730       9.99064767E-01
 N2       650      0.19764      0.19764      0.39527       9.99074282E-01
 N2       651      0.19662      0.19662      0.39324       9.99083747E-01
 N2       652      0.19561      0.19561      0.39122       9.99093165E-01
 N2       653      0.19459      0.19459      0.38919       9.99102533E-01
 N2       654      0.19358      0.19358      0.38716       9.99111853E-01
 N2       655      0.19257      0.19257      0.38514       9.99121125E-01
 N2       656      0.19155      0.19155      0.38311       9.99130347E-01
 N2       657      0.19054      0.19054      0.38108       9.99139522E-01
 N2       658      0.18953      0.18953      0.37905       9.99148647E-01
 N2       659      0.18851      0.18851      0.37703       9.99157724E-01
 N2       660      0.18750      0.18750      0.37500       9.99166753E-01
 N2       661      0.18649      0.18649      0.37297       9.99175733E-01
 N2       662      0.18547      0.18547      0.37095       9.99184664E-01
 N2       663      0.18446      0.18446      0.36892       9.99193547E-01
 N2       664      0.18345      0.18345      0.36689       9.99202381E-01
 N2       665      0.18243      0.18243      0.36486       9.99211167E-01
 N2       666      0.18142      0.18142      0.36284       9.99219904E-01
 N2       667      0.18041      0.18041      0.36081       9.99228592E-01
 N2       668      0.17939      0.17939      0.35878       9.99237232E-01
 N2       669      0.17838      0.17838      0.35676       9.99245823E-01
 N2       670      0.17736      0.17736      0.35473       9.99254365E-01
 N2       671      0.17635      0.17635      0.35270       9.99262859E-01
 N2       672      0.17534      0.17534      0.35068       9.99271305E-01
 N2       673      0.17432      0.17432      0.34865       9.99279701E-01
 N2       674      0.17331      0.17331      0.34662       9.99288049E-01
 N2       675      0.17230      0.17230      0.34459       9.99296349E-01
 N2       676      0.17128      0.17128      0.34257       9.99304600E-01
 N2       677      0.17027      0.17027      0.34054       9.99312802E-01
 N2       678      0.16926      0.16926      0.33851       9.99320956E-01
 N2       679      0.16824      0.16824      0.33649       9.99329065E-01
 N2       680      0.16723      0.16723      0.33446       9.99337121E-01
 N2       681      0.16622      0.16622      0.33243       9.99345129E-01
 N2       682      0.16520      0.16520      0.33041       9.99353088E-01
 N2       683      0.16419      0.16419      0.32838       9.99360999E-01
 N2       684      0.16318      0.16318      0.32635       9.99368861E-01
 N2       685      0.16216      0.16216      0.32432       9.99376674E-01
 N2       686      0.16115      0.16115      0.32230       9.99384439E-01
 N2       687      0.16013      0.16013      0.32027       9.99392155E-01
 N2       688      0.15912      0.15912      0.31824       9.99399823E-01
 N2       689      0.15811      0.15811      0.31622       9.99407442E-01
 N2       690      0.15710      0.15710      0.31419       9.99415012E-01
 N2       691      0.15608      0.15608      0.31216       9.99422533E-01
 N2       692      0.15507      0.15507      0.31013       9.99430006E-01
 N2       693      0.15405      0.15405      0.30811       9.99437431E-01
 N2       694      0.15304      0.15304      0.30608       9.99444806E-01
 N2       695      0.15203      0.15203      0.30405       9.99452134E-01
 N2       696      0.15101      0.15101      0.30203       9.99459412E-01
 N2       697      0.15000      0.15000      0.30000       9.99466642E-01
 N2       698      0.14899      0.14899      0.29797       9.99473823E-01
 N2       699      0.14797      0.14797      0.29595       9.99480956E-01
 N2       700      0.14696      0.14696      0.29392       9.99488040E-01
 N2       701      0.14595      0.14595      0.29189       9.99495075E-01
 N2       702      0.14493      0.14493      0.28986       9.99502062E-01
 N2       703      0.14392      0.14392      0.28784       9.99509000E-01
 N2       704      0.14291      0.14291      0.28581       9.99515889E-01
 N2       705      0.14189      0.14189      0.28378       9.99522730E-01
 N2       706      0.14088      0.14088      0.28176       9.99529522E-01
 N2       707      0.13986      0.13986      0.27973       9.99536265E-01
 N2       708      0.13885      0.13885      0.27770       9.99542960E-01
 N2       709      0.13784      0.13784      0.27568       9.99549606E-01
 N2       710      0.13682      0.13682      0.27365       9.99556204E-01
 N2       711      0.13581      0.13581      0.27162       9.99562753E-01
 N2       712      0.13480      0.13480      0.26959       9.99569253E-01
 N2       713      0.13378      0.13378      0.26757       9.99575704E-01
 N2       714      0.13277      0.13277      0.26554       9.99582107E-01
 N2       715      0.13176      0.13176      0.26351       9.99588462E-01
 N2       716      0.13074      0.13074      0.26149       9.99594770E-01
 N2       717      0.12973      0.12973      0.25946       9.99601027E-01
 N2       718      0.12872      0.12872      0.25743       9.99607236E-01
 N2       719      0.12770      0.12770      0.25540       9.99613395E-01
 N2       720      0.12669      0.12669      0.25338       9.99619506E-01
 N2       721      0.12568      0.12568      0.25135       9.99625569E-01
 N2       722      0.12466      0.12466      0.24932       9.99631582E-01
 N2       723      0.12365      0.12365      0.24730       9.99637547E-01
 N2       724      0.12263      0.12263      0.24527       9.99643464E-01
 N2       725      0.12162      0.12162      0.24324       9.99649331E-01
 N2       726      0.12061      0.12061      0.24122       9.99655151E-01
 N2       727      0.11960      0.11960      0.23919       9.99660921E-01
 N2       728      0.11858      0.11858      0.23716       9.99666643E-01
 N2       729      0.11757      0.11757      0.23514       9.99672316E-01
 N2       730      0.11655      0.11655      0.23311       9.99677940E-01
 N2       731      0.11554      0.11554      0.23108       9.99683516E-01
 N2       732      0.11453      0.11453      0.22905       9.99689043E-01
 N2       733      0.11351      0.11351      0.22703       9.99694521E-01
 N2       734      0.11250      0.11250      0.22500       9.99699951E-01
 N2       735      0.11149      0.11149      0.22297       9.99705332E-01
 N2       736      0.11047      0.11047      0.22095       9.99710665E-01
 N2       737      0.10946      0.10946      0.21892       9.99715948E-01
 N2       738      0.10845      0.10845      0.21689       9.99721183E-01
 N2       739      0.10743      0.10743      0.21487       9.99726370E-01
 N2       740      0.10642      0.10642      0.21284       9.99731507E-01
 N2       741      0.10540      0.10540      0.21081       9.99736596E-01
 N2       742      0.10439      0.10439      0.20878       9.99741637E-01
 N2       743      0.10338      0.10338      0.20676       9.99746629E-01
 N2       744      0.10236      0.10236      0.20473       9.99751572E-01
 N2       745      0.10135      0.10135      0.20270       9.99756466E-01
 N2       746      0.10034      0.10034      0.20068       9.99761312E-01
 N2       747      0.09932      0.09932      0.19865       9.99766109E-01
 N2       748      0.09831      0.09831      0.19662       9.99770857E-01
 N2       749      0.09730      0.09730      0.19459       9.99775557E-01
 N2       750      0.09628      0.09628      0.19257       9.99780208E-01
 N2       751      0.09527      0.09527      0.19054       9.99784810E-01
 N2       752      0.09426      0.09426      0.18851       9.99789363E-01
 N2       753      0.09324      0.09324      0.18649       9.99793871E-01
 N2       754      0.09223      0.09223      0.18446       9.99798327E-01
 N2       755      0.09122      0.09122      0.18243       9.99802734E-01
 N2       756      0.09020      0.09020      0.18041       9.99807093E-01
 N2       757      0.08919      0.08919      0.17838       9.99811403E-01
 N2       758      0.08818      0.08818      0.17635       9.99815665E-01
 N2       759      0.08716      0.08716      0.17432       9.99819878E-01
 N2       760      0.08615      0.08615      0.17230       9.99824042E-01
 N2       761      0.08514      0.08514      0.17027       9.99828157E-01
 N2       762      0.08412      0.08412      0.16824       9.99832224E-01
 N2       763      0.08311      0.08311      0.16622       9.99836242E-01
 N2       764      0.08210      0.08210      0.16419       9.99840211E-01
 N2       765      0.08108      0.08108      0.16216       9.99844132E-01
 N2       766      0.08007      0.08007      0.16013       9.99848004E-01
 N2       767      0.07905      0.07905      0.15811       9.99851827E-01
 N2       768      0.07804      0.07804      0.15608       9.99855602E-01
 N2       769      0.07703      0.07703      0.15405       9.99859328E-01
 N2       770      0.07601      0.07601      0.15203       9.99863005E-01
 N2       771      0.07500      0.07500      0.15000       9.99866634E-01
 N2       772      0.07399      0.07399      0.14797       9.99870214E-01
 N2       773      0.07297      0.07297      0.14595       9.99873745E-01
 N2       774      0.07196      0.07196      0.14392       9.99877227E-01
 N2       775      0.07095      0.07095      0.14189       9.99880661E-01
 N2       776      0.06993      0.06993      0.13986       9.99884046E-01
 N2       777      0.06892      0.06892      0.13784       9.99887383E-01
 N2       778      0.06790      0.06790      0.13581       9.99890670E-01
 N2       779      0.06689      0.06689      0.13378       9.99893909E-01
 N2       780      0.06588      0.06588      0.13176       9.99897100E-01
 N2       781      0.06487      0.06487      0.12973       9.99900241E-01
 N2       782      0.06385      0.06385      0.12770       9.99903334E-01
 N2       783      0.06284      0.06284      0.12568       9.99906378E-01
 N2       784      0.06182      0.06182      0.12365       9.99909374E-01
 N2       785      0.06081      0.06081      0.12162       9.99912321E-01
 N2       786      0.05980      0.05980      0.11960       9.99915219E-01
 N2       787      0.05878      0.05878      0.11757       9.99918068E-01
 N2       788      0.05777      0.05777      0.11554       9.99920869E-01
 N2       789      0.05676      0.05676      0.11351       9.99923621E-01
 N2       790      0.05574      0.05574      0.11149       9.99926326E-01
 N2       791      0.05473      0.05473      0.10946       9.99928980E-01
 N2       792      0.05372      0.05372      0.10743       9.99931586E-01
 N2       793      0.05270      0.05270      0.10540       9.99934143E-01
 N2       794      0.05169      0.05169      0.10338       9.99936652E-01
 N2       795      0.05068      0.05068      0.10135       9.99939112E-01
 N2       796      0.04966      0.04966      0.09932       9.99941523E-01
 N2       797      0.04865      0.04865      0.09730       9.99943885E-01
 N2       798      0.04763      0.04763      0.09527       9.99946199E-01
 N2       799      0.04662      0.04662      0.09324       9.99948464E-01
 N2       800      0.04561      0.04561      0.09122       9.99950680E-01
 N2       801      0.04460      0.04460      0.08919       9.99952848E-01
 N2       802      0.04358      0.04358      0.08716       9.99954966E-01
 N2       803      0.04257      0.04257      0.08514       9.99957037E-01
 N2       804      0.04155      0.04155      0.08311       9.99959058E-01
 N2       805      0.04054      0.04054      0.08108       9.99961031E-01
 N2       806      0.03953      0.03953      0.07905       9.99962955E-01
 N2       807      0.03851      0.03851      0.07703       9.99964830E-01
 N2       808      0.03750      0.03750      0.07500       9.99966657E-01
 N2       809      0.03649      0.03649      0.07297       9.99968435E-01
 N2       810      0.03547      0.03547      0.07095       9.99970164E-01
 N2       811      0.03446      0.03446      0.06892       9.99971844E-01
 N2       812      0.03345      0.03345      0.06689       9.99973476E-01
 N2       813      0.03243      0.03243      0.06487       9.99975059E-01
 N2       814      0.03142      0.03142      0.06284       9.99976594E-01
 N2       815      0.03041      0.03041      0.06081       9.99978079E-01
 N2       816      0.02939      0.02939      0.05878       9.99979516E-01
 N2       817      0.02838      0.02838      0.05676       9.99980905E-01
 N2       818      0.02737      0.02737      0.05473       9.99982244E-01
 N2       819      0.02635      0.02635      0.05270       9.99983535E-01
 N2       820      0.02534      0.02534      0.05068       9.99984777E-01
 N2       821      0.02432      0.02432      0.04865       9.99985971E-01
 N2       822      0.02331      0.02331      0.04662       9.99987115E-01
 N2       823      0.02230      0.02230      0.04460       9.99988211E-01
 N2       824      0.02128      0.02128      0.04257       9.99989259E-01
 N2       825      0.02027      0.02027      0.04054       9.99990257E-01
 N2       826      0.01926      0.01926      0.03851       9.99991207E-01
 N2       827      0.01824      0.01824      0.03649       9.99992109E-01
 N2       828      0.01723      0.01723      0.03446       9.99992961E-01
 N2       829      0.01622      0.01622      0.03243       9.99993765E-01
 N2       830      0.01520      0.01520      0.03041       9.99994520E-01
 N2       831      0.01419      0.01419      0.02838       9.99995226E-01
 N2       832      0.01318      0.01318      0.02635       9.99995884E-01
 N2       833      0.01216      0.01216      0.02432       9.99996493E-01
 N2       834      0.01115      0.01115      0.02230       9.99997053E-01
 N2       835      0.01013      0.01013      0.02027       9.99997564E-01
 N2       836      0.00912      0.00912      0.01824       9.99998027E-01
 N2       837      0.00811      0.00811      0.01622       9.99998441E-01
 N2       838      0.00709      0.00709      0.01419       9.99998807E-01
 N2       839      0.00608      0.00608      0.01216       9.99999123E-01
 N2       840      0.00507      0.00507      0.01013       9.99999391E-01
 N2       841      0.00405      0.00405      0.00811       9.99999610E-01
 N2       842      0.00304      0.00304      0.00608       9.99999781E-01
 N2       843      0.00203      0.00203      0.00405       9.99999903E-01
 N2       844      0.00101      0.00101      0.00203       9.99999976E-01
 N2       845      0.00000      0.00000      0.00000       1.00000000E+00
 N2       846      0.00166      0.00166      0.00166       9.99999976E-01
 N2       847      0.00331      0.00331      0.00331       9.99999903E-01
 N2       848      0.00497      0.00497      0.00497       9.99999781E-01
 N2       849      0.00662      0.00662      0.00662       9.99999610E-01
 N2       850      0.00828      0.00828      0.00828       9.99999391E-01
 N2       851      0.00993      0.00993      0.00993       9.99999123E-01
 N2       852      0.01159      0.01159      0.01159       9.99998806E-01
 N2       853      0.01324      0.01324      0.01324       9.99998440E-01
 N2       854      0.01490      0.01490      0.01490       9.99998026E-01
 N2       855      0.01656      0.01656      0.01656       9.99997563E-01
 N2       856      0.01821      0.01821      0.01821       9.99997051E-01
 N2       857      0.01987      0.01987      0.01987       9.99996490E-01
 N2       858      0.02152      0.02152      0.02152       9.99995881E-01
 N2       859      0.02318      0.02318      0.02318       9.99995223E-01
 N2       860      0.02483      0.02483      0.02483       9.99994516E-01
 N2       861      0.02649      0.02649      0.02649       9.99993761E-01
 N2       862      0.02815      0.02815      0.02815       9.99992956E-01
 N2       863      0.02980      0.02980      0.02980       9.99992103E-01
 N2       864      0.03146      0.03146      0.03146       9.99991201E-01
 N2       865      0.03311      0.03311      0.03311       9.99990251E-01
 N2       866      0.03477      0.03477      0.03477       9.99989252E-01
 N2       867      0.03642      0.03642      0.03642       9.99988203E-01
 N2       868      0.03808      0.03808      0.03808       9.99987107E-01
 N2       869      0.03973      0.03973      0.03973       9.99985961E-01
 N2       870      0.04139      0.04139      0.04139       9.99984767E-01
 N2       871      0.04305      0.04305      0.04305       9.99983524E-01
 N2       872      0.04470      0.04470      0.04470       9.99982232E-01
 N2       873      0.04636      0.04636      0.04636       9.99980891E-01
 N2       874      0.04801      0.04801      0.04801       9.99979503E-01
 N2       875      0.04967      0.04967      0.04967       9.99978064E-01
 N2       876      0.05133      0.05133      0.05133       9.99976577E-01
 N2       877      0.05298      0.05298      0.05298       9.99975042E-01
 N2       878      0.05464      0.05464      0.05464       9.99973458E-01
 N2       879      0.05629      0.05629      0.05629       9.99971826E-01
 N2       880      0.05795      0.05795      0.05795       9.99970143E-01
 N2       881      0.05960      0.05960      0.05960       9.99968413E-01
 N2       882      0.06126      0.06126      0.06126       9.99966634E-01
 N2       883      0.06291      0.06291      0.06291       9.99964806E-01
 N2       884      0.06457      0.06457      0.06457       9.99962929E-01
 N2       885      0.06623      0.06623      0.06623       9.99961004E-01
 N2       886      0.06788      0.06788      0.06788       9.99959030E-01
 N2       887      0.06954      0.06954      0.06954       9.99957007E-01
 N2       888      0.07119      0.07119      0.07119       9.99954935E-01
 N2       889      0.07285      0.07285      0.07285       9.99952815E-01
 N2       890      0.07450      0.07450      0.07450       9.99950646E-01
 N2       891      0.07616      0.07616      0.07616       9.99948428E-01
 N2       892      0.07781      0.07781      0.07781       9.99946161E-01
 N2       893      0.07947      0.07947      0.07947       9.99943846E-01
 N2       894      0.08113      0.08113      0.08113       9.99941482E-01
 N2       895      0.08278      0.08278      0.08278       9.99939070E-01
 N2       896      0.08444      0.08444      0.08444       9.99936608E-01
 N2       897      0.08609      0.08609      0.08609       9.99934097E-01
 N2       898      0.08775      0.08775      0.08775       9.99931539E-01
 N2       899      0.08940      0.08940      0.08940       9.99928931E-01
 N2       900      0.09106      0.09106      0.09106       9.99926274E-01
 N2       901      0.09272      0.09272      0.09272       9.99923569E-01
 N2       902      0.09437      0.09437      0.09437       9.99920815E-01
 N2       903      0.09603      0.09603      0.09603       9.99918013E-01
 N2       904      0.09768      0.09768      0.09768       9.99915161E-01
 N2       905      0.09934      0.09934      0.09934       9.99912260E-01
 N2       906      0.10099      0.10099      0.10099       9.99909313E-01
 N2       907      0.10265      0.10265      0.10265       9.99906314E-01
 N2       908      0.10430      0.10430      0.10430       9.99903267E-01
 N2       909      0.10596      0.10596      0.10596       9.99900174E-01
 N2       910      0.10762      0.10762      0.10762       9.99897029E-01
 N2       911      0.10927      0.10927      0.10927       9.99893836E-01
 N2       912      0.11093      0.11093      0.11093       9.99890596E-01
 N2       913      0.11258      0.11258      0.11258       9.99887305E-01
 N2       914      0.11424      0.11424      0.11424       9.99883968E-01
 N2       915      0.11589      0.11589      0.11589       9.99880579E-01
 N2       916      0.11755      0.11755      0.11755       9.99877142E-01
 N2       917      0.11921      0.11921      0.11921       9.99873659E-01
 N2       918      0.12086      0.12086      0.12086       9.99870124E-01
 N2       919      0.12252      0.12252      0.12252       9.99866541E-01
 N2       920      0.12417      0.12417      0.12417       9.99862911E-01
 N2       921      0.12583      0.12583      0.12583       9.99859231E-01
 N2       922      0.12748      0.12748      0.12748       9.99855504E-01
 N2       923      0.12914      0.12914      0.12914       9.99851726E-01
 N2       924      0.13079      0.13079      0.13079       9.99847899E-01
 N2       925      0.13245      0.13245      0.13245       9.99844026E-01
 N2       926      0.13411      0.13411      0.13411       9.99840101E-01
 N2       927      0.13576      0.13576      0.13576       9.99836128E-01
 N2       928      0.13742      0.13742      0.13742       9.99832109E-01
 N2       929      0.13907      0.13907      0.13907       9.99828038E-01
 N2       930      0.14073      0.14073      0.14073       9.99823922E-01
 N2       931      0.14238      0.14238      0.14238       9.99819754E-01
 N2       932      0.14404      0.14404      0.14404       9.99815537E-01
 N2       933      0.14569      0.14569      0.14569       9.99811274E-01
 N2       934      0.14735      0.14735      0.14735       9.99806960E-01
 N2       935      0.14901      0.14901      0.14901       9.99802597E-01
 N2       936      0.15066      0.15066      0.15066       9.99798188E-01
 N2       937      0.15232      0.15232      0.15232       9.99793728E-01
 N2       938      0.15397      0.15397      0.15397       9.99789218E-01
 N2       939      0.15563      0.15563      0.15563       9.99784663E-01
 N2       940      0.15729      0.15729      0.15729       9.99780057E-01
 N2       941      0.15894      0.15894      0.15894       9.99775404E-01
 N2       942      0.16060      0.16060      0.16060       9.99770700E-01
 N2       943      0.16225      0.16225      0.16225       9.99765948E-01
 N2       944      0.16391      0.16391      0.16391       9.99761149E-01
 N2       945      0.16556      0.16556      0.16556       9.99756299E-01
 N2       946      0.16722      0.16722      0.16722       9.99751400E-01
 N2       947      0.16887      0.16887      0.16887       9.99746456E-01
 N2       948      0.17053      0.17053      0.17053       9.99741459E-01
 N2       949      0.17219      0.17219      0.17219       9.99736417E-01
 N2       950      0.17384      0.17384      0.17384       9.99731324E-01
 N2       951      0.17550      0.17550      0.17550       9.99726181E-01
 N2       952      0.17715      0.17715      0.17715       9.99720993E-01
 N2       953      0.17881      0.17881      0.17881       9.99715753E-01
 N2       954      0.18046      0.18046      0.18046       9.99710465E-01
 N2       955      0.18212      0.18212      0.18212       9.99705130E-01
 N2       956      0.18377      0.18377      0.18377       9.99699744E-01
 N2       957      0.18543      0.18543      0.18543       9.99694313E-01
 N2       958      0.18709      0.18709      0.18709       9.99688829E-01
 N2       959      0.18874      0.18874      0.18874       9.99683297E-01
 N2       960      0.19040      0.19040      0.19040       9.99677720E-01
 N2       961      0.19205      0.19205      0.19205       9.99672090E-01
 N2       962      0.19371      0.19371      0.19371       9.99666412E-01
 N2       963      0.19536      0.19536      0.19536       9.99660688E-01
 N2       964      0.19702      0.19702      0.19702       9.99654913E-01
 N2       965      0.19867      0.19867      0.19867       9.99649092E-01
 N2       966      0.20033      0.20033      0.20033       9.99643218E-01
 N2       967      0.20199      0.20199      0.20199       9.99637297E-01
 N2       968      0.20364      0.20364      0.20364       9.99631330E-01
 N2       969      0.20530      0.20530      0.20530       9.99625310E-01
 N2       970      0.20695      0.20695      0.20695       9.99619243E-01
 N2       971      0.20861      0.20861      0.20861       9.99613130E-01
 N2       972      0.21027      0.21027      0.21027       9.99606964E-01
 N2       973      0.21192      0.21192      0.21192       9.99600750E-01
 N2       974      0.21358      0.21358      0.21358       9.99594491E-01
 N2       975      0.21523      0.21523      0.21523       9.99588180E-01
 N2       976      0.21689      0.21689      0.21689       9.99581823E-01
 N2       977      0.21854      0.21854      0.21854       9.99575415E-01
 N2       978      0.22020      0.22020      0.22020       9.99568957E-01
 N2       979      0.22185      0.22185      0.22185       9.99562455E-01
 N2       980      0.22351      0.22351      0.22351       9.99555900E-01
 N2       981      0.22517      0.22517      0.22517       9.99549296E-01
 N2       982      0.22682      0.22682      0.22682       9.99542648E-01
 N2       983      0.22848      0.22848      0.22848       9.99535947E-01
 N2       984      0.23013      0.23013      0.23013       9.99529201E-01
 N2       985      0.23179      0.23179      0.23179       9.99522403E-01
 N2       986      0.23344      0.23344      0.23344       9.99515556E-01
 N2       987      0.23510      0.23510      0.23510       9.99508664E-01
 N2       988      0.23675      0.23675      0.23675       9.99501720E-01
 N2       989      0.23841      0.23841      0.23841       9.99494727E-01
 N2       990      0.24007      0.24007      0.24007       9.99487689E-01
 N2       991      0.24172      0.24172      0.24172       9.99480599E-01
 N2       992      0.24338      0.24338      0.24338       9.99473464E-01
 N2       993      0.24503      0.24503      0.24503       9.99466276E-01
 N2       994      0.24669      0.24669      0.24669       9.99459039E-01
 N2       995      0.24834      0.24834      0.24834       9.99451759E-01
 N2       996      0.25000      0.25000      0.25000       9.99444425E-01
 N2       997      0.25166      0.25166      0.25166       9.99437042E-01
 N2       998      0.25331      0.25331      0.25331       9.99429615E-01
 N2       999      0.25497      0.25497      0.25497       9.99422136E-01
 N2      1000      0.25662      0.25662      0.25662       9.99414607E-01
 N2      1001      0.25828      0.25828      0.25828       9.99407034E-01
 N2      1002      0.25993      0.25993      0.25993       9.99399408E-01
 N2      1003      0.26159      0.26159      0.26159       9.99391738E-01
 N2      1004      0.26325      0.26325      0.26325       9.99384015E-01
 N2      1005      0.26490      0.26490      0.26490       9.99376243E-01
 N2      1006      0.26656      0.26656      0.26656       9.99368427E-01
 N2      1007      0.26821      0.26821      0.26821       9.99360558E-01
 N2      1008      0.26987      0.26987      0.26987       9.99352640E-01
 N2      1009      0.27152      0.27152      0.27152       9.99344679E-01
 N2      1010      0.27318      0.27318      0.27318       9.99336663E-01
 N2      1011      0.27483      0.27483      0.27483       9.99328604E-01
 N2      1012      0.27649      0.27649      0.27649       9.99320492E-01
 N2      1013      0.27815      0.27815      0.27815       9.99312330E-01
 N2      1014      0.27980      0.27980      0.27980       9.99304126E-01
 N2      1015      0.28146      0.28146      0.28146       9.99295867E-01
 N2      1016      0.28311      0.28311      0.28311       9.99287560E-01
 N2      1017      0.28477      0.28477      0.28477       9.99279209E-01
 N2      1018      0.28642      0.28642      0.28642       9.99270805E-01
 N2      1019      0.28808      0.28808      0.28808       9.99262357E-01
 N2      1020      0.28974      0.28974      0.28974       9.99253855E-01
 N2      1021      0.29139      0.29139      0.29139       9.99245304E-01
 N2      1022      0.29305      0.29305      0.29305       9.99236710E-01
 N2      1023      0.29470      0.29470      0.29470       9.99228063E-01
 N2      1024      0.29636      0.29636      0.29636       9.99219366E-01
 N2      1025      0.29801      0.29801      0.29801       9.99210627E-01
 N2      1026      0.29967      0.29967      0.29967       9.99201833E-01
 N2      1027      0.30133      0.30133      0.30133       9.99192991E-01
 N2      1028      0.30298      0.30298      0.30298       9.99184105E-01
 N2      1029      0.30464      0.30464      0.30464       9.99175166E-01
 N2      1030      0.30629      0.30629      0.30629       9.99166183E-01
 N2      1031      0.30795      0.30795      0.30795       9.99157146E-01
 N2      1032      0.30960      0.30960      0.30960       9.99148060E-01
 N2      1033      0.31126      0.31126      0.31126       9.99138932E-01
 N2      1034      0.31291      0.31291      0.31291       9.99129749E-01
 N2      1035      0.31457      0.31457      0.31457       9.99120518E-01
 N2      1036      0.31622      0.31622      0.31622       9.99111243E-01
 N2      1037      0.31788      0.31788      0.31788       9.99101915E-01
 N2      1038      0.31954      0.31954      0.31954       9.99092543E-01
 N2      1039      0.32119      0.32119      0.32119       9.99083117E-01
 N2      1040      0.32285      0.32285      0.32285       9.99073643E-01
 N2      1041      0.32450      0.32450      0.32450       9.99064125E-01
 N2      1042      0.32616      0.32616      0.32616       9.99054554E-01
 N2      1043      0.32782      0.32782      0.32782       9.99044933E-01
 N2      1044      0.32947      0.32947      0.32947       9.99035270E-01
 N2      1045      0.33113      0.33113      0.33113       9.99025553E-01
 N2      1046      0.33278      0.33278      0.33278       9.99015792E-01
 N2      1047      0.33444      0.33444      0.33444       9.99005978E-01
 N2      1048      0.33609      0.33609      0.33609       9.98996114E-01
 N2      1049      0.33775      0.33775      0.33775       9.98986208E-01
 N2      1050      0.33940      0.33940      0.33940       9.98976247E-01
 N2      1051      0.34106      0.34106      0.34106       9.98966238E-01
 N2      1052      0.34271      0.34271      0.34271       9.98956186E-01
 N2      1053      0.34437      0.34437      0.34437       9.98946080E-01
 N2      1054      0.34603      0.34603      0.34603       9.98935931E-01
 N2      1055      0.34768      0.34768      0.34768       9.98925727E-01
 N2      1056      0.34934      0.34934      0.34934       9.98915475E-01
 N2      1057      0.35099      0.35099      0.35099       9.98905180E-01
 N2      1058      0.35265      0.35265      0.35265       9.98894831E-01
 N2      1059      0.35430      0.35430      0.35430       9.98884433E-01
 N2      1060      0.35596      0.35596      0.35596       9.98873993E-01
 N2      1061      0.35762      0.35762      0.35762       9.98863497E-01
 N2      1062      0.35927      0.35927      0.35927       9.98852953E-01
 N2      1063      0.36093      0.36093      0.36093       9.98842367E-01
 N2      1064      0.36258      0.36258      0.36258       9.98831726E-01
 N2      1065      0.36424      0.36424      0.36424       9.98821043E-01
 N2      1066      0.36589      0.36589      0.36589       9.98810305E-01
 N2      1067      0.36755      0.36755      0.36755       9.98799518E-01
 N2      1068      0.36921      0.36921      0.36921       9.98788689E-01
 N2      1069      0.37086      0.37086      0.37086       9.98777806E-01
 N2      1070      0.37252      0.37252      0.37252       9.98766873E-01
 N2      1071      0.37417      0.37417      0.37417       9.98755899E-01
 N2      1072      0.37583      0.37583      0.37583       9.98744869E-01
 N2      1073      0.37748      0.37748      0.37748       9.98733797E-01
 N2      1074      0.37914      0.37914      0.37914       9.98722671E-01
 N2      1075      0.38079      0.38079      0.38079       9.98711495E-01
 N2      1076      0.38245      0.38245      0.38245       9.98700278E-01
 N2      1077      0.38411      0.38411      0.38411       9.98689006E-01
 N2      1078      0.38576      0.38576      0.38576       9.98677684E-01
 N2      1079      0.38742      0.38742      0.38742       9.98666322E-01
 N2      1080      0.38907      0.38907      0.38907       9.98654903E-01
 N2      1081      0.39073      0.39073      0.39073       9.98643444E-01
 N2      1082      0.39238      0.39238      0.39238       9.98631928E-01
 N2      1083      0.39404      0.39404      0.39404       9.98620364E-01
 N2      1084      0.39570      0.39570      0.39570       9.98608759E-01
 N2      1085      0.39735      0.39735      0.39735       9.98597098E-01
 N2      1086      0.39901      0.39901      0.39901       9.98585389E-01
 N2      1087      0.40066      0.40066      0.40066       9.98573638E-01
 N2      1088      0.40232      0.40232      0.40232       9.98561831E-01
 N2      1089      0.40397      0.40397      0.40397       9.98549976E-01
 N2      1090      0.40563      0.40563      0.40563       9.98538079E-01
 N2      1091      0.40729      0.40729      0.40729       9.98526127E-01
 N2      1092      0.40894      0.40894      0.40894       9.98514133E-01
 N2      1093      0.41060      0.41060      0.41060       9.98502084E-01
 N2      1094      0.41225      0.41225      0.41225       9.98489986E-01
 N2      1095      0.41391      0.41391      0.41391       9.98477847E-01
 N2      1096      0.41556      0.41556      0.41556       9.98465652E-01
 N2      1097      0.41722      0.41722      0.41722       9.98453409E-01
 N2      1098      0.41887      0.41887      0.41887       9.98441124E-01
 N2      1099      0.42053      0.42053      0.42053       9.98428783E-01
 N2      1100      0.42218      0.42218      0.42218       9.98416402E-01
 N2      1101      0.42384      0.42384      0.42384       9.98403964E-01
 N2      1102      0.42550      0.42550      0.42550       9.98391478E-01
 N2      1103      0.42715      0.42715      0.42715       9.98378951E-01
 N2      1104      0.42881      0.42881      0.42881       9.98366368E-01
 N2      1105      0.43046      0.43046      0.43046       9.98353736E-01
 N2      1106      0.43212      0.43212      0.43212       9.98341064E-01
 N2      1107      0.43378      0.43378      0.43378       9.98328335E-01
 N2      1108      0.43543      0.43543      0.43543       9.98315565E-01
 N2      1109      0.43709      0.43709      0.43709       9.98302740E-01
 N2      1110      0.43874      0.43874      0.43874       9.98289865E-01
 N2      1111      0.44040      0.44040      0.44040       9.98276950E-01
 N2      1112      0.44205      0.44205      0.44205       9.98263979E-01
 N2      1113      0.44371      0.44371      0.44371       9.98250959E-01
 N2      1114      0.44536      0.44536      0.44536       9.98237899E-01
 N2      1115      0.44702      0.44702      0.44702       9.98224782E-01
 N2      1116      0.44867      0.44867      0.44867       9.98211625E-01
 N2      1117      0.45033      0.45033      0.45033       9.98198411E-01
 N2      1118      0.45199      0.45199      0.45199       9.98185149E-01
 N2      1119      0.45364      0.45364      0.45364       9.98171846E-01
 N2      1120      0.45530      0.45530      0.45530       9.98158487E-01
 N2      1121      0.45695      0.45695      0.45695       9.98145079E-01
 N2      1122      0.45861      0.45861      0.45861       9.98131631E-01
 N2      1123      0.46026      0.46026      0.46026       9.98118126E-01
 N2      1124      0.46192      0.46192      0.46192       9.98104573E-01
 N2      1125      0.46358      0.46358      0.46358       9.98090980E-01
 N2      1126      0.46523      0.46523      0.46523       9.98077330E-01
 N2      1127      0.46689      0.46689      0.46689       9.98063639E-01
 N2      1128      0.46854      0.46854      0.46854       9.98049892E-01
 N2      1129      0.47020      0.47020      0.47020       9.98036097E-01
 N2      1130      0.47185      0.47185      0.47185       9.98022261E-01
 N2      1131      0.47351      0.47351      0.47351       9.98008369E-01
 N2      1132      0.47517      0.47517      0.47517       9.97994428E-01
 N2      1133      0.47682      0.47682      0.47682       9.97980447E-01
 N2      1134      0.47848      0.47848      0.47848       9.97966409E-01
 N2      1135      0.48013      0.48013      0.48013       9.97952331E-01
 N2      1136      0.48179      0.48179      0.48179       9.97938196E-01
 N2      1137      0.48344      0.48344      0.48344       9.97924013E-01
 N2      1138      0.48510      0.48510      0.48510       9.97909790E-01
 N2      1139      0.48675      0.48675      0.48675       9.97895510E-01
 N2      1140      0.48841      0.48841      0.48841       9.97881181E-01
 N2      1141      0.49007      0.49007      0.49007       9.97866813E-01
 N2      1142      0.49172      0.49172      0.49172       9.97852387E-01
 N2      1143      0.49338      0.49338      0.49338       9.97837922E-01
 N2      1144      0.49503      0.49503      0.49503       9.97823399E-01
 N2      1145      0.49669      0.49669      0.49669       9.97808829E-01
 N2      1146      0.49834      0.49834      0.49834       9.97794218E-01
 N2      1147      0.50000      0.50000      0.50000       9.97779550E-01
 N2      1148      0.50000      0.49899      0.50101       9.97779526E-01
 N2      1149      0.50000      0.49798      0.50202       9.97779454E-01
 N2      1150      0.50000      0.49696      0.50304       9.97779332E-01
 N2      1151      0.50000      0.49595      0.50405       9.97779163E-01
 N2      1152      0.50000      0.49494      0.50506       9.97778944E-01
 N2      1153      0.50000      0.49393      0.50607       9.97778678E-01
 N2      1154      0.50000      0.49291      0.50709       9.97778363E-01
 N2      1155      0.50000      0.49190      0.50810       9.97777999E-01
 N2      1156      0.50000      0.49089      0.50911       9.97777587E-01
 N2      1157      0.50000      0.48988      0.51012       9.97777127E-01
 N2      1158      0.50000      0.48887      0.51113       9.97776618E-01
 N2      1159      0.50000      0.48785      0.51215       9.97776060E-01
 N2      1160      0.50000      0.48684      0.51316       9.97775454E-01
 N2      1161      0.50000      0.48583      0.51417       9.97774800E-01
 N2      1162      0.50000      0.48482      0.51518       9.97774097E-01
 N2      1163      0.50000      0.48381      0.51619       9.97773346E-01
 N2      1164      0.50000      0.48279      0.51721       9.97772546E-01
 N2      1165      0.50000      0.48178      0.51822       9.97771697E-01
 N2      1166      0.50000      0.48077      0.51923       9.97770801E-01
 N2      1167      0.50000      0.47976      0.52024       9.97769856E-01
 N2      1168      0.50000      0.47874      0.52126       9.97768862E-01
 N2      1169      0.50000      0.47773      0.52227       9.97767820E-01
 N2      1170      0.50000      0.47672      0.52328       9.97766730E-01
 N2      1171      0.50000      0.47571      0.52429       9.97765591E-01
 N2      1172      0.50000      0.47470      0.52530       9.97764402E-01
 N2      1173      0.50000      0.47368      0.52632       9.97763166E-01
 N2      1174      0.50000      0.47267      0.52733       9.97761882E-01
 N2      1175      0.50000      0.47166      0.52834       9.97760549E-01
 N2      1176      0.50000      0.47065      0.52935       9.97759168E-01
 N2      1177      0.50000      0.46964      0.53036       9.97757738E-01
 N2      1178      0.50000      0.46862      0.53138       9.97756259E-01
 N2      1179      0.50000      0.46761      0.53239       9.97754732E-01
 N2      1180      0.50000      0.46660      0.53340       9.97753157E-01
 N2      1181      0.50000      0.46559      0.53441       9.97751533E-01
 N2      1182      0.50000      0.46458      0.53543       9.97749861E-01
 N2      1183      0.50000      0.46356      0.53644       9.97748141E-01
 N2      1184      0.50000      0.46255      0.53745       9.97746372E-01
 N2      1185      0.50000      0.46154      0.53846       9.97744552E-01
 N2      1186      0.50000      0.46053      0.53947       9.97742687E-01
 N2      1187      0.50000      0.45951      0.54049       9.97740772E-01
 N2      1188      0.50000      0.45850      0.54150       9.97738809E-01
 N2      1189      0.50000      0.45749      0.54251       9.97736798E-01
 N2      1190      0.50000      0.45648      0.54352       9.97734738E-01
 N2      1191      0.50000      0.45547      0.54453       9.97732630E-01
 N2      1192      0.50000      0.45445      0.54555       9.97730471E-01
 N2      1193      0.50000      0.45344      0.54656       9.97728266E-01
 N2      1194      0.50000      0.45243      0.54757       9.97726013E-01
 N2      1195      0.50000      0.45142      0.54858       9.97723711E-01
 N2      1196      0.50000      0.45040      0.54959       9.97721360E-01
 N2      1197      0.50000      0.44939      0.55061       9.97718961E-01
 N2      1198      0.50000      0.44838      0.55162       9.97716514E-01
 N2      1199      0.50000      0.44737      0.55263       9.97714016E-01
 N2      1200      0.50000      0.44636      0.55364       9.97711471E-01
 N2      1201      0.50000      0.44534      0.55466       9.97708879E-01
 N2      1202      0.50000      0.44433      0.55567       9.97706237E-01
 N2      1203      0.50000      0.44332      0.55668       9.97703548E-01
 N2      1204      0.50000      0.44231      0.55769       9.97700809E-01
 N2      1205      0.50000      0.44130      0.55870       9.97698023E-01
 N2      1206      0.50000      0.44028      0.55972       9.97695185E-01
 N2      1207      0.50000      0.43927      0.56073       9.97692302E-01
 N2      1208      0.50000      0.43826      0.56174       9.97689370E-01
 N2      1209      0.50000      0.43725      0.56275       9.97686389E-01
 N2      1210      0.50000      0.43623      0.56376       9.97683360E-01
 N2      1211      0.50000      0.43522      0.56478       9.97680283E-01
 N2      1212      0.50000      0.43421      0.56579       9.97677157E-01
 N2      1213      0.50000      0.43320      0.56680       9.97673980E-01
 N2      1214      0.50000      0.43219      0.56781       9.97670757E-01
 N2      1215      0.50000      0.43117      0.56883       9.97667486E-01
 N2      1216      0.50000      0.43016      0.56984       9.97664167E-01
 N2      1217      0.50000      0.42915      0.57085       9.97660799E-01
 N2      1218      0.50000      0.42814      0.57186       9.97657382E-01
 N2      1219      0.50000      0.42713      0.57287       9.97653917E-01
 N2      1220      0.50000      0.42611      0.57389       9.97650400E-01
 N2      1221      0.50000      0.42510      0.57490       9.97646839E-01
 N2      1222      0.50000      0.42409      0.57591       9.97643228E-01
 N2      1223      0.50000      0.42308      0.57692       9.97639570E-01
 N2      1224      0.50000      0.42207      0.57793       9.97635862E-01
 N2      1225      0.50000      0.42105      0.57895       9.97632107E-01
 N2      1226      0.50000      0.42004      0.57996       9.97628299E-01
 N2      1227      0.50000      0.41903      0.58097       9.97624447E-01
 N2      1228      0.50000      0.41802      0.58198       9.97620546E-01
 N2      1229      0.50000      0.41700      0.58300       9.97616596E-01
 N2      1230      0.50000      0.41599      0.58401       9.97612598E-01
 N2      1231      0.50000      0.41498      0.58502       9.97608552E-01
 N2      1232      0.50000      0.41397      0.58603       9.97604457E-01
 N2      1233      0.50000      0.41296      0.58705       9.97600310E-01
 N2      1234      0.50000      0.41194      0.58806       9.97596119E-01
 N2      1235      0.50000      0.41093      0.58907       9.97591879E-01
 N2      1236      0.50000      0.40992      0.59008       9.97587590E-01
 N2      1237      0.50000      0.40891      0.59109       9.97583253E-01
 N2      1238      0.50000      0.40790      0.59210       9.97578868E-01
 N2      1239      0.50000      0.40688      0.59312       9.97574434E-01
 N2      1240      0.50000      0.40587      0.59413       9.97569948E-01
 N2      1241      0.50000      0.40486      0.59514       9.97565417E-01
 N2      1242      0.50000      0.40385      0.59615       9.97560838E-01
 N2      1243      0.50000      0.40283      0.59717       9.97556210E-01
 N2      1244      0.50000      0.40182      0.59818       9.97551534E-01
 N2      1245      0.50000      0.40081      0.59919       9.97546810E-01
 N2      1246      0.50000      0.39980      0.60020       9.97542037E-01
 N2      1247      0.50000      0.39879      0.60122       9.97537211E-01
 N2      1248      0.50000      0.39777      0.60223       9.97532341E-01
 N2      1249      0.50000      0.39676      0.60324       9.97527423E-01
 N2      1250      0.50000      0.39575      0.60425       9.97522457E-01
 N2      1251      0.50000      0.39474      0.60526       9.97517442E-01
 N2      1252      0.50000      0.39372      0.60628       9.97512378E-01
 N2      1253      0.50000      0.39271      0.60729       9.97507267E-01
 N2      1254      0.50000      0.39170      0.60830       9.97502101E-01
 N2      1255      0.50000      0.39069      0.60931       9.97496893E-01
 N2      1256      0.50000      0.38968      0.61032       9.97491636E-01
 N2      1257      0.50000      0.38866      0.61134       9.97486330E-01
 N2      1258      0.50000      0.38765      0.61235       9.97480976E-01
 N2      1259      0.50000      0.38664      0.61336       9.97475574E-01
 N2      1260      0.50000      0.38563      0.61437       9.97470123E-01
 N2      1261      0.50000      0.38461      0.61538       9.97464618E-01
 N2      1262      0.50000      0.38360      0.61640       9.97459071E-01
 N2      1263      0.50000      0.38259      0.61741       9.97453475E-01
 N2      1264      0.50000      0.38158      0.61842       9.97447830E-01
 N2      1265      0.50000      0.38057      0.61943       9.97442137E-01
 N2      1266      0.50000      0.37955      0.62045       9.97436396E-01
 N2      1267      0.50000      0.37854      0.62146       9.97430606E-01
 N2      1268      0.50000      0.37753      0.62247       9.97424762E-01
 N2      1269      0.50000      0.37652      0.62348       9.97418876E-01
 N2      1270      0.50000      0.37551      0.62449       9.97412941E-01
 N2      1271      0.50000      0.37449      0.62551       9.97406957E-01
 N2      1272      0.50000      0.37348      0.62652       9.97400926E-01
 N2      1273      0.50000      0.37247      0.62753       9.97394845E-01
 N2      1274      0.50000      0.37146      0.62854       9.97388711E-01
 N2      1275      0.50000      0.37045      0.62955       9.97382534E-01
 N2      1276      0.50000      0.36943      0.63057       9.97376308E-01
 N2      1277      0.50000      0.36842      0.63158       9.97370034E-01
 N2      1278      0.50000      0.36741      0.63259       9.97363712E-01
 N2      1279      0.50000      0.36640      0.63360       9.97357342E-01
 N2      1280      0.50000      0.36539      0.63462       9.97350923E-01
 N2      1281      0.50000      0.36437      0.63563       9.97344449E-01
 N2      1282      0.50000      0.36336      0.63664       9.97337933E-01
 N2      1283      0.50000      0.36235      0.63765       9.97331369E-01
 N2      1284      0.50000      0.36134      0.63866       9.97324756E-01
 N2      1285      0.50000      0.36032      0.63968       9.97318095E-01
 N2      1286      0.50000      0.35931      0.64069       9.97311385E-01
 N2      1287      0.50000      0.35830      0.64170       9.97304628E-01
 N2      1288      0.50000      0.35729      0.64271       9.97297815E-01
 N2      1289      0.50000      0.35628      0.64372       9.97290960E-01
 N2      1290      0.50000      0.35526      0.64474       9.97284057E-01
 N2      1291      0.50000      0.35425      0.64575       9.97277105E-01
 N2      1292      0.50000      0.35324      0.64676       9.97270106E-01
 N2      1293      0.50000      0.35223      0.64777       9.97263057E-01
 N2      1294      0.50000      0.35121      0.64878       9.97255961E-01
 N2      1295      0.50000      0.35020      0.64980       9.97248809E-01
 N2      1296      0.50000      0.34919      0.65081       9.97241615E-01
 N2      1297      0.50000      0.34818      0.65182       9.97234373E-01
 N2      1298      0.50000      0.34717      0.65283       9.97227083E-01
 N2      1299      0.50000      0.34615      0.65385       9.97219745E-01
 N2      1300      0.50000      0.34514      0.65486       9.97212358E-01
 N2      1301      0.50000      0.34413      0.65587       9.97204922E-01
 N2      1302      0.50000      0.34312      0.65688       9.97197431E-01
 N2      1303      0.50000      0.34210      0.65790       9.97189899E-01
 N2      1304      0.50000      0.34109      0.65891       9.97182319E-01
 N2      1305      0.50000      0.34008      0.65992       9.97174690E-01
 N2      1306      0.50000      0.33907      0.66093       9.97167013E-01
 N2      1307      0.50000      0.33806      0.66194       9.97159287E-01
 N2      1308      0.50000      0.33704      0.66295       9.97151513E-01
 N2      1309      0.50000      0.33603      0.66397       9.97143683E-01
 N2      1310      0.50000      0.33502      0.66498       9.97135812E-01
 N2      1311      0.50000      0.33401      0.66599       9.97127893E-01
 N2      1312      0.50000      0.33300      0.66700       9.97119926E-01
 N2      1313      0.50000      0.33198      0.66802       9.97111910E-01
 N2      1314      0.50000      0.33097      0.66903       9.97103846E-01
 N2      1315      0.50000      0.32996      0.67004       9.97095733E-01
 N2      1316      0.50000      0.32895      0.67105       9.97087564E-01
 N2      1317      0.50000      0.32793      0.67207       9.97079355E-01
 N2      1318      0.50000      0.32692      0.67308       9.97071097E-01
 N2      1319      0.50000      0.32591      0.67409       9.97062791E-01
 N2      1320      0.50000      0.32490      0.67510       9.97054437E-01
 N2      1321      0.50000      0.32389      0.67611       9.97046034E-01
 N2      1322      0.50000      0.32287      0.67713       9.97037574E-01
 N2      1323      0.50000      0.32186      0.67814       9.97029075E-01
 N2      1324      0.50000      0.32085      0.67915       9.97020527E-01
 N2      1325      0.50000      0.31984      0.68016       9.97011931E-01
 N2      1326      0.50000      0.31883      0.68117       9.97003286E-01
 N2      1327      0.50000      0.31781      0.68219       9.96994593E-01
 N2      1328      0.50000      0.31680      0.68320       9.96985852E-01
 N2      1329      0.50000      0.31579      0.68421       9.96977054E-01
 N2      1330      0.50000      0.31478      0.68522       9.96968216E-01
 N2      1331      0.50000      0.31377      0.68624       9.96959329E-01
 N2      1332      0.50000      0.31275      0.68725       9.96950395E-01
 N2      1333      0.50000      0.31174      0.68826       9.96941412E-01
 N2      1334      0.50000      0.31073      0.68927       9.96932380E-01
 N2      1335      0.50000      0.30972      0.69028       9.96923301E-01
 N2      1336      0.50000      0.30870      0.69130       9.96914164E-01
 N2      1337      0.50000      0.30769      0.69231       9.96904987E-01
 N2      1338      0.50000      0.30668      0.69332       9.96895763E-01
 N2      1339      0.50000      0.30567      0.69433       9.96886490E-01
 N2      1340      0.50000      0.30466      0.69534       9.96877168E-01
 N2      1341      0.50000      0.30364      0.69636       9.96867799E-01
 N2      1342      0.50000      0.30263      0.69737       9.96858381E-01
 N2      1343      0.50000      0.30162      0.69838       9.96848905E-01
 N2      1344      0.50000      0.30061      0.69939       9.96839390E-01
 N2      1345      0.50000      0.29960      0.70041       9.96829827E-01
 N2      1346      0.50000      0.29858      0.70142       9.96820216E-01
 N2      1347      0.50000      0.29757      0.70243       9.96810556E-01
 N2      1348      0.50000      0.29656      0.70344       9.96800848E-01
 N2      1349      0.50000      0.29555      0.70445       9.96791092E-01
 N2      1350      0.50000      0.29453      0.70547       9.96781277E-01
 N2      1351      0.50000      0.29352      0.70648       9.96771424E-01
 N2      1352      0.50000      0.29251      0.70749       9.96761523E-01
 N2      1353      0.50000      0.29150      0.70850       9.96751573E-01
 N2      1354      0.50000      0.29049      0.70951       9.96741575E-01
 N2      1355      0.50000      0.28947      0.71053       9.96731529E-01
 N2      1356      0.50000      0.28846      0.71154       9.96721435E-01
 N2      1357      0.50000      0.28745      0.71255       9.96711282E-01
 N2      1358      0.50000      0.28644      0.71356       9.96701090E-01
 N2      1359      0.50000      0.28542      0.71457       9.96690851E-01
 N2      1360      0.50000      0.28441      0.71559       9.96680563E-01
 N2      1361      0.50000      0.28340      0.71660       9.96670227E-01
 N2      1362      0.50000      0.28239      0.71761       9.96659843E-01
 N2      1363      0.50000      0.28138      0.71862       9.96649410E-01
 N2      1364      0.50000      0.28036      0.71964       9.96638919E-01
 N2      1365      0.50000      0.27935      0.72065       9.96628389E-01
 N2      1366      0.50000      0.27834      0.72166       9.96617812E-01
 N2      1367      0.50000      0.27733      0.72267       9.96607186E-01
 N2      1368      0.50000      0.27632      0.72368       9.96596511E-01
 N2      1369      0.50000      0.27530      0.72470       9.96585789E-01
 N2      1370      0.50000      0.27429      0.72571       9.96575007E-01
 N2      1371      0.50000      0.27328      0.72672       9.96564188E-01
 N2      1372      0.50000      0.27227      0.72773       9.96553321E-01
 N2      1373      0.50000      0.27126      0.72874       9.96542405E-01
 N2      1374      0.50000      0.27024      0.72976       9.96531441E-01
 N2      1375      0.50000      0.26923      0.73077       9.96520429E-01
 N2      1376      0.50000      0.26822      0.73178       9.96509369E-01
 N2      1377      0.50000      0.26721      0.73279       9.96498249E-01
 N2      1378      0.50000      0.26619      0.73381       9.96487092E-01
 N2      1379      0.50000      0.26518      0.73482       9.96475886E-01
 N2      1380      0.50000      0.26417      0.73583       9.96464633E-01
 N2      1381      0.50000      0.26316      0.73684       9.96453331E-01
 N2      1382      0.50000      0.26215      0.73785       9.96441981E-01
 N2      1383      0.50000      0.26113      0.73887       9.96430582E-01
 N2      1384      0.50000      0.26012      0.73988       9.96419124E-01
 N2      1385      0.50000      0.25911      0.74089       9.96407629E-01
 N2      1386      0.50000      0.25810      0.74190       9.96396086E-01
 N2      1387      0.50000      0.25709      0.74291       9.96384494E-01
 N2      1388      0.50000      0.25607      0.74393       9.96372854E-01
 N2      1389      0.50000      0.25506      0.74494       9.96361166E-01
 N2      1390      0.50000      0.25405      0.74595       9.96349430E-01
 N2      1391      0.50000      0.25304      0.74696       9.96337634E-01
 N2      1392      0.50000      0.25202      0.74798       9.96325801E-01
 N2      1393      0.50000      0.25101      0.74899       9.96313920E-01
 N2      1394      0.50000      0.25000      0.75000       9.96301991E-01
 N2      1395      0.50000      0.24857      0.74857       9.96310406E-01
 N2      1396      0.50000      0.24714      0.74714       9.96318767E-01
 N2      1397      0.50000      0.24571      0.74571       9.96327086E-01
 N2      1398      0.50000      0.24429      0.74429       9.96335352E-01
 N2      1399      0.50000      0.24286      0.74286       9.96343574E-01
 N2      1400      0.50000      0.24143      0.74143       9.96351743E-01
 N2      1401      0.50000      0.24000      0.74000       9.96359870E-01
 N2      1402      0.50000      0.23857      0.73857       9.96367948E-01
 N2      1403      0.50000      0.23714      0.73714       9.96375972E-01
 N2      1404      0.50000      0.23571      0.73571       9.96383954E-01
 N2      1405      0.50000      0.23429      0.73429       9.96391883E-01
 N2      1406      0.50000      0.23286      0.73286       9.96399768E-01
 N2      1407      0.50000      0.23143      0.73143       9.96407600E-01
 N2      1408      0.50000      0.23000      0.73000       9.96415390E-01
 N2      1409      0.50000      0.22857      0.72857       9.96423131E-01
 N2      1410      0.50000      0.22714      0.72714       9.96430818E-01
 N2      1411      0.50000      0.22571      0.72571       9.96438463E-01
 N2      1412      0.50000      0.22429      0.72429       9.96446054E-01
 N2      1413      0.50000      0.22286      0.72286       9.96453603E-01
 N2      1414      0.50000      0.22143      0.72143       9.96461098E-01
 N2      1415      0.50000      0.22000      0.72000       9.96468550E-01
 N2      1416      0.50000      0.21857      0.71857       9.96475954E-01
 N2      1417      0.50000      0.21714      0.71714       9.96483304E-01
 N2      1418      0.50000      0.21571      0.71571       9.96490612E-01
 N2      1419      0.50000      0.21429      0.71429       9.96497866E-01
 N2      1420      0.50000      0.21286      0.71286       9.96505077E-01
 N2      1421      0.50000      0.21143      0.71143       9.96512235E-01
 N2      1422      0.50000      0.21000      0.71000       9.96519350E-01
 N2      1423      0.50000      0.20857      0.70857       9.96526417E-01
 N2      1424      0.50000      0.20714      0.70714       9.96533430E-01
 N2      1425      0.50000      0.20571      0.70571       9.96540400E-01
 N2      1426      0.50000      0.20429      0.70429       9.96547318E-01
 N2      1427      0.50000      0.20286      0.70286       9.96554191E-01
 N2      1428      0.50000      0.20143      0.70143       9.96561012E-01
 N2      1429      0.50000      0.20000      0.70000       9.96567790E-01
 N2      1430      0.50000      0.19857      0.69857       9.96574519E-01
 N2      1431      0.50000      0.19714      0.69714       9.96581195E-01
 N2      1432      0.50000      0.19571      0.69571       9.96587828E-01
 N2      1433      0.50000      0.19429      0.69429       9.96594408E-01
 N2      1434      0.50000      0.19286      0.69286       9.96600945E-01
 N2      1435      0.50000      0.19143      0.69143       9.96607429E-01
 N2      1436      0.50000      0.19000      0.69000       9.96613869E-01
 N2      1437      0.50000      0.18857      0.68857       9.96620261E-01
 N2      1438      0.50000      0.18714      0.68714       9.96626600E-01
 N2      1439      0.50000      0.18571      0.68571       9.96632896E-01
 N2      1440      0.50000      0.18429      0.68429       9.96639138E-01
 N2      1441      0.50000      0.18286      0.68286       9.96645338E-01
 N2      1442      0.50000      0.18143      0.68143       9.96651484E-01
 N2      1443      0.50000      0.18000      0.68000       9.96657587E-01
 N2      1444      0.50000      0.17857      0.67857       9.96663641E-01
 N2      1445      0.50000      0.17714      0.67714       9.96669643E-01
 N2      1446      0.50000      0.17571      0.67571       9.96675601E-01
 N2      1447      0.50000      0.17429      0.67429       9.96681507E-01
 N2      1448      0.50000      0.17286      0.67286       9.96687369E-01
 N2      1449      0.50000      0.17143      0.67143       9.96693178E-01
 N2      1450      0.50000      0.17000      0.67000       9.96698944E-01
 N2      1451      0.50000      0.16857      0.66857       9.96704661E-01
 N2      1452      0.50000      0.16714      0.66714       9.96710325E-01
 N2      1453      0.50000      0.16571      0.66571       9.96715946E-01
 N2      1454      0.50000      0.16429      0.66429       9.96721514E-01
 N2      1455      0.50000      0.16286      0.66286       9.96727039E-01
 N2      1456      0.50000      0.16143      0.66143       9.96732511E-01
 N2      1457      0.50000      0.16000      0.66000       9.96737938E-01
 N2      1458      0.50000      0.15857      0.65857       9.96743318E-01
 N2      1459      0.50000      0.15714      0.65714       9.96748646E-01
 N2      1460      0.50000      0.15571      0.65571       9.96753929E-01
 N2      1461      0.50000      0.15429      0.65429       9.96759160E-01
 N2      1462      0.50000      0.15286      0.65286       9.96764346E-01
 N2      1463      0.50000      0.15143      0.65143       9.96769481E-01
 N2      1464      0.50000      0.15000      0.65000       9.96774572E-01
 N2      1465      0.50000      0.14857      0.64857       9.96779613E-01
 N2      1466      0.50000      0.14714      0.64714       9.96784604E-01
 N2      1467      0.50000      0.14571      0.64571       9.96789549E-01
 N2      1468      0.50000      0.14429      0.64429       9.96794443E-01
 N2      1469      0.50000      0.14286      0.64286       9.96799292E-01
 N2      1470      0.50000      0.14143      0.64143       9.96804090E-01
 N2      1471      0.50000      0.14000      0.64000       9.96808842E-01
 N2      1472      0.50000      0.13857      0.63857       9.96813547E-01
 N2      1473      0.50000      0.13714      0.63714       9.96818200E-01
 N2      1474      0.50000      0.13571      0.63571       9.96822808E-01
 N2      1475      0.50000      0.13429      0.63429       9.96827364E-01
 N2      1476      0.50000      0.13286      0.63286       9.96831876E-01
 N2      1477      0.50000      0.13143      0.63143       9.96836336E-01
 N2      1478      0.50000      0.13000      0.63000       9.96840751E-01
 N2      1479      0.50000      0.12857      0.62857       9.96845118E-01
 N2      1480      0.50000      0.12714      0.62714       9.96849433E-01
 N2      1481      0.50000      0.12571      0.62571       9.96853703E-01
 N2      1482      0.50000      0.12429      0.62429       9.96857922E-01
 N2      1483      0.50000      0.12286      0.62286       9.96862096E-01
 N2      1484      0.50000      0.12143      0.62143       9.96866219E-01
 N2      1485      0.50000      0.12000      0.62000       9.96870296E-01
 N2      1486      0.50000      0.11857      0.61857       9.96874326E-01
 N2      1487      0.50000      0.11714      0.61714       9.96878304E-01
 N2      1488      0.50000      0.11571      0.61571       9.96882236E-01
 N2      1489      0.50000      0.11429      0.61429       9.96886118E-01
 N2      1490      0.50000      0.11286      0.61286       9.96889954E-01
 N2      1491      0.50000      0.11143      0.61143       9.96893740E-01
 N2      1492      0.50000      0.11000      0.61000       9.96897479E-01
 N2      1493      0.50000      0.10857      0.60857       9.96901171E-01
 N2      1494      0.50000      0.10714      0.60714       9.96904811E-01
 N2      1495      0.50000      0.10571      0.60571       9.96908406E-01
 N2      1496      0.50000      0.10429      0.60429       9.96911951E-01
 N2      1497      0.50000      0.10286      0.60286       9.96915449E-01
 N2      1498      0.50000      0.10143      0.60143       9.96918897E-01
 N2      1499      0.50000      0.10000      0.60000       9.96922299E-01
 N2      1500      0.50000      0.09857      0.59857       9.96925653E-01
 N2      1501      0.50000      0.09714      0.59714       9.96928956E-01
 N2      1502      0.50000      0.09571      0.59571       9.96932213E-01
 N2      1503      0.50000      0.09429      0.59429       9.96935420E-01
 N2      1504      0.50000      0.09286      0.59286       9.96938581E-01
 N2      1505      0.50000      0.09143      0.59143       9.96941691E-01
 N2      1506      0.50000      0.09000      0.59000       9.96944756E-01
 N2      1507      0.50000      0.08857      0.58857       9.96947772E-01
 N2      1508      0.50000      0.08714      0.58714       9.96950737E-01
 N2      1509      0.50000      0.08571      0.58571       9.96953657E-01
 N2      1510      0.50000      0.08429      0.58429       9.96956526E-01
 N2      1511      0.50000      0.08286      0.58286       9.96959349E-01
 N2      1512      0.50000      0.08143      0.58143       9.96962122E-01
 N2      1513      0.50000      0.08000      0.58000       9.96964849E-01
 N2      1514      0.50000      0.07857      0.57857       9.96967527E-01
 N2      1515      0.50000      0.07714      0.57714       9.96970155E-01
 N2      1516      0.50000      0.07571      0.57571       9.96972737E-01
 N2      1517      0.50000      0.07429      0.57429       9.96975269E-01
 N2      1518      0.50000      0.07286      0.57286       9.96977754E-01
 N2      1519      0.50000      0.07143      0.57143       9.96980189E-01
 N2      1520      0.50000      0.07000      0.57000       9.96982578E-01
 N2      1521      0.50000      0.06857      0.56857       9.96984919E-01
 N2      1522      0.50000      0.06714      0.56714       9.96987209E-01
 N2      1523      0.50000      0.06571      0.56571       9.96989453E-01
 N2      1524      0.50000      0.06429      0.56429       9.96991648E-01
 N2      1525      0.50000      0.06286      0.56286       9.96993795E-01
 N2      1526      0.50000      0.06143      0.56143       9.96995893E-01
 N2      1527      0.50000      0.06000      0.56000       9.96997944E-01
 N2      1528      0.50000      0.05857      0.55857       9.96999947E-01
 N2      1529      0.50000      0.05714      0.55714       9.97001900E-01
 N2      1530      0.50000      0.05571      0.55571       9.97003806E-01
 N2      1531      0.50000      0.05429      0.55429       9.97005663E-01
 N2      1532      0.50000      0.05286      0.55286       9.97007473E-01
 N2      1533      0.50000      0.05143      0.55143       9.97009233E-01
 N2      1534      0.50000      0.05000      0.55000       9.97010946E-01
 N2      1535      0.50000      0.04857      0.54857       9.97012611E-01
 N2      1536      0.50000      0.04714      0.54714       9.97014227E-01
 N2      1537      0.50000      0.04571      0.54571       9.97015795E-01
 N2      1538      0.50000      0.04429      0.54429       9.97017314E-01
 N2      1539      0.50000      0.04286      0.54286       9.97018786E-01
 N2      1540      0.50000      0.04143      0.54143       9.97020209E-01
 N2      1541      0.50000      0.04000      0.54000       9.97021584E-01
 N2      1542      0.50000      0.03857      0.53857       9.97022911E-01
 N2      1543      0.50000      0.03714      0.53714       9.97024189E-01
 N2      1544      0.50000      0.03571      0.53571       9.97025420E-01
 N2      1545      0.50000      0.03429      0.53429       9.97026602E-01
 N2      1546      0.50000      0.03286      0.53286       9.97027736E-01
 N2      1547      0.50000      0.03143      0.53143       9.97028821E-01
 N2      1548      0.50000      0.03000      0.53000       9.97029858E-01
 N2      1549      0.50000      0.02857      0.52857       9.97030848E-01
 N2      1550      0.50000      0.02714      0.52714       9.97031788E-01
 N2      1551      0.50000      0.02571      0.52571       9.97032681E-01
 N2      1552      0.50000      0.02429      0.52429       9.97033525E-01
 N2      1553      0.50000      0.02286      0.52286       9.97034321E-01
 N2      1554      0.50000      0.02143      0.52143       9.97035069E-01
 N2      1555      0.50000      0.02000      0.52000       9.97035769E-01
 N2      1556      0.50000      0.01857      0.51857       9.97036420E-01
 N2      1557      0.50000      0.01714      0.51714       9.97037023E-01
 N2      1558      0.50000      0.01571      0.51571       9.97037578E-01
 N2      1559      0.50000      0.01429      0.51429       9.97038084E-01
 N2      1560      0.50000      0.01286      0.51286       9.97038543E-01
 N2      1561      0.50000      0.01143      0.51143       9.97038953E-01
 N2      1562      0.50000      0.01000      0.51000       9.97039315E-01
 N2      1563      0.50000      0.00857      0.50857       9.97039628E-01
 N2      1564      0.50000      0.00714      0.50714       9.97039894E-01
 N2      1565      0.50000      0.00571      0.50571       9.97040111E-01
 N2      1566      0.50000      0.00429      0.50429       9.97040280E-01
 N2      1567      0.50000      0.00286      0.50286       9.97040400E-01
 N2      1568      0.50000      0.00143      0.50143       9.97040473E-01
 N2      1569      0.50000      0.00000      0.50000       9.97040497E-01
 
